time=2026-05-03T17:34:37.381+05:30 level=INFO msg="database connected"
time=2026-05-03T17:34:37.382+05:30 level=INFO msg="starting server" addr=:8080 env=development
time=2026-05-03T17:34:42.902+05:30 level=INFO msg=request method=POST path=/api/v1/auth/login status=200 duration_ms=57 request_id=2b16d9a9-cbdf-47b6-943b-8356192da3d2
time=2026-05-03T17:34:42.916+05:30 level=INFO msg=request method=GET path=/api/v1/competition/leaderboard status=200 duration_ms=6 request_id=26fd075d-a72c-4f7c-9cc7-4332f88f1533
time=2026-05-03T17:34:45.865+05:30 level=INFO msg=request method=POST path=/api/v1/auth/login status=200 duration_ms=54 request_id=78cf82c1-cfb5-4772-922c-7e017e73e9b4
time=2026-05-03T17:34:45.875+05:30 level=INFO msg=request method=GET path=/api/v1/competition/leaderboard status=200 duration_ms=3 request_id=5e623177-1bba-4724-92d8-e5264ee9ec3f
time=2026-05-03T17:41:29.692+05:30 level=INFO msg=request method=POST path=/api/v1/auth/login status=200 duration_ms=52 request_id=9293893e-7b65-4d9b-ab3c-d2567ee029d1
time=2026-05-03T17:41:29.748+05:30 level=INFO msg=request method=POST path=/api/v1/auth/login status=200 duration_ms=47 request_id=a35d98f8-2d2b-4ec8-95d2-77b78b1d772f
time=2026-05-03T17:41:29.803+05:30 level=INFO msg=request method=POST path=/api/v1/auth/login status=401 duration_ms=47 request_id=608944f3-42da-4ba3-a923-71493d392544
time=2026-05-03T17:41:29.811+05:30 level=INFO msg=request method=GET path=/api/v1/auth/me status=200 duration_ms=0 request_id=94e5b86a-76a2-43c4-9c5e-d1f4ebb6fd4d
time=2026-05-03T17:41:29.816+05:30 level=INFO msg=request method=GET path=/api/v1/auth/me status=401 duration_ms=0 request_id=6770ce80-2c88-4b7f-8d68-f8f5dbf6b3bb
time=2026-05-03T17:41:29.832+05:30 level=INFO msg=request method=GET path=/api/v1/outlets/112847 status=200 duration_ms=8 request_id=3b15b2d1-b5ff-4520-a76a-22c629d99982
time=2026-05-03T17:41:29.841+05:30 level=INFO msg=request method=GET path=/api/v1/outlets/999999 status=404 duration_ms=0 request_id=750e1cbf-2d87-4fe0-ad47-e2b3ab8a2335
time=2026-05-03T17:41:29.850+05:30 level=INFO msg=request method=GET path=/api/v1/outlets/112847/performance status=200 duration_ms=4 request_id=022b1909-3abc-4bed-8116-ed5953671dc5
time=2026-05-03T17:41:30.143+05:30 level=INFO msg=request method=POST path=/api/v1/auth/login status=200 duration_ms=49 request_id=18443cb0-2f28-4ea6-84a0-21dc65be0ca9
time=2026-05-03T17:41:30.155+05:30 level=INFO msg=request method=GET path=/api/v1/outlets/112847/performance status=200 duration_ms=2 request_id=804fade0-2338-4809-bb07-20a6b66e6a47
time=2026-05-03T17:41:30.461+05:30 level=INFO msg=request method=POST path=/api/v1/auth/login status=200 duration_ms=49 request_id=24d94cde-4f0f-4f66-986c-69622f100a92
time=2026-05-03T17:41:30.473+05:30 level=INFO msg=request method=GET path=/api/v1/outlets/112847/performance status=200 duration_ms=3 request_id=62b0212c-b5fb-48f4-bd85-36a8e9412e1b
time=2026-05-03T17:41:30.732+05:30 level=INFO msg=request method=POST path=/api/v1/auth/login status=429 duration_ms=0 request_id=2b7795af-d9b5-4e9b-a267-559089c64c02
time=2026-05-03T17:41:43.784+05:30 level=INFO msg=request method=POST path=/api/v1/auth/login status=200 duration_ms=56 request_id=b99efc9f-0a2e-443b-ba54-39fad8a90ed7
time=2026-05-03T17:41:43.805+05:30 level=INFO msg=request method=GET path=/api/v1/territory/outlets status=200 duration_ms=17 request_id=7d457e93-6cc0-4dff-bc05-f21c61dabd03
time=2026-05-03T17:41:43.821+05:30 level=INFO msg=request method=GET path=/api/v1/outlets/112386/performance status=200 duration_ms=2 request_id=3e822470-6caa-4786-9918-784aa7d25392
time=2026-05-03T17:41:43.824+05:30 level=INFO msg=request method=GET path=/api/v1/outlets/255872/performance status=200 duration_ms=5 request_id=2277cf65-491b-4b9b-944c-7e7e83ceb369
time=2026-05-03T17:41:43.834+05:30 level=INFO msg=request method=GET path=/api/v1/outlets/112417/performance status=429 duration_ms=0 request_id=93ff44b2-cec9-4746-81ab-93135615e50b
time=2026-05-03T17:41:43.834+05:30 level=INFO msg=request method=GET path=/api/v1/outlets/127090/performance status=429 duration_ms=0 request_id=751d3725-3e55-4731-af3b-67c118ef264c
time=2026-05-03T17:41:43.834+05:30 level=INFO msg=request method=GET path=/api/v1/outlets/112438/performance status=429 duration_ms=0 request_id=d13691ea-7e6b-43ec-bab8-2b99eee4f4f3
time=2026-05-03T17:41:43.834+05:30 level=INFO msg=request method=GET path=/api/v1/outlets/112431/performance status=429 duration_ms=0 request_id=9f34112f-2aef-45d5-9469-865c0bcc93a7
time=2026-05-03T17:41:43.834+05:30 level=INFO msg=request method=GET path=/api/v1/outlets/113234/performance status=429 duration_ms=0 request_id=40a782d7-eab1-4769-9e11-b17d4928ab3e
time=2026-05-03T17:41:43.834+05:30 level=INFO msg=request method=GET path=/api/v1/outlets/244099/performance status=429 duration_ms=0 request_id=3f116ed1-2038-4667-82b9-d512b00c7e29
time=2026-05-03T17:41:43.834+05:30 level=INFO msg=request method=GET path=/api/v1/outlets/111456/performance status=429 duration_ms=0 request_id=3c077faf-d312-4c81-825b-e0f6da3be86f
time=2026-05-03T17:41:43.834+05:30 level=INFO msg=request method=GET path=/api/v1/outlets/112441/performance status=429 duration_ms=0 request_id=30da5c45-31ce-4f1e-be03-e603ec6d4421
time=2026-05-03T17:41:43.834+05:30 level=INFO msg=request method=GET path=/api/v1/outlets/112847/performance status=429 duration_ms=0 request_id=120f5c7a-7d8d-45fa-ba8a-bad8e9eb0341
time=2026-05-03T17:41:43.834+05:30 level=INFO msg=request method=GET path=/api/v1/outlets/118345/performance status=429 duration_ms=0 request_id=9fbcf524-c597-456e-83c5-d1623256a3d8
time=2026-05-03T17:41:43.834+05:30 level=INFO msg=request method=GET path=/api/v1/outlets/112457/performance status=429 duration_ms=0 request_id=5b74c0dc-e41c-44a6-ab80-b0f0f93c0504
time=2026-05-03T17:41:43.834+05:30 level=INFO msg=request method=GET path=/api/v1/outlets/113890/performance status=429 duration_ms=0 request_id=36e0e595-c479-46f8-b19d-7ce5b85bcd55
time=2026-05-03T17:41:43.834+05:30 level=INFO msg=request method=GET path=/api/v1/outlets/119876/performance status=429 duration_ms=0 request_id=a631360e-af6b-48ec-ab32-33d158fa954a
time=2026-05-03T17:41:43.834+05:30 level=INFO msg=request method=GET path=/api/v1/outlets/107634/performance status=429 duration_ms=0 request_id=c0341da8-347b-4d7d-aaf4-4c42b3cdb5a8
time=2026-05-03T17:41:43.834+05:30 level=INFO msg=request method=GET path=/api/v1/outlets/236924/performance status=429 duration_ms=0 request_id=4bbabe63-1a95-4bd5-b1fa-6c2c5caa8a54
time=2026-05-03T17:41:43.834+05:30 level=INFO msg=request method=GET path=/api/v1/outlets/112462/performance status=429 duration_ms=0 request_id=5c25f620-d876-4a4c-8118-a2337519bc57
time=2026-05-03T17:41:43.834+05:30 level=INFO msg=request method=GET path=/api/v1/outlets/112387/performance status=429 duration_ms=0 request_id=28083bab-8399-4fee-9bf8-1c4b0b0b1149
time=2026-05-03T17:41:43.834+05:30 level=INFO msg=request method=GET path=/api/v1/outlets/112012/performance status=429 duration_ms=0 request_id=9cb2e105-220a-4155-ad6a-008a297b0a45
time=2026-05-03T17:41:43.834+05:30 level=INFO msg=request method=GET path=/api/v1/outlets/112383/performance status=429 duration_ms=0 request_id=9ffa8640-d0cd-467e-849e-60820d3eadec
time=2026-05-03T17:41:43.834+05:30 level=INFO msg=request method=GET path=/api/v1/outlets/112448/performance status=429 duration_ms=0 request_id=648ac98a-5bac-4958-9a44-6f0cdd37ec3d
time=2026-05-03T17:41:43.834+05:30 level=INFO msg=request method=GET path=/api/v1/outlets/112392/performance status=429 duration_ms=0 request_id=278ab8d8-eb1e-457b-8615-42cc771d7337
time=2026-05-03T17:41:43.834+05:30 level=INFO msg=request method=GET path=/api/v1/outlets/131712/performance status=429 duration_ms=0 request_id=2089ba17-9f36-46f4-a030-97cdcf80025a
time=2026-05-03T17:41:43.834+05:30 level=INFO msg=request method=GET path=/api/v1/outlets/112391/performance status=429 duration_ms=0 request_id=104ca53e-a0fe-4f70-9006-39c29a244d8f
time=2026-05-03T17:41:43.834+05:30 level=INFO msg=request method=GET path=/api/v1/outlets/250828/performance status=429 duration_ms=0 request_id=a84c2d67-bd37-46a1-9346-c97cf15468c5
time=2026-05-03T17:41:43.834+05:30 level=INFO msg=request method=GET path=/api/v1/outlets/113456/performance status=429 duration_ms=0 request_id=0d1b02e5-8ba7-46fd-83a1-095c9582e4ac
time=2026-05-03T17:41:43.834+05:30 level=INFO msg=request method=GET path=/api/v1/outlets/112460/performance status=429 duration_ms=0 request_id=d3291c61-7e73-4cd3-b0e1-c8f12253915e
time=2026-05-03T17:41:43.834+05:30 level=INFO msg=request method=GET path=/api/v1/outlets/112401/performance status=429 duration_ms=0 request_id=35f86684-a3a8-4c27-98ec-af0c33ae1ac6
time=2026-05-03T17:41:43.835+05:30 level=INFO msg=request method=GET path=/api/v1/outlets/129151/performance status=429 duration_ms=0 request_id=95b13ebf-e255-4dc8-85f0-aa6180fd6365
time=2026-05-03T17:41:43.835+05:30 level=INFO msg=request method=GET path=/api/v1/outlets/112345/performance status=429 duration_ms=0 request_id=5c0367d9-1076-4e8f-9d9c-13a9e3c35356
time=2026-05-03T17:41:43.834+05:30 level=INFO msg=request method=GET path=/api/v1/outlets/111234/performance status=429 duration_ms=0 request_id=7a7a1aad-9997-4b3e-905e-e553014451d3
time=2026-05-03T17:41:43.835+05:30 level=INFO msg=request method=GET path=/api/v1/outlets/112397/performance status=429 duration_ms=0 request_id=d67d1eb3-2a3b-4199-9675-13a5d693aa93
time=2026-05-03T17:41:43.834+05:30 level=INFO msg=request method=GET path=/api/v1/outlets/112456/performance status=429 duration_ms=0 request_id=c97c54f1-a4a5-4740-933d-09b674c680f9
time=2026-05-03T17:41:43.834+05:30 level=INFO msg=request method=GET path=/api/v1/outlets/110234/performance status=429 duration_ms=0 request_id=c76e0a32-3003-4020-9a40-305e4eaeae9f
time=2026-05-03T17:41:43.834+05:30 level=INFO msg=request method=GET path=/api/v1/outlets/112450/performance status=429 duration_ms=0 request_id=df999677-c49f-4372-abce-a056e64e898f
time=2026-05-03T17:41:43.835+05:30 level=INFO msg=request method=GET path=/api/v1/outlets/112444/performance status=429 duration_ms=0 request_id=318ff516-3bbb-4ae8-800c-082cfdc27e2d
time=2026-05-03T17:41:43.835+05:30 level=INFO msg=request method=GET path=/api/v1/outlets/112434/performance status=429 duration_ms=0 request_id=33a85e4e-9970-4086-ba01-677893bda266
time=2026-05-03T17:41:43.835+05:30 level=INFO msg=request method=GET path=/api/v1/outlets/157172/performance status=429 duration_ms=0 request_id=dfaf33cd-c345-4d9a-be67-2c7eac001ef0
time=2026-05-03T17:41:43.835+05:30 level=INFO msg=request method=GET path=/api/v1/outlets/112398/performance status=429 duration_ms=0 request_id=3a6278c3-1c4d-4983-9d97-c74cdaa6abd1
time=2026-05-03T17:41:43.835+05:30 level=INFO msg=request method=GET path=/api/v1/outlets/108923/performance status=429 duration_ms=0 request_id=ce4f74de-a811-49f0-bac8-50a0b0f565d4
time=2026-05-03T17:41:43.835+05:30 level=INFO msg=request method=GET path=/api/v1/outlets/112393/performance status=429 duration_ms=0 request_id=64d37ab2-a85a-4803-a77a-63ee7fc30fad
time=2026-05-03T17:41:43.834+05:30 level=INFO msg=request method=GET path=/api/v1/outlets/112458/performance status=429 duration_ms=0 request_id=0de56437-fff3-4c9e-ae28-fde99bea5181
time=2026-05-03T17:41:43.835+05:30 level=INFO msg=request method=GET path=/api/v1/outlets/112429/performance status=429 duration_ms=0 request_id=4e38c6b9-13f4-4376-988a-3bc30153e489
time=2026-05-03T17:41:43.835+05:30 level=INFO msg=request method=GET path=/api/v1/outlets/156837/performance status=429 duration_ms=0 request_id=e5e6b192-e83d-48b4-b7d5-4db82ed246cb
time=2026-05-03T17:41:43.835+05:30 level=INFO msg=request method=GET path=/api/v1/outlets/112436/performance status=429 duration_ms=0 request_id=5e3e4e2d-26d7-4462-afef-301c61f147e4
time=2026-05-03T17:41:43.835+05:30 level=INFO msg=request method=GET path=/api/v1/outlets/112445/performance status=429 duration_ms=0 request_id=a24f2986-3271-4b71-865b-8650004be870
time=2026-05-03T17:41:43.835+05:30 level=INFO msg=request method=GET path=/api/v1/outlets/114234/performance status=429 duration_ms=0 request_id=84711bbb-aa64-4d0e-935b-eb9fffa4c49b
time=2026-05-03T17:41:43.835+05:30 level=INFO msg=request method=GET path=/api/v1/outlets/112453/performance status=429 duration_ms=0 request_id=c4784a5b-1f01-4210-8aff-cc1d6cdf5018
time=2026-05-03T17:41:43.835+05:30 level=INFO msg=request method=GET path=/api/v1/outlets/151186/performance status=429 duration_ms=0 request_id=4b4a1f36-f8c8-4a98-9943-49a15a421618
time=2026-05-03T17:41:43.835+05:30 level=INFO msg=request method=GET path=/api/v1/outlets/112789/performance status=429 duration_ms=0 request_id=f9713227-8acc-4c05-a7b5-3865ca6283d7
time=2026-05-03T17:41:43.835+05:30 level=INFO msg=request method=GET path=/api/v1/outlets/112454/performance status=429 duration_ms=0 request_id=9033e69e-be71-4d66-88e9-088cd8ad1057
time=2026-05-03T17:41:43.835+05:30 level=INFO msg=request method=GET path=/api/v1/outlets/148413/performance status=429 duration_ms=0 request_id=c82ad3ec-ced3-4c14-9c68-97a3827689fa
time=2026-05-03T17:41:43.835+05:30 level=INFO msg=request method=GET path=/api/v1/outlets/112407/performance status=429 duration_ms=0 request_id=e324a6b7-812d-491b-8b7f-427f559492d1
time=2026-05-03T17:41:43.835+05:30 level=INFO msg=request method=GET path=/api/v1/outlets/168006/performance status=429 duration_ms=0 request_id=521021c8-82f8-4e93-9f7c-2a897b61a2e0
time=2026-05-03T17:41:43.835+05:30 level=INFO msg=request method=GET path=/api/v1/outlets/109251/performance status=429 duration_ms=0 request_id=61f913fc-0b39-4c8e-9069-a67bea91f0ca
time=2026-05-03T17:41:43.835+05:30 level=INFO msg=request method=GET path=/api/v1/outlets/112415/performance status=429 duration_ms=0 request_id=b4d01797-12ee-477f-959e-ed532e19eda9
time=2026-05-03T17:41:43.835+05:30 level=INFO msg=request method=GET path=/api/v1/outlets/118012/performance status=429 duration_ms=0 request_id=deacb9c7-45cf-448b-8a85-01271659705a
time=2026-05-03T17:41:43.835+05:30 level=INFO msg=request method=GET path=/api/v1/outlets/117890/performance status=429 duration_ms=0 request_id=47cc0569-21f2-4034-87b8-589ddb205a38
time=2026-05-03T17:41:43.835+05:30 level=INFO msg=request method=GET path=/api/v1/outlets/128472/performance status=429 duration_ms=0 request_id=21387776-eb70-46f3-a7fb-8bc7ebc75d15
time=2026-05-03T17:41:43.835+05:30 level=INFO msg=request method=GET path=/api/v1/outlets/112385/performance status=429 duration_ms=0 request_id=92b1ba13-d740-4aea-aec2-329b2bf3bacd
time=2026-05-03T17:41:43.835+05:30 level=INFO msg=request method=GET path=/api/v1/outlets/112389/performance status=429 duration_ms=0 request_id=c4b939b6-eaaa-4a47-a396-0d4b83284b68
time=2026-05-03T17:41:43.835+05:30 level=INFO msg=request method=GET path=/api/v1/outlets/115634/performance status=429 duration_ms=0 request_id=0865286c-5e0b-4135-977e-8df22885d06f
time=2026-05-03T17:41:43.835+05:30 level=INFO msg=request method=GET path=/api/v1/outlets/116456/performance status=429 duration_ms=0 request_id=faaf78a5-8841-4a86-98f4-394ba459afff
time=2026-05-03T17:41:43.835+05:30 level=INFO msg=request method=GET path=/api/v1/outlets/112395/performance status=429 duration_ms=0 request_id=1f8f2b3f-503a-4ef8-a456-81c172b7e5b9
time=2026-05-03T17:41:43.835+05:30 level=INFO msg=request method=GET path=/api/v1/outlets/108765/performance status=429 duration_ms=0 request_id=a85bccdd-4c3a-4d3b-8087-18e611002a3e
time=2026-05-03T17:41:43.835+05:30 level=INFO msg=request method=GET path=/api/v1/outlets/149238/performance status=429 duration_ms=0 request_id=82bc26b8-6681-4d2f-9365-3fa35e3f7545
time=2026-05-03T17:41:43.835+05:30 level=INFO msg=request method=GET path=/api/v1/outlets/147286/performance status=429 duration_ms=0 request_id=ea8a361b-78b0-40c4-8bd0-4c7d9ee5c24f
time=2026-05-03T17:41:43.835+05:30 level=INFO msg=request method=GET path=/api/v1/outlets/198751/performance status=429 duration_ms=0 request_id=bac2e7ff-c73c-495c-8ca9-2d5ed607b43d
time=2026-05-03T17:41:43.835+05:30 level=INFO msg=request method=GET path=/api/v1/outlets/123784/performance status=429 duration_ms=0 request_id=856192d5-27bc-4772-9a1b-15deb53b0f19
time=2026-05-03T17:41:43.835+05:30 level=INFO msg=request method=GET path=/api/v1/outlets/112403/performance status=429 duration_ms=0 request_id=dca3de9d-27cf-4d09-ba63-504248179bed
time=2026-05-03T17:41:43.835+05:30 level=INFO msg=request method=GET path=/api/v1/outlets/119012/performance status=429 duration_ms=0 request_id=a3886e14-d26a-477e-a629-68a411d06a57
time=2026-05-03T17:41:43.835+05:30 level=INFO msg=request method=GET path=/api/v1/outlets/136152/performance status=429 duration_ms=0 request_id=14dbf068-6f35-484e-ad4c-3f52cc454827
time=2026-05-03T17:41:43.835+05:30 level=INFO msg=request method=GET path=/api/v1/outlets/112384/performance status=429 duration_ms=0 request_id=57b5907d-0eb2-45f5-911d-03ed362ecff4
time=2026-05-03T17:41:43.835+05:30 level=INFO msg=request method=GET path=/api/v1/outlets/167171/performance status=429 duration_ms=0 request_id=ae949f87-926d-4cf9-8a6c-a2da60ba6c80
time=2026-05-03T17:41:43.835+05:30 level=INFO msg=request method=GET path=/api/v1/outlets/112412/performance status=429 duration_ms=0 request_id=d1963b68-64c6-407a-aeb2-266895aba529
time=2026-05-03T17:41:43.835+05:30 level=INFO msg=request method=GET path=/api/v1/outlets/112446/performance status=429 duration_ms=0 request_id=556989eb-ddcc-4ba5-956a-3fdd7dd33a46
time=2026-05-03T17:41:43.835+05:30 level=INFO msg=request method=GET path=/api/v1/outlets/112420/performance status=429 duration_ms=0 request_id=64fb414d-8aec-4525-9a0e-05fb66fc76d2
time=2026-05-03T17:41:43.835+05:30 level=INFO msg=request method=GET path=/api/v1/outlets/198868/performance status=429 duration_ms=0 request_id=23f77670-cb38-4bd3-a67f-f6ee57890fd0
time=2026-05-03T17:41:43.835+05:30 level=INFO msg=request method=GET path=/api/v1/outlets/200922/performance status=200 duration_ms=2 request_id=ee81e234-ed05-48d9-9da2-dd1f3be6f64f
time=2026-05-03T17:41:43.835+05:30 level=INFO msg=request method=GET path=/api/v1/outlets/112419/performance status=429 duration_ms=0 request_id=e95f3952-63a9-4d90-bea7-f0ba1873aa99
time=2026-05-03T17:41:43.835+05:30 level=INFO msg=request method=GET path=/api/v1/outlets/112414/performance status=200 duration_ms=1 request_id=06f0d315-281c-4945-bf57-dd4935deae1c
time=2026-05-03T17:41:43.835+05:30 level=INFO msg=request method=GET path=/api/v1/outlets/112402/performance status=429 duration_ms=0 request_id=578d28c3-2658-4b87-8441-ba8f54d4ef13
time=2026-05-03T17:41:43.835+05:30 level=INFO msg=request method=GET path=/api/v1/outlets/112416/performance status=429 duration_ms=0 request_id=deda2710-32d4-4eac-a288-c2f09ad03f60
time=2026-05-03T17:41:43.835+05:30 level=INFO msg=request method=GET path=/api/v1/outlets/112418/performance status=429 duration_ms=0 request_id=2b66f8ba-600b-4aaf-8168-ab74cb16e510
time=2026-05-03T17:41:43.835+05:30 level=INFO msg=request method=GET path=/api/v1/outlets/118901/performance status=429 duration_ms=0 request_id=90e79fab-6b36-48e9-86f0-3aa206a5514d
time=2026-05-03T17:41:43.835+05:30 level=INFO msg=request method=GET path=/api/v1/outlets/115789/performance status=429 duration_ms=0 request_id=4b8b4c4f-4205-4188-9b85-c0b70bfbfd0c
time=2026-05-03T17:41:43.836+05:30 level=INFO msg=request method=GET path=/api/v1/outlets/112411/performance status=429 duration_ms=0 request_id=2c94bddf-13bd-4ff1-b266-e7815c1d83f3
time=2026-05-03T17:41:43.835+05:30 level=INFO msg=request method=GET path=/api/v1/outlets/118567/performance status=429 duration_ms=0 request_id=8396b2b5-bd24-4eae-8900-c0b97d9adadf
time=2026-05-03T17:41:43.836+05:30 level=INFO msg=request method=GET path=/api/v1/outlets/112422/performance status=429 duration_ms=0 request_id=f452e491-5f23-40d9-80d2-b13725b7ae02
time=2026-05-03T17:41:43.836+05:30 level=INFO msg=request method=GET path=/api/v1/outlets/115012/performance status=429 duration_ms=0 request_id=0e9d9e03-2e12-4377-b2c7-ae321a526151
time=2026-05-03T17:41:43.836+05:30 level=INFO msg=request method=GET path=/api/v1/outlets/112424/performance status=429 duration_ms=0 request_id=5b128292-64f7-41e6-8d4d-e4a7d4af1353
time=2026-05-03T17:41:43.836+05:30 level=INFO msg=request method=GET path=/api/v1/outlets/112425/performance status=429 duration_ms=0 request_id=9453d8f4-cc6a-44da-be7d-85e311c0b9e9
time=2026-05-03T17:41:43.836+05:30 level=INFO msg=request method=GET path=/api/v1/outlets/144329/performance status=200 duration_ms=2 request_id=1c72067e-7fe0-4764-b1d6-bc8dabc03fe7
time=2026-05-03T17:41:43.836+05:30 level=INFO msg=request method=GET path=/api/v1/outlets/112437/performance status=429 duration_ms=0 request_id=b082aebd-df47-4172-93d4-545e9f318efb
time=2026-05-03T17:41:43.836+05:30 level=INFO msg=request method=GET path=/api/v1/outlets/112428/performance status=429 duration_ms=0 request_id=a56ef041-f80d-4c1f-8151-cd540716d096
time=2026-05-03T17:41:43.836+05:30 level=INFO msg=request method=GET path=/api/v1/outlets/114678/performance status=429 duration_ms=0 request_id=c4284f38-a955-4b5f-ba77-8f9c111df96e
time=2026-05-03T17:41:43.836+05:30 level=INFO msg=request method=GET path=/api/v1/outlets/112440/performance status=429 duration_ms=0 request_id=81c2e686-e111-40ae-8176-2778ecebdd05
time=2026-05-03T17:41:43.836+05:30 level=INFO msg=request method=GET path=/api/v1/outlets/112443/performance status=429 duration_ms=0 request_id=eef45737-bb1e-4603-87ee-03c15be46226
time=2026-05-03T17:41:43.836+05:30 level=INFO msg=request method=GET path=/api/v1/outlets/111789/performance status=429 duration_ms=0 request_id=dc2efcd1-535b-484d-9d3a-246837539058
time=2026-05-03T17:41:43.836+05:30 level=INFO msg=request method=GET path=/api/v1/outlets/112442/performance status=429 duration_ms=0 request_id=ea3bb953-64f0-41b7-8c9a-64e8ff0d7fe5
time=2026-05-03T17:41:43.836+05:30 level=INFO msg=request method=GET path=/api/v1/outlets/163708/performance status=429 duration_ms=0 request_id=288deb31-f14d-4e23-a893-1b42029bff71
time=2026-05-03T17:41:43.836+05:30 level=INFO msg=request method=GET path=/api/v1/outlets/112439/performance status=429 duration_ms=0 request_id=ad49d27a-5040-4386-891f-1211487d7a63
time=2026-05-03T17:41:43.836+05:30 level=INFO msg=request method=GET path=/api/v1/outlets/114521/performance status=429 duration_ms=0 request_id=e67f86ea-8c3c-448b-bcd5-3ce392598a2a
time=2026-05-03T17:41:43.836+05:30 level=INFO msg=request method=GET path=/api/v1/outlets/112461/performance status=429 duration_ms=0 request_id=aae5f074-9f2c-410a-a110-1eb05d44b7bc
time=2026-05-03T17:41:43.836+05:30 level=INFO msg=request method=GET path=/api/v1/outlets/117234/performance status=429 duration_ms=0 request_id=1a43324b-ffad-411e-ac32-cdaab191a4f7
time=2026-05-03T17:41:43.836+05:30 level=INFO msg=request method=GET path=/api/v1/outlets/116890/performance status=429 duration_ms=0 request_id=23fc4d2a-f145-4b9f-9083-ea4aa6310fee
time=2026-05-03T17:41:43.836+05:30 level=INFO msg=request method=GET path=/api/v1/outlets/113782/performance status=429 duration_ms=0 request_id=f5f31eaa-6c1e-41c4-ad2c-58ba533600ab
time=2026-05-03T17:41:43.836+05:30 level=INFO msg=request method=GET path=/api/v1/outlets/112410/performance status=429 duration_ms=0 request_id=c66c10b6-1ddc-4e68-b449-3f8be354bf0c
time=2026-05-03T17:41:43.836+05:30 level=INFO msg=request method=GET path=/api/v1/outlets/112408/performance status=429 duration_ms=0 request_id=6dad510c-0fc0-4d4f-8d70-5613d4de3a9c
time=2026-05-03T17:41:43.836+05:30 level=INFO msg=request method=GET path=/api/v1/outlets/112404/performance status=429 duration_ms=0 request_id=4c750f24-c4eb-4556-b479-ff124ef3bf36
time=2026-05-03T17:41:43.836+05:30 level=INFO msg=request method=GET path=/api/v1/outlets/256507/performance status=429 duration_ms=0 request_id=52c6e7e7-fc66-4aad-93b5-878673f85163
time=2026-05-03T17:41:43.836+05:30 level=INFO msg=request method=GET path=/api/v1/outlets/112427/performance status=429 duration_ms=0 request_id=f876d941-8595-44b0-bbd6-2e77fb284816
time=2026-05-03T17:41:43.836+05:30 level=INFO msg=request method=GET path=/api/v1/outlets/116789/performance status=429 duration_ms=0 request_id=bb7c3042-cee9-4b90-b271-157b3d50186c
time=2026-05-03T17:41:43.836+05:30 level=INFO msg=request method=GET path=/api/v1/outlets/116123/performance status=429 duration_ms=0 request_id=764cdc86-cd27-44d2-be7c-f8dcc1f41615
time=2026-05-03T17:41:43.836+05:30 level=INFO msg=request method=GET path=/api/v1/outlets/163741/performance status=429 duration_ms=0 request_id=160fd0de-5c81-4ee4-a1db-4bdd7fcc1e53
time=2026-05-03T17:41:43.836+05:30 level=INFO msg=request method=GET path=/api/v1/outlets/112459/performance status=429 duration_ms=0 request_id=9482380f-957a-49a4-8faf-d07c9ccccfdd
time=2026-05-03T17:41:43.836+05:30 level=INFO msg=request method=GET path=/api/v1/outlets/112435/performance status=429 duration_ms=0 request_id=50f2d933-010c-4398-9f82-45dcf8fdb1e0
time=2026-05-03T17:41:43.836+05:30 level=INFO msg=request method=GET path=/api/v1/outlets/144348/performance status=429 duration_ms=0 request_id=45a20f6a-1c5d-4d70-bc58-d583d124c5a0
time=2026-05-03T17:41:43.836+05:30 level=INFO msg=request method=GET path=/api/v1/outlets/110567/performance status=429 duration_ms=0 request_id=d2ee2ac1-97d3-402c-8863-7ba3b5aedbc0
time=2026-05-03T17:41:43.836+05:30 level=INFO msg=request method=GET path=/api/v1/outlets/147087/performance status=429 duration_ms=0 request_id=e6c56da6-d289-45c3-94fc-ae6473e9fd0e
time=2026-05-03T17:41:43.836+05:30 level=INFO msg=request method=GET path=/api/v1/outlets/112466/performance status=429 duration_ms=0 request_id=ec748316-11cd-4592-86d9-118b2b72cd20
time=2026-05-03T17:41:43.836+05:30 level=INFO msg=request method=GET path=/api/v1/outlets/112455/performance status=429 duration_ms=0 request_id=3943b742-119e-477b-9cfa-f26221b0b059
time=2026-05-03T17:41:43.842+05:30 level=INFO msg=request method=GET path=/api/v1/outlets/112390/performance status=200 duration_ms=8 request_id=1057fca3-c239-42c2-9d40-9583d5009e15
time=2026-05-03T17:41:43.842+05:30 level=INFO msg=request method=GET path=/api/v1/outlets/109678/performance status=200 duration_ms=8 request_id=91bc3d36-3cca-4b19-9338-e9bb5c1d680f
time=2026-05-03T17:41:43.842+05:30 level=INFO msg=request method=GET path=/api/v1/outlets/115901/performance status=200 duration_ms=8 request_id=d9bd33a0-dd5f-406e-b300-8c977e768fb6
time=2026-05-03T17:41:43.842+05:30 level=INFO msg=request method=GET path=/api/v1/outlets/117567/performance status=200 duration_ms=8 request_id=352b03cb-6513-4c3c-a59e-6dea1745d084
time=2026-05-03T17:41:43.844+05:30 level=INFO msg=request method=GET path=/api/v1/outlets/146411/performance status=429 duration_ms=0 request_id=f2c65517-d13d-45c4-92b6-1dd7cf5c5c51
time=2026-05-03T17:41:43.844+05:30 level=INFO msg=request method=GET path=/api/v1/outlets/112451/performance status=429 duration_ms=0 request_id=448df2cd-8393-4388-9940-c21274483b7e
time=2026-05-03T17:41:43.844+05:30 level=INFO msg=request method=GET path=/api/v1/outlets/119456/performance status=429 duration_ms=0 request_id=7c5b4afa-c644-4670-a205-02b2ab44a2a6
time=2026-05-03T17:41:43.844+05:30 level=INFO msg=request method=GET path=/api/v1/outlets/149412/performance status=429 duration_ms=0 request_id=f8e041f3-29f6-48cc-a64c-f274ac9ec1b6
time=2026-05-03T17:41:44.102+05:30 level=INFO msg=request method=POST path=/api/v1/auth/login status=429 duration_ms=0 request_id=14531730-67d9-4b62-828a-6655404cb30b
time=2026-05-03T17:41:44.399+05:30 level=INFO msg=request method=POST path=/api/v1/auth/login status=200 duration_ms=52 request_id=06038799-8699-42b3-a18d-666f93d17ded
time=2026-05-03T17:41:44.408+05:30 level=INFO msg=request method=POST path=/api/v1/auth/login status=429 duration_ms=0 request_id=0c370c2e-c166-4e8c-a71b-b0538623535d
time=2026-05-03T17:41:44.675+05:30 level=INFO msg=request method=POST path=/api/v1/auth/login status=429 duration_ms=0 request_id=9ebe82cd-4126-492e-a3fc-2c54970b5246
time=2026-05-03T17:41:47.645+05:30 level=INFO msg=request method=OPTIONS path=/api/v1/auth/login status=204 duration_ms=0 request_id=c1ff314c-59f2-423f-9582-75a526fe238f
time=2026-05-03T17:41:47.698+05:30 level=INFO msg=request method=POST path=/api/v1/auth/login status=200 duration_ms=51 request_id=6ab10be9-5043-4afb-ae15-9b9b86e9d2d6
time=2026-05-03T17:41:51.510+05:30 level=INFO msg=request method=OPTIONS path=/api/v1/auth/login status=204 duration_ms=0 request_id=46f799e7-40df-452b-aa6c-4bcfd285684f
time=2026-05-03T17:41:51.563+05:30 level=INFO msg=request method=POST path=/api/v1/auth/login status=401 duration_ms=52 request_id=c4d0cf95-8855-4bf6-b4fa-826fb557846e
time=2026-05-03T17:41:54.611+05:30 level=INFO msg=request method=OPTIONS path=/api/v1/auth/login status=204 duration_ms=0 request_id=ea003db9-50da-4459-a9ad-5672d479487b
time=2026-05-03T17:41:54.664+05:30 level=INFO msg=request method=POST path=/api/v1/auth/login status=200 duration_ms=52 request_id=94cf37c2-80fc-471f-9d9f-f05d85d736f3
time=2026-05-03T17:41:58.411+05:30 level=INFO msg=request method=OPTIONS path=/api/v1/auth/login status=204 duration_ms=0 request_id=ee58a20a-cd86-4519-8fc7-93781e78a9e6
time=2026-05-03T17:41:58.465+05:30 level=INFO msg=request method=POST path=/api/v1/auth/login status=200 duration_ms=53 request_id=2efd8b62-335e-4bdb-b34e-14246e49b672
time=2026-05-03T17:42:03.850+05:30 level=INFO msg=request method=POST path=/api/v1/auth/login status=200 duration_ms=49 request_id=e6d643b5-8266-47a8-981d-fba663bd22b7
time=2026-05-03T17:42:03.861+05:30 level=INFO msg=request method=GET path=/api/v1/competition/leaderboard status=200 duration_ms=7 request_id=b96ce44b-0897-4526-b255-96045c678062
time=2026-05-03T17:42:03.920+05:30 level=INFO msg=request method=POST path=/api/v1/auth/login status=200 duration_ms=49 request_id=030f899b-8982-4fc8-8208-f7d9830b2ad4
time=2026-05-03T17:42:03.924+05:30 level=INFO msg=request method=GET path=/api/v1/competition/leaderboard status=200 duration_ms=3 request_id=adc1de97-5781-4383-bff3-9b4f15651a23
time=2026-05-03T17:42:04.712+05:30 level=INFO msg=request method=OPTIONS path=/api/v1/auth/login status=204 duration_ms=0 request_id=aef994a1-6680-4253-ac3e-59c4a5c09bd9
time=2026-05-03T17:42:04.764+05:30 level=INFO msg=request method=POST path=/api/v1/auth/login status=200 duration_ms=51 request_id=44b5bfe4-4fb1-4235-a1b5-b727bc9cea60
time=2026-05-03T17:42:07.762+05:30 level=INFO msg=request method=OPTIONS path=/api/v1/outlets/112847 status=204 duration_ms=0 request_id=91eab869-0eb5-4041-ad20-3ab91d518952
time=2026-05-03T17:42:07.762+05:30 level=INFO msg=request method=OPTIONS path=/api/v1/outlets/112847/performance status=204 duration_ms=0 request_id=d3948403-9e40-4206-8a2e-be2b527d47c4
time=2026-05-03T17:42:07.765+05:30 level=INFO msg=request method=GET path=/api/v1/outlets/112847/performance status=200 duration_ms=1 request_id=349cec1b-f212-4faa-9801-a88ee7a14fba
time=2026-05-03T17:42:07.766+05:30 level=INFO msg=request method=GET path=/api/v1/outlets/112847 status=200 duration_ms=2 request_id=c2d20a04-c71d-4452-af4e-0c711d039c27
time=2026-05-03T17:42:07.776+05:30 level=INFO msg=request method=OPTIONS path=/api/v1/outlets/112847/targets status=204 duration_ms=0 request_id=2209b9d5-1bf1-49d0-bcb7-9ce409352d6b
time=2026-05-03T17:42:07.778+05:30 level=INFO msg=request method=GET path=/api/v1/outlets/112847/targets status=200 duration_ms=1 request_id=34250b5f-b543-4aaa-b682-e2767bf8c37d
time=2026-05-03T17:42:07.779+05:30 level=INFO msg=request method=OPTIONS path=/api/v1/outlets/112847/analysis status=204 duration_ms=0 request_id=2b3755b7-5b58-4811-ad09-641c928e73ef
time=2026-05-03T17:42:07.779+05:30 level=INFO msg=request method=OPTIONS path=/api/v1/competition/leaderboard status=204 duration_ms=0 request_id=47d36b51-d1b8-466d-a338-ed4cae34e82b
time=2026-05-03T17:42:07.779+05:30 level=INFO msg=request method=OPTIONS path=/api/v1/competition/c0000000-0001-0001-0001-000000000001/market-share-status status=204 duration_ms=0 request_id=09d9e1a9-e5a2-47bb-af44-c262a266df45
time=2026-05-03T17:42:07.781+05:30 level=INFO msg=request method=GET path=/api/v1/outlets/112847/analysis status=200 duration_ms=2 request_id=5724e4e4-388a-4bfc-99c1-a13040bf5fe2
time=2026-05-03T17:42:07.783+05:30 level=INFO msg=request method=GET path=/api/v1/competition/leaderboard status=200 duration_ms=3 request_id=c5d3a237-c113-4fb8-b97b-9172083b6689
time=2026-05-03T17:42:07.786+05:30 level=INFO msg=request method=GET path=/api/v1/competition/c0000000-0001-0001-0001-000000000001/market-share-status status=200 duration_ms=5 request_id=0128b20a-c5d1-48c4-b584-93817e1c4059
time=2026-05-03T17:42:11.562+05:30 level=INFO msg=request method=OPTIONS path=/api/v1/auth/login status=204 duration_ms=0 request_id=578aadda-2b13-4165-8509-9ba6dcdc68df
time=2026-05-03T17:42:11.618+05:30 level=INFO msg=request method=POST path=/api/v1/auth/login status=200 duration_ms=55 request_id=fb75da6f-0e9e-4236-9f03-ca6843cadd6e
time=2026-05-03T17:42:14.612+05:30 level=INFO msg=request method=OPTIONS path=/api/v1/outlets/112847 status=204 duration_ms=0 request_id=3076d315-1008-46a6-a485-8336a44df43c
time=2026-05-03T17:42:14.612+05:30 level=INFO msg=request method=OPTIONS path=/api/v1/outlets/112847/performance status=204 duration_ms=0 request_id=c7e3155d-2217-43c7-97b7-3669a7baedf2
time=2026-05-03T17:42:14.615+05:30 level=INFO msg=request method=GET path=/api/v1/outlets/112847/performance status=200 duration_ms=1 request_id=1508e8f8-1da8-4d13-bc31-4e412761f509
time=2026-05-03T17:42:14.615+05:30 level=INFO msg=request method=GET path=/api/v1/outlets/112847 status=200 duration_ms=2 request_id=c991e049-00b1-444e-981b-e89d00302d17
time=2026-05-03T17:42:14.627+05:30 level=INFO msg=request method=OPTIONS path=/api/v1/outlets/112847/targets status=204 duration_ms=0 request_id=38f58b55-9a90-41d0-8fe5-10d175ad4d81
time=2026-05-03T17:42:14.629+05:30 level=INFO msg=request method=GET path=/api/v1/outlets/112847/targets status=200 duration_ms=1 request_id=19d9fea5-5a87-4b89-af65-63b073fdb235
time=2026-05-03T17:42:14.630+05:30 level=INFO msg=request method=OPTIONS path=/api/v1/outlets/112847/analysis status=204 duration_ms=0 request_id=78a2c76e-a2a4-4095-858d-e43f648977f9
time=2026-05-03T17:42:14.630+05:30 level=INFO msg=request method=OPTIONS path=/api/v1/competition/leaderboard status=204 duration_ms=0 request_id=ad1ed9b7-84f4-42f5-b0e1-956cc7ae8b8e
time=2026-05-03T17:42:14.630+05:30 level=INFO msg=request method=OPTIONS path=/api/v1/competition/c0000000-0001-0001-0001-000000000001/market-share-status status=204 duration_ms=0 request_id=b273f22e-a06e-4316-b3c0-5910c0806088
time=2026-05-03T17:42:14.632+05:30 level=INFO msg=request method=GET path=/api/v1/outlets/112847/analysis status=200 duration_ms=1 request_id=7c1a7511-1042-4c88-8a6a-9999ec940ba4
time=2026-05-03T17:42:14.633+05:30 level=INFO msg=request method=GET path=/api/v1/competition/leaderboard status=200 duration_ms=2 request_id=6c22980e-20ef-416d-9fa2-40cf15176be3
time=2026-05-03T17:42:14.634+05:30 level=INFO msg=request method=GET path=/api/v1/competition/c0000000-0001-0001-0001-000000000001/market-share-status status=200 duration_ms=2 request_id=d2b437ae-f5aa-4e81-9d60-e2ac7e1616e6
time=2026-05-03T17:42:18.412+05:30 level=INFO msg=request method=OPTIONS path=/api/v1/auth/login status=204 duration_ms=0 request_id=19f13d77-1d80-4d63-9f45-d2425074c588
time=2026-05-03T17:42:18.467+05:30 level=INFO msg=request method=POST path=/api/v1/auth/login status=200 duration_ms=53 request_id=5d16abb1-049d-43ec-94b9-e1d154d1d2d3
time=2026-05-03T17:42:21.463+05:30 level=INFO msg=request method=OPTIONS path=/api/v1/outlets/112847 status=204 duration_ms=0 request_id=dae55f63-931f-48e2-974d-050d64add5de
time=2026-05-03T17:42:21.463+05:30 level=INFO msg=request method=OPTIONS path=/api/v1/outlets/112847/performance status=204 duration_ms=0 request_id=b5219b0a-0659-457d-9e4a-8c41018d106c
time=2026-05-03T17:42:21.466+05:30 level=INFO msg=request method=GET path=/api/v1/outlets/112847/performance status=200 duration_ms=1 request_id=91572e16-a96a-4aba-8d04-966af4a53ef6
time=2026-05-03T17:42:21.467+05:30 level=INFO msg=request method=GET path=/api/v1/outlets/112847 status=200 duration_ms=2 request_id=4c473112-5a54-46c2-a353-a0ff3183d005
time=2026-05-03T17:42:21.477+05:30 level=INFO msg=request method=OPTIONS path=/api/v1/outlets/112847/targets status=204 duration_ms=0 request_id=1241a1fb-509e-4718-8808-0632cebb3b27
time=2026-05-03T17:42:21.478+05:30 level=INFO msg=request method=GET path=/api/v1/outlets/112847/targets status=200 duration_ms=1 request_id=b69d0eca-95f9-4718-adc0-61d98b908120
time=2026-05-03T17:42:21.479+05:30 level=INFO msg=request method=OPTIONS path=/api/v1/outlets/112847/analysis status=204 duration_ms=0 request_id=5316a1b1-3c3e-45e4-8179-bdbdde8e9bc9
time=2026-05-03T17:42:21.479+05:30 level=INFO msg=request method=OPTIONS path=/api/v1/competition/leaderboard status=204 duration_ms=0 request_id=5f0d7c66-5f4f-46ec-997f-b228bd199ae0
time=2026-05-03T17:42:21.480+05:30 level=INFO msg=request method=OPTIONS path=/api/v1/competition/c0000000-0001-0001-0001-000000000001/market-share-status status=204 duration_ms=0 request_id=1b0e88e9-dbea-4f9a-83bf-23514daa1daa
time=2026-05-03T17:42:21.482+05:30 level=INFO msg=request method=GET path=/api/v1/outlets/112847/analysis status=200 duration_ms=2 request_id=d12491ca-5b1c-4da3-a9c8-774ee7706de3
time=2026-05-03T17:42:21.482+05:30 level=INFO msg=request method=GET path=/api/v1/competition/leaderboard status=200 duration_ms=2 request_id=9e88904f-3dda-4ed9-bd69-27ef5f7a85c5
time=2026-05-03T17:42:21.485+05:30 level=INFO msg=request method=GET path=/api/v1/competition/c0000000-0001-0001-0001-000000000001/market-share-status status=200 duration_ms=4 request_id=fab756ce-90cb-40e5-9268-0efe8f6c1eaf
time=2026-05-03T17:42:25.296+05:30 level=INFO msg=request method=OPTIONS path=/api/v1/auth/login status=204 duration_ms=0 request_id=3f3603bd-89d5-4085-8f34-7f38f099bb99
time=2026-05-03T17:42:25.353+05:30 level=INFO msg=request method=POST path=/api/v1/auth/login status=200 duration_ms=56 request_id=8fd4797a-6c0c-4912-bd8a-35f7c0646e20
time=2026-05-03T17:42:28.347+05:30 level=INFO msg=request method=OPTIONS path=/api/v1/outlets/999999 status=204 duration_ms=0 request_id=6e679392-f1e4-4ba1-84c5-8592863e1f4d
time=2026-05-03T17:42:28.347+05:30 level=INFO msg=request method=OPTIONS path=/api/v1/outlets/999999/performance status=204 duration_ms=0 request_id=8266226a-86a2-4eda-9dc5-973b260e8598
time=2026-05-03T17:42:28.348+05:30 level=INFO msg=request method=GET path=/api/v1/outlets/999999 status=404 duration_ms=1 request_id=805ad7c4-02f6-49e0-97fd-e5d1ac900e6d
time=2026-05-03T17:42:28.348+05:30 level=INFO msg=request method=GET path=/api/v1/outlets/999999/performance status=404 duration_ms=1 request_id=d0b0832a-2732-4ffb-992d-ec71449f1c4b
time=2026-05-03T17:42:30.528+05:30 level=INFO msg=request method=POST path=/api/v1/auth/login status=200 duration_ms=57 request_id=8f35aa04-490f-48f0-bdca-7f699ebbdc39
time=2026-05-03T17:42:30.535+05:30 level=INFO msg=request method=GET path=/api/v1/territory/outlets status=200 duration_ms=5 request_id=c47ef50c-801c-482a-b945-aa94680e58ab
time=2026-05-03T17:42:30.588+05:30 level=INFO msg=request method=POST path=/api/v1/auth/login status=200 duration_ms=48 request_id=a7a46f82-a0ff-45d4-8752-7349dd0acc37
time=2026-05-03T17:42:30.589+05:30 level=INFO msg=request method=GET path=/api/v1/territory/outlets status=403 duration_ms=0 request_id=4f663f0d-5935-439a-bdfe-2bfbe4c29019
time=2026-05-03T17:42:30.642+05:30 level=INFO msg=request method=POST path=/api/v1/auth/login status=200 duration_ms=48 request_id=a964a93c-e695-4909-bf33-c5f1c3497458
time=2026-05-03T17:42:30.648+05:30 level=INFO msg=request method=GET path=/api/v1/territory/outlets status=200 duration_ms=5 request_id=7eae6106-834b-4289-ae1c-0c3242b7480b
time=2026-05-03T17:42:30.702+05:30 level=INFO msg=request method=POST path=/api/v1/auth/login status=200 duration_ms=47 request_id=eb7bedb2-1fb2-4785-a2dc-7ca2d5d03dfd
time=2026-05-03T17:42:30.708+05:30 level=INFO msg=request method=GET path=/api/v1/admin/users status=200 duration_ms=3 request_id=6ba342ef-ce77-4a8e-89e6-1bb328e30c4a
time=2026-05-03T17:42:30.716+05:30 level=INFO msg=request method=GET path=/api/v1/admin/users status=200 duration_ms=1 request_id=2896786b-61ae-4e9f-be48-1ce1ceb61060
time=2026-05-03T17:42:31.008+05:30 level=INFO msg=request method=POST path=/api/v1/auth/login status=200 duration_ms=48 request_id=d1340506-7f58-42bf-b605-dcc662389429
time=2026-05-03T17:42:31.067+05:30 level=INFO msg=request method=POST path=/api/v1/admin/users status=201 duration_ms=50 request_id=d9100d21-fadf-485e-a868-c3dfe9a73e6c
time=2026-05-03T17:42:31.124+05:30 level=INFO msg=request method=POST path=/api/v1/auth/login status=200 duration_ms=49 request_id=ea5a061c-dc13-471d-9989-7bf04e221805
time=2026-05-03T17:42:31.131+05:30 level=INFO msg=request method=GET path=/api/v1/admin/users status=429 duration_ms=0 request_id=6858d744-29c7-4c32-b320-60eb42e4aba2
time=2026-05-03T17:42:31.138+05:30 level=INFO msg=request method=POST path=/api/v1/auth/login status=429 duration_ms=0 request_id=8f4c84bf-d22c-460a-a930-8579172a8537
time=2026-05-03T17:42:31.372+05:30 level=INFO msg=request method=POST path=/api/v1/auth/login status=429 duration_ms=0 request_id=51afc809-3b7c-4ced-9c67-32d5473f75db
time=2026-05-03T17:42:31.611+05:30 level=INFO msg=request method=POST path=/api/v1/auth/login status=429 duration_ms=0 request_id=0eaa05f3-ead2-4572-8872-44efd00249f8
time=2026-05-03T17:42:32.613+05:30 level=INFO msg=request method=OPTIONS path=/api/v1/auth/login status=204 duration_ms=0 request_id=f2fe8568-e14c-472e-a3ed-8c7d1792fb36
time=2026-05-03T17:42:32.666+05:30 level=INFO msg=request method=POST path=/api/v1/auth/login status=200 duration_ms=52 request_id=1313704d-78eb-4d54-b4bf-b9a156e5d3c6
time=2026-05-03T17:42:35.664+05:30 level=INFO msg=request method=OPTIONS path=/api/v1/outlets/112847 status=204 duration_ms=0 request_id=2eb1a1ee-4aaf-45dd-b020-08c5d9142b9c
time=2026-05-03T17:42:35.664+05:30 level=INFO msg=request method=OPTIONS path=/api/v1/outlets/112847/performance status=204 duration_ms=0 request_id=2083db30-9049-4ae1-b37f-849af884eb02
time=2026-05-03T17:42:35.666+05:30 level=INFO msg=request method=GET path=/api/v1/outlets/112847/performance status=200 duration_ms=2 request_id=601db0e7-ab4a-4de7-879e-4db84f78466a
time=2026-05-03T17:42:35.667+05:30 level=INFO msg=request method=GET path=/api/v1/outlets/112847 status=200 duration_ms=3 request_id=784a088e-ef84-4f63-bacc-0eb00c643748
time=2026-05-03T17:42:35.677+05:30 level=INFO msg=request method=OPTIONS path=/api/v1/outlets/112847/targets status=204 duration_ms=0 request_id=5fd17dbb-a797-4a09-b485-a86c8101d94e
time=2026-05-03T17:42:35.679+05:30 level=INFO msg=request method=GET path=/api/v1/outlets/112847/targets status=200 duration_ms=1 request_id=ff3ed549-67aa-412e-aba5-1738bfed29b9
time=2026-05-03T17:42:35.680+05:30 level=INFO msg=request method=OPTIONS path=/api/v1/outlets/112847/analysis status=204 duration_ms=0 request_id=a80a4910-e15d-4671-8cc9-1fcf02012734
time=2026-05-03T17:42:35.680+05:30 level=INFO msg=request method=OPTIONS path=/api/v1/competition/leaderboard status=204 duration_ms=0 request_id=00aa677b-fede-4fb5-8eaa-16067863aa9e
time=2026-05-03T17:42:35.681+05:30 level=INFO msg=request method=OPTIONS path=/api/v1/competition/c0000000-0001-0001-0001-000000000001/market-share-status status=204 duration_ms=0 request_id=62e38e84-b33f-4298-bfaf-ec92d64ef08b
time=2026-05-03T17:42:35.682+05:30 level=INFO msg=request method=GET path=/api/v1/outlets/112847/analysis status=200 duration_ms=1 request_id=6dbf4aa2-1afb-48d0-a844-528fb619186b
time=2026-05-03T17:42:35.683+05:30 level=INFO msg=request method=GET path=/api/v1/competition/leaderboard status=200 duration_ms=2 request_id=2dc94c9b-3e0b-46ef-979f-9a95ba5fc72e
time=2026-05-03T17:42:35.683+05:30 level=INFO msg=request method=GET path=/api/v1/competition/c0000000-0001-0001-0001-000000000001/market-share-status status=200 duration_ms=2 request_id=d63dbdec-7a60-430f-bd07-de64460b8e5b
time=2026-05-03T17:42:38.446+05:30 level=INFO msg=request method=OPTIONS path=/api/v1/auth/login status=204 duration_ms=0 request_id=72cbe1ad-a655-48fd-a450-da0618379f6c
time=2026-05-03T17:42:38.501+05:30 level=INFO msg=request method=POST path=/api/v1/auth/login status=200 duration_ms=54 request_id=0302531f-0309-4747-948e-4db59ea9e4f8
time=2026-05-03T17:42:41.497+05:30 level=INFO msg=request method=OPTIONS path=/api/v1/outlets/112847 status=204 duration_ms=0 request_id=3bf86554-753e-4f57-8fe7-74f8f83d30cd
time=2026-05-03T17:42:41.497+05:30 level=INFO msg=request method=OPTIONS path=/api/v1/outlets/112847/performance status=204 duration_ms=0 request_id=b313790e-61b7-4c19-a621-13b500c4f17c
time=2026-05-03T17:42:41.500+05:30 level=INFO msg=request method=GET path=/api/v1/outlets/112847/performance status=200 duration_ms=1 request_id=0f755ddc-5f6f-4c16-887e-f5e8ce8cc8d6
time=2026-05-03T17:42:41.501+05:30 level=INFO msg=request method=GET path=/api/v1/outlets/112847 status=200 duration_ms=2 request_id=f85d6353-9776-4cba-b9c5-f0b9b2966ac9
time=2026-05-03T17:42:41.511+05:30 level=INFO msg=request method=OPTIONS path=/api/v1/outlets/112847/targets status=204 duration_ms=0 request_id=f2ee38be-3ba1-49dd-ab12-3d885ae9033a
time=2026-05-03T17:42:41.512+05:30 level=INFO msg=request method=GET path=/api/v1/outlets/112847/targets status=200 duration_ms=1 request_id=62492694-1217-49b5-81a6-7de367229ab9
time=2026-05-03T17:42:41.513+05:30 level=INFO msg=request method=OPTIONS path=/api/v1/outlets/112847/analysis status=204 duration_ms=0 request_id=ba751203-2ef5-4393-b599-c50af33e78dc
time=2026-05-03T17:42:41.513+05:30 level=INFO msg=request method=OPTIONS path=/api/v1/competition/leaderboard status=204 duration_ms=0 request_id=d7a036b8-20de-48d4-8382-ad7423fe9e07
time=2026-05-03T17:42:41.514+05:30 level=INFO msg=request method=OPTIONS path=/api/v1/competition/c0000000-0001-0001-0001-000000000001/market-share-status status=204 duration_ms=0 request_id=a7869253-fcbd-4819-91ca-9f4123acfb18
time=2026-05-03T17:42:41.516+05:30 level=INFO msg=request method=GET path=/api/v1/outlets/112847/analysis status=200 duration_ms=1 request_id=10694914-47ca-4cae-8843-a2d0d60d99d1
time=2026-05-03T17:42:41.518+05:30 level=INFO msg=request method=GET path=/api/v1/competition/leaderboard status=200 duration_ms=3 request_id=cc56e72f-f51b-4baf-b551-d5cd59bf4a7d
time=2026-05-03T17:42:41.519+05:30 level=INFO msg=request method=GET path=/api/v1/competition/c0000000-0001-0001-0001-000000000001/market-share-status status=200 duration_ms=5 request_id=8ecf2ee3-9a76-4d9c-ad4a-e5d19d529bc9
time=2026-05-03T17:42:45.329+05:30 level=INFO msg=request method=OPTIONS path=/api/v1/auth/login status=204 duration_ms=0 request_id=91ab2cee-893d-4727-a7f4-9be89ef77564
time=2026-05-03T17:42:45.383+05:30 level=INFO msg=request method=POST path=/api/v1/auth/login status=200 duration_ms=54 request_id=9337f97f-27ac-422d-a76b-bd48399edfde
time=2026-05-03T17:42:50.493+05:30 level=INFO msg=request method=POST path=/api/v1/auth/login status=401 duration_ms=1 request_id=77e5c8a8-a21e-49fe-9169-fe38cf31d493
time=2026-05-03T17:42:50.501+05:30 level=INFO msg=request method=POST path=/api/v1/auth/login status=401 duration_ms=0 request_id=8327518b-d8bb-4cdd-b9fd-6d7c18b8c1b5
time=2026-05-03T17:42:51.741+05:30 level=INFO msg=request method=GET path=/api/v1/auth/me status=401 duration_ms=0 request_id=8faf2f91-2724-49ed-b67d-a6c305c72eeb
time=2026-05-03T17:42:51.746+05:30 level=INFO msg=request method=GET path=/api/v1/outlets/112847 status=401 duration_ms=0 request_id=69ea731f-c642-439f-a531-8c81655757a2
time=2026-05-03T17:42:51.799+05:30 level=INFO msg=request method=POST path=/api/v1/auth/login status=200 duration_ms=49 request_id=92208c04-aa11-4c19-aca9-64ee604c0694
time=2026-05-03T17:42:51.805+05:30 level=INFO msg=request method=GET path=/health status=200 duration_ms=0 request_id=617362ac-80a9-4e22-a1d5-a0b115703910
time=2026-05-03T17:43:08.341+05:30 level=INFO msg=request method=POST path=/api/v1/auth/login status=200 duration_ms=52 request_id=32343deb-cd12-4a5a-af4d-3efe50c8a4be
time=2026-05-03T17:43:08.353+05:30 level=INFO msg=request method=GET path=/api/v1/admin/users status=200 duration_ms=3 request_id=ef1a34b4-c63e-4180-baac-a0e86b0fe07d
time=2026-05-03T17:43:18.463+05:30 level=INFO msg=request method=POST path=/api/v1/auth/login status=200 duration_ms=49 request_id=a5d008d2-6023-41df-9ef1-29b42f661b25
time=2026-05-03T17:43:18.483+05:30 level=INFO msg=request method=GET path=/api/v1/territory/outlets status=200 duration_ms=16 request_id=4cdbba03-66d0-4322-af5e-dc7f3237f8c0
time=2026-05-03T17:43:18.497+05:30 level=INFO msg=request method=GET path=/api/v1/outlets/112386/performance status=200 duration_ms=1 request_id=3b88738b-36fa-4d4d-9a1c-6c70c053ef08
time=2026-05-03T17:43:18.498+05:30 level=INFO msg=request method=GET path=/api/v1/outlets/255872/performance status=200 duration_ms=1 request_id=cc4070d0-bd1d-43a1-9a10-5420633e426e
time=2026-05-03T17:43:18.509+05:30 level=INFO msg=request method=GET path=/api/v1/outlets/112417/performance status=429 duration_ms=0 request_id=7b6a41d5-cec0-4c55-bc2d-978390fb6925
time=2026-05-03T17:43:18.510+05:30 level=INFO msg=request method=GET path=/api/v1/outlets/112431/performance status=429 duration_ms=0 request_id=5fc99065-5f01-4100-a78e-0f5841d8cd27
time=2026-05-03T17:43:18.509+05:30 level=INFO msg=request method=GET path=/api/v1/outlets/112847/performance status=429 duration_ms=0 request_id=e80d910c-5296-4de5-9e53-3044e3b92114
time=2026-05-03T17:43:18.510+05:30 level=INFO msg=request method=GET path=/api/v1/outlets/127090/performance status=429 duration_ms=0 request_id=4a538466-fd31-4815-aa9c-0edd58dae5a0
time=2026-05-03T17:43:18.510+05:30 level=INFO msg=request method=GET path=/api/v1/outlets/112448/performance status=429 duration_ms=0 request_id=2d926c01-d846-436e-aa58-63390e13d25f
time=2026-05-03T17:43:18.510+05:30 level=INFO msg=request method=GET path=/api/v1/outlets/111234/performance status=429 duration_ms=0 request_id=82e216df-abbb-4701-8e26-88da4bdf2bc1
time=2026-05-03T17:43:18.510+05:30 level=INFO msg=request method=GET path=/api/v1/outlets/112456/performance status=429 duration_ms=0 request_id=70877111-b9cd-43fc-8b55-5b9848f09951
time=2026-05-03T17:43:18.510+05:30 level=INFO msg=request method=GET path=/api/v1/outlets/112438/performance status=429 duration_ms=0 request_id=a4498fb2-0c5d-402a-ba7d-7c8b3b4763b4
time=2026-05-03T17:43:18.510+05:30 level=INFO msg=request method=GET path=/api/v1/outlets/110234/performance status=429 duration_ms=0 request_id=a6c21e78-4a33-4371-8c39-2f7ec06e9541
time=2026-05-03T17:43:18.510+05:30 level=INFO msg=request method=GET path=/api/v1/outlets/131712/performance status=429 duration_ms=0 request_id=28d89d21-be8a-4aa6-9daa-f35939c43456
time=2026-05-03T17:43:18.510+05:30 level=INFO msg=request method=GET path=/api/v1/outlets/112450/performance status=429 duration_ms=0 request_id=78af9b4b-a59a-41c4-8284-7bc29f53bea4
time=2026-05-03T17:43:18.510+05:30 level=INFO msg=request method=GET path=/api/v1/outlets/113234/performance status=429 duration_ms=0 request_id=ebf81650-f59b-4106-a3a2-cc624ed66c76
time=2026-05-03T17:43:18.510+05:30 level=INFO msg=request method=GET path=/api/v1/outlets/244099/performance status=429 duration_ms=0 request_id=917356a1-ab0d-4db5-a033-245b59b0fa91
time=2026-05-03T17:43:18.510+05:30 level=INFO msg=request method=GET path=/api/v1/outlets/112458/performance status=429 duration_ms=0 request_id=6fa158f5-563b-42f0-9e62-5679b6f4e1fc
time=2026-05-03T17:43:18.510+05:30 level=INFO msg=request method=GET path=/api/v1/outlets/113456/performance status=429 duration_ms=0 request_id=e15e6214-4015-4f4b-a8aa-3fbd68e40b2d
time=2026-05-03T17:43:18.510+05:30 level=INFO msg=request method=GET path=/api/v1/outlets/250828/performance status=429 duration_ms=0 request_id=5d570652-f6b8-40e7-9c4e-ec2da5ab3eda
time=2026-05-03T17:43:18.510+05:30 level=INFO msg=request method=GET path=/api/v1/outlets/119876/performance status=429 duration_ms=0 request_id=35348fd0-ddfb-4bd7-9d1f-1a48b9b8bda4
time=2026-05-03T17:43:18.510+05:30 level=INFO msg=request method=GET path=/api/v1/outlets/112012/performance status=429 duration_ms=0 request_id=682b31b7-d2d1-40ec-a776-a8ce056c762e
time=2026-05-03T17:43:18.510+05:30 level=INFO msg=request method=GET path=/api/v1/outlets/111456/performance status=429 duration_ms=0 request_id=69294a0f-672e-4e67-a55d-f7f910d2eefe
time=2026-05-03T17:43:18.510+05:30 level=INFO msg=request method=GET path=/api/v1/outlets/112441/performance status=429 duration_ms=0 request_id=a14881c0-0b0c-4c22-b7c9-fd39cc5e47d3
time=2026-05-03T17:43:18.510+05:30 level=INFO msg=request method=GET path=/api/v1/outlets/118345/performance status=429 duration_ms=0 request_id=7838fb0d-f6cd-4533-b0cc-41cc26bb59ae
time=2026-05-03T17:43:18.510+05:30 level=INFO msg=request method=GET path=/api/v1/outlets/113890/performance status=429 duration_ms=0 request_id=9ec96f66-b0ed-4ce8-8ff9-69b486875489
time=2026-05-03T17:43:18.510+05:30 level=INFO msg=request method=GET path=/api/v1/outlets/129151/performance status=429 duration_ms=0 request_id=2690c18d-b3ac-4a78-9f1e-45cc9c7942cc
time=2026-05-03T17:43:18.510+05:30 level=INFO msg=request method=GET path=/api/v1/outlets/236924/performance status=429 duration_ms=0 request_id=022b1ac3-8f15-455b-89e0-253efedde594
time=2026-05-03T17:43:18.510+05:30 level=INFO msg=request method=GET path=/api/v1/outlets/112460/performance status=429 duration_ms=0 request_id=0942e30d-8db8-4394-adf3-fb1dde2747f6
time=2026-05-03T17:43:18.510+05:30 level=INFO msg=request method=GET path=/api/v1/outlets/112457/performance status=429 duration_ms=0 request_id=de476773-5167-48da-8a25-94513b443853
time=2026-05-03T17:43:18.510+05:30 level=INFO msg=request method=GET path=/api/v1/outlets/112391/performance status=429 duration_ms=0 request_id=f7cd2c54-0fd1-4ab2-9432-82c38547b844
time=2026-05-03T17:43:18.510+05:30 level=INFO msg=request method=GET path=/api/v1/outlets/112392/performance status=429 duration_ms=0 request_id=fa15d1c2-955e-4d76-b87d-84d9e86b0e2f
time=2026-05-03T17:43:18.510+05:30 level=INFO msg=request method=GET path=/api/v1/outlets/107634/performance status=429 duration_ms=0 request_id=49e4f1e7-e25b-4da0-b466-a6af37f0b8a0
time=2026-05-03T17:43:18.510+05:30 level=INFO msg=request method=GET path=/api/v1/outlets/156837/performance status=429 duration_ms=0 request_id=f62c07b9-c8f6-41b7-bcb9-94eb4df41bc2
time=2026-05-03T17:43:18.510+05:30 level=INFO msg=request method=GET path=/api/v1/outlets/112393/performance status=429 duration_ms=0 request_id=71957f66-66fe-4abe-aa25-338d4aac182d
time=2026-05-03T17:43:18.510+05:30 level=INFO msg=request method=GET path=/api/v1/outlets/112383/performance status=429 duration_ms=0 request_id=3083c332-e99b-4458-bdc8-3803b7fd3fbb
time=2026-05-03T17:43:18.510+05:30 level=INFO msg=request method=GET path=/api/v1/outlets/112397/performance status=429 duration_ms=0 request_id=29084e3b-6df2-49e4-99ff-c14ad32f01ad
time=2026-05-03T17:43:18.510+05:30 level=INFO msg=request method=GET path=/api/v1/outlets/112462/performance status=429 duration_ms=0 request_id=9f68be24-7f93-41b2-9a26-6efe787d3c3f
time=2026-05-03T17:43:18.510+05:30 level=INFO msg=request method=GET path=/api/v1/outlets/112436/performance status=429 duration_ms=0 request_id=39e1bcdd-8827-4286-be6c-d9b67f0417f4
time=2026-05-03T17:43:18.510+05:30 level=INFO msg=request method=GET path=/api/v1/outlets/112398/performance status=429 duration_ms=0 request_id=63c26964-d120-4043-92f3-bb8a5975cfbd
time=2026-05-03T17:43:18.510+05:30 level=INFO msg=request method=GET path=/api/v1/outlets/112444/performance status=429 duration_ms=0 request_id=3f066bdc-29a5-49b1-bddf-53e9ecee6b4b
time=2026-05-03T17:43:18.510+05:30 level=INFO msg=request method=GET path=/api/v1/outlets/112434/performance status=429 duration_ms=0 request_id=965cef2f-66f1-4dd6-8e5c-96a61685d1b1
time=2026-05-03T17:43:18.510+05:30 level=INFO msg=request method=GET path=/api/v1/outlets/112387/performance status=429 duration_ms=0 request_id=bee8b808-5038-479d-bee4-5fe695d44d09
time=2026-05-03T17:43:18.510+05:30 level=INFO msg=request method=GET path=/api/v1/outlets/112445/performance status=429 duration_ms=0 request_id=36841aa1-505e-46d8-ac6e-135315b01ef7
time=2026-05-03T17:43:18.510+05:30 level=INFO msg=request method=GET path=/api/v1/outlets/112401/performance status=429 duration_ms=0 request_id=771499a7-7a3d-4154-a17c-64abf4bde0bb
time=2026-05-03T17:43:18.510+05:30 level=INFO msg=request method=GET path=/api/v1/outlets/112345/performance status=429 duration_ms=0 request_id=c12b2736-e1dd-4dbc-beea-99e2c75cdbf4
time=2026-05-03T17:43:18.510+05:30 level=INFO msg=request method=GET path=/api/v1/outlets/112429/performance status=429 duration_ms=0 request_id=5f498f1b-2127-4b49-848d-30fdba6f4f27
time=2026-05-03T17:43:18.510+05:30 level=INFO msg=request method=GET path=/api/v1/outlets/157172/performance status=429 duration_ms=0 request_id=3315ad0d-1650-4699-bc7c-c7a6f726b635
time=2026-05-03T17:43:18.510+05:30 level=INFO msg=request method=GET path=/api/v1/outlets/151186/performance status=429 duration_ms=0 request_id=05f37957-3515-4525-bd7b-3d85fc2b7247
time=2026-05-03T17:43:18.510+05:30 level=INFO msg=request method=GET path=/api/v1/outlets/114234/performance status=429 duration_ms=0 request_id=7bae404d-f9b4-4f68-96a5-c2a0de73dabd
time=2026-05-03T17:43:18.510+05:30 level=INFO msg=request method=GET path=/api/v1/outlets/112789/performance status=429 duration_ms=0 request_id=8bf454cb-fba5-4423-b0fc-30076f718316
time=2026-05-03T17:43:18.510+05:30 level=INFO msg=request method=GET path=/api/v1/outlets/112454/performance status=429 duration_ms=0 request_id=2175da14-d7f4-4427-8ca0-ab1047c28fc8
time=2026-05-03T17:43:18.510+05:30 level=INFO msg=request method=GET path=/api/v1/outlets/112453/performance status=429 duration_ms=0 request_id=a911882e-e21d-48ce-9094-3a5875f61c8c
time=2026-05-03T17:43:18.510+05:30 level=INFO msg=request method=GET path=/api/v1/outlets/108923/performance status=429 duration_ms=0 request_id=1d9e9207-5923-482f-891b-537cce2616d5
time=2026-05-03T17:43:18.510+05:30 level=INFO msg=request method=GET path=/api/v1/outlets/109251/performance status=429 duration_ms=0 request_id=11d45954-e336-4702-85bc-98985614c9ef
time=2026-05-03T17:43:18.510+05:30 level=INFO msg=request method=GET path=/api/v1/outlets/118567/performance status=429 duration_ms=0 request_id=05cdd2a2-6484-49c0-af3d-b51348abeb82
time=2026-05-03T17:43:18.510+05:30 level=INFO msg=request method=GET path=/api/v1/outlets/198868/performance status=429 duration_ms=0 request_id=a2cec87e-39f4-43cd-aaf7-8b982046e5e7
time=2026-05-03T17:43:18.510+05:30 level=INFO msg=request method=GET path=/api/v1/outlets/118012/performance status=429 duration_ms=0 request_id=78e262f2-f3b9-41ca-82da-fc1bb261d6f8
time=2026-05-03T17:43:18.511+05:30 level=INFO msg=request method=GET path=/api/v1/outlets/112407/performance status=429 duration_ms=0 request_id=20bfde24-47e2-4ea3-8aba-625f0e770e74
time=2026-05-03T17:43:18.511+05:30 level=INFO msg=request method=GET path=/api/v1/outlets/112402/performance status=429 duration_ms=0 request_id=0b4c54f2-8ff5-4e4a-a101-15c87c3bfde9
time=2026-05-03T17:43:18.511+05:30 level=INFO msg=request method=GET path=/api/v1/outlets/108765/performance status=429 duration_ms=0 request_id=d06ccc96-1487-4587-8a9b-858a1fda738a
time=2026-05-03T17:43:18.511+05:30 level=INFO msg=request method=GET path=/api/v1/outlets/168006/performance status=429 duration_ms=0 request_id=1c876837-d16a-4832-8387-9ef3ea9f13ca
time=2026-05-03T17:43:18.511+05:30 level=INFO msg=request method=GET path=/api/v1/outlets/112415/performance status=429 duration_ms=0 request_id=37ddad4a-b1b5-4e7d-9c3c-ac3919e7ef6b
time=2026-05-03T17:43:18.511+05:30 level=INFO msg=request method=GET path=/api/v1/outlets/112389/performance status=429 duration_ms=0 request_id=53957f78-3416-403f-9939-b988db4fa71e
time=2026-05-03T17:43:18.511+05:30 level=INFO msg=request method=GET path=/api/v1/outlets/112446/performance status=429 duration_ms=0 request_id=e6c355ce-f1d2-4336-8872-dfaa1b2e0f18
time=2026-05-03T17:43:18.511+05:30 level=INFO msg=request method=GET path=/api/v1/outlets/118901/performance status=429 duration_ms=0 request_id=f76be4ce-47e9-4a61-b2c6-9cb7fa87fdd4
time=2026-05-03T17:43:18.511+05:30 level=INFO msg=request method=GET path=/api/v1/outlets/112420/performance status=429 duration_ms=0 request_id=bf522b5d-e9b7-4d35-b455-a4701bf1c88f
time=2026-05-03T17:43:18.511+05:30 level=INFO msg=request method=GET path=/api/v1/outlets/198751/performance status=429 duration_ms=0 request_id=f22d2250-c529-477e-a42c-6571fea6f64a
time=2026-05-03T17:43:18.511+05:30 level=INFO msg=request method=GET path=/api/v1/outlets/112384/performance status=429 duration_ms=0 request_id=2b8bba7c-54f5-440b-9d9c-f326212e5a79
time=2026-05-03T17:43:18.511+05:30 level=INFO msg=request method=GET path=/api/v1/outlets/128472/performance status=429 duration_ms=0 request_id=7757c7e6-b253-4f63-b10b-3cc446a9eaee
time=2026-05-03T17:43:18.511+05:30 level=INFO msg=request method=GET path=/api/v1/outlets/112385/performance status=429 duration_ms=0 request_id=438f0c9f-bf6a-4460-909c-bb745b004cf3
time=2026-05-03T17:43:18.511+05:30 level=INFO msg=request method=GET path=/api/v1/outlets/136152/performance status=429 duration_ms=0 request_id=c669f6e4-a9a2-4d1e-901b-6ab0bf867413
time=2026-05-03T17:43:18.511+05:30 level=INFO msg=request method=GET path=/api/v1/outlets/148413/performance status=429 duration_ms=0 request_id=1246780d-6678-4601-a1d0-0133a20377e9
time=2026-05-03T17:43:18.511+05:30 level=INFO msg=request method=GET path=/api/v1/outlets/119012/performance status=429 duration_ms=0 request_id=45bcec9b-c457-469a-b3ae-3b3010b52835
time=2026-05-03T17:43:18.511+05:30 level=INFO msg=request method=GET path=/api/v1/outlets/112411/performance status=429 duration_ms=0 request_id=162faa98-01af-44db-b33f-92fe5e1b47ac
time=2026-05-03T17:43:18.511+05:30 level=INFO msg=request method=GET path=/api/v1/outlets/117890/performance status=429 duration_ms=0 request_id=ea185654-66f4-47dd-a3e1-f029b357cad0
time=2026-05-03T17:43:18.511+05:30 level=INFO msg=request method=GET path=/api/v1/outlets/112395/performance status=429 duration_ms=0 request_id=264a5a47-4521-4443-a4fd-b52a819c15f1
time=2026-05-03T17:43:18.511+05:30 level=INFO msg=request method=GET path=/api/v1/outlets/112390/performance status=200 duration_ms=2 request_id=e36ce478-4e29-4ebd-97d3-a4e4d32caa4a
time=2026-05-03T17:43:18.511+05:30 level=INFO msg=request method=GET path=/api/v1/outlets/112403/performance status=429 duration_ms=0 request_id=ebcdb49d-aafd-4bcc-b4da-f596ca15eee7
time=2026-05-03T17:43:18.511+05:30 level=INFO msg=request method=GET path=/api/v1/outlets/112412/performance status=429 duration_ms=0 request_id=6205d4a8-1c29-4207-b951-a705b881d31f
time=2026-05-03T17:43:18.511+05:30 level=INFO msg=request method=GET path=/api/v1/outlets/116456/performance status=429 duration_ms=0 request_id=fff89b3a-821e-4174-8d63-d698ec8adaf3
time=2026-05-03T17:43:18.511+05:30 level=INFO msg=request method=GET path=/api/v1/outlets/115634/performance status=429 duration_ms=0 request_id=2781c216-b24e-46f1-8636-0b7e576d933c
time=2026-05-03T17:43:18.511+05:30 level=INFO msg=request method=GET path=/api/v1/outlets/147286/performance status=429 duration_ms=0 request_id=b1608038-c469-4435-87a5-bc5dfd80b421
time=2026-05-03T17:43:18.511+05:30 level=INFO msg=request method=GET path=/api/v1/outlets/167171/performance status=429 duration_ms=0 request_id=8415032b-2a0f-48cc-9cbc-039749783388
time=2026-05-03T17:43:18.511+05:30 level=INFO msg=request method=GET path=/api/v1/outlets/123784/performance status=429 duration_ms=0 request_id=6b08fcf4-bd6c-4042-aa85-e42c0bab980e
time=2026-05-03T17:43:18.511+05:30 level=INFO msg=request method=GET path=/api/v1/outlets/149238/performance status=429 duration_ms=0 request_id=c766efc3-a419-434a-948b-a6e2a54ec8e2
time=2026-05-03T17:43:18.511+05:30 level=INFO msg=request method=GET path=/api/v1/outlets/200922/performance status=200 duration_ms=2 request_id=fad175b1-6d49-4cfc-a085-a010d9141e7c
time=2026-05-03T17:43:18.511+05:30 level=INFO msg=request method=GET path=/api/v1/outlets/115789/performance status=429 duration_ms=0 request_id=689bf9a6-9174-4986-88d7-c6c24035fd7e
time=2026-05-03T17:43:18.512+05:30 level=INFO msg=request method=GET path=/api/v1/outlets/112416/performance status=429 duration_ms=0 request_id=553b9e10-1275-4757-8af2-22e50034c53a
time=2026-05-03T17:43:18.512+05:30 level=INFO msg=request method=GET path=/api/v1/outlets/115012/performance status=429 duration_ms=0 request_id=5f2e23c2-4698-42ee-bfa1-672106d31655
time=2026-05-03T17:43:18.512+05:30 level=INFO msg=request method=GET path=/api/v1/outlets/112419/performance status=429 duration_ms=0 request_id=e092bb14-4cc1-4c11-aa98-93f9c5f6f624
time=2026-05-03T17:43:18.512+05:30 level=INFO msg=request method=GET path=/api/v1/outlets/144329/performance status=200 duration_ms=2 request_id=b1ac9dd5-2294-4545-93fc-897f76e24503
time=2026-05-03T17:43:18.512+05:30 level=INFO msg=request method=GET path=/api/v1/outlets/112422/performance status=429 duration_ms=0 request_id=ed37dddf-17a4-4890-aaa6-afe060e4fee3
time=2026-05-03T17:43:18.512+05:30 level=INFO msg=request method=GET path=/api/v1/outlets/112425/performance status=429 duration_ms=0 request_id=795347cf-44a6-452e-be31-d78e202ab637
time=2026-05-03T17:43:18.512+05:30 level=INFO msg=request method=GET path=/api/v1/outlets/112414/performance status=200 duration_ms=2 request_id=6154d7bb-da10-4d8c-888a-cc650b225732
time=2026-05-03T17:43:18.512+05:30 level=INFO msg=request method=GET path=/api/v1/outlets/114678/performance status=429 duration_ms=0 request_id=b4a8e0a7-fa54-4f78-aae6-738431b3a7d6
time=2026-05-03T17:43:18.512+05:30 level=INFO msg=request method=GET path=/api/v1/outlets/112418/performance status=429 duration_ms=0 request_id=f5054207-7700-4314-ae12-c583cea59fd9
time=2026-05-03T17:43:18.512+05:30 level=INFO msg=request method=GET path=/api/v1/outlets/112428/performance status=429 duration_ms=0 request_id=3e927660-627f-48e4-9e43-b5ea110a70df
time=2026-05-03T17:43:18.512+05:30 level=INFO msg=request method=GET path=/api/v1/outlets/117567/performance status=200 duration_ms=2 request_id=d84f1050-592e-4f88-8d31-4dd42abc0893
time=2026-05-03T17:43:18.512+05:30 level=INFO msg=request method=GET path=/api/v1/outlets/111789/performance status=429 duration_ms=0 request_id=cc32ddb2-cc5a-4b25-afb4-03289dc3e42e
time=2026-05-03T17:43:18.512+05:30 level=INFO msg=request method=GET path=/api/v1/outlets/112424/performance status=429 duration_ms=0 request_id=8ceb6954-1e2f-45af-b4a4-a50067dbaaf8
time=2026-05-03T17:43:18.512+05:30 level=INFO msg=request method=GET path=/api/v1/outlets/112437/performance status=429 duration_ms=0 request_id=5a503538-cef8-4d63-9f0e-8f504a22fe3c
time=2026-05-03T17:43:18.512+05:30 level=INFO msg=request method=GET path=/api/v1/outlets/163708/performance status=429 duration_ms=0 request_id=7359c07c-68e9-4632-8b56-7f6e64d3388a
time=2026-05-03T17:43:18.512+05:30 level=INFO msg=request method=GET path=/api/v1/outlets/112440/performance status=429 duration_ms=0 request_id=7087fb79-2af3-4de2-be08-7ef285027a87
time=2026-05-03T17:43:18.512+05:30 level=INFO msg=request method=GET path=/api/v1/outlets/112439/performance status=429 duration_ms=0 request_id=54ccd25f-dc58-4ecc-aeea-e923c7ab74e9
time=2026-05-03T17:43:18.512+05:30 level=INFO msg=request method=GET path=/api/v1/outlets/112442/performance status=429 duration_ms=0 request_id=323e405e-7256-49ea-a217-eb537cc8ba4b
time=2026-05-03T17:43:18.512+05:30 level=INFO msg=request method=GET path=/api/v1/outlets/112455/performance status=429 duration_ms=0 request_id=e34c49b6-d7f1-4429-84d1-1f7a44089173
time=2026-05-03T17:43:18.512+05:30 level=INFO msg=request method=GET path=/api/v1/outlets/112443/performance status=429 duration_ms=0 request_id=ea9dbc78-446d-455e-aada-3f18425323cb
time=2026-05-03T17:43:18.512+05:30 level=INFO msg=request method=GET path=/api/v1/outlets/117234/performance status=429 duration_ms=0 request_id=54c5417b-569d-4d61-a73f-bb01879e839f
time=2026-05-03T17:43:18.512+05:30 level=INFO msg=request method=GET path=/api/v1/outlets/114521/performance status=429 duration_ms=0 request_id=ad87b870-0d34-4910-82d3-527a92fa74a4
time=2026-05-03T17:43:18.512+05:30 level=INFO msg=request method=GET path=/api/v1/outlets/112459/performance status=429 duration_ms=0 request_id=4523cc9f-7938-435b-9435-378e13f80b00
time=2026-05-03T17:43:18.512+05:30 level=INFO msg=request method=GET path=/api/v1/outlets/115901/performance status=200 duration_ms=2 request_id=ad6700e0-71b2-4186-aab4-b6c08a1cfa2d
time=2026-05-03T17:43:18.512+05:30 level=INFO msg=request method=GET path=/api/v1/outlets/112466/performance status=429 duration_ms=0 request_id=02269c9e-99ac-4e43-a632-560f4ac6c3d7
time=2026-05-03T17:43:18.512+05:30 level=INFO msg=request method=GET path=/api/v1/outlets/112461/performance status=429 duration_ms=0 request_id=fad08e25-8704-433d-ba75-6dc20183df77
time=2026-05-03T17:43:18.512+05:30 level=INFO msg=request method=GET path=/api/v1/outlets/112404/performance status=429 duration_ms=0 request_id=dfe1fec4-a68e-4199-97c5-95daba15ecbf
time=2026-05-03T17:43:18.512+05:30 level=INFO msg=request method=GET path=/api/v1/outlets/112427/performance status=429 duration_ms=0 request_id=b24c06bc-198f-4cf3-8422-ee6a47c7f7f9
time=2026-05-03T17:43:18.512+05:30 level=INFO msg=request method=GET path=/api/v1/outlets/110567/performance status=429 duration_ms=0 request_id=e91e1bb0-47cc-409b-a32b-09f51dd3764c
time=2026-05-03T17:43:18.512+05:30 level=INFO msg=request method=GET path=/api/v1/outlets/112435/performance status=429 duration_ms=0 request_id=2cd5ad67-4c26-461a-a1ce-92c50c22fa92
time=2026-05-03T17:43:18.512+05:30 level=INFO msg=request method=GET path=/api/v1/outlets/109678/performance status=200 duration_ms=2 request_id=7aebf7c9-bf16-4126-b236-ddbaa79f9636
time=2026-05-03T17:43:18.517+05:30 level=INFO msg=request method=GET path=/api/v1/outlets/116890/performance status=429 duration_ms=0 request_id=81310f1c-cc88-4e98-a973-5a9995ed14e4
time=2026-05-03T17:43:18.517+05:30 level=INFO msg=request method=GET path=/api/v1/outlets/116789/performance status=429 duration_ms=0 request_id=771b7156-fc1d-40b1-a002-4c5c23da71b9
time=2026-05-03T17:43:18.517+05:30 level=INFO msg=request method=GET path=/api/v1/outlets/116123/performance status=429 duration_ms=0 request_id=7f8e5f5b-3715-4930-b7b4-92285ed0094d
time=2026-05-03T17:43:18.517+05:30 level=INFO msg=request method=GET path=/api/v1/outlets/163741/performance status=429 duration_ms=0 request_id=1d545227-a7dd-4e4c-9814-aa41e325285b
time=2026-05-03T17:43:18.517+05:30 level=INFO msg=request method=GET path=/api/v1/outlets/256507/performance status=429 duration_ms=0 request_id=18e235ed-25f6-4f5a-bae6-105b43969d81
time=2026-05-03T17:43:18.517+05:30 level=INFO msg=request method=GET path=/api/v1/outlets/112410/performance status=429 duration_ms=0 request_id=3783c8dd-b274-4e03-b84a-347b81f84119
time=2026-05-03T17:43:18.517+05:30 level=INFO msg=request method=GET path=/api/v1/outlets/144348/performance status=429 duration_ms=0 request_id=b8548e39-ccb0-4546-8b6c-6853c27486b1
time=2026-05-03T17:43:18.517+05:30 level=INFO msg=request method=GET path=/api/v1/outlets/112408/performance status=429 duration_ms=0 request_id=eaa842f6-4eea-4135-9e7c-9d458679637d
time=2026-05-03T17:43:18.517+05:30 level=INFO msg=request method=GET path=/api/v1/outlets/113782/performance status=429 duration_ms=0 request_id=3cbe25df-9ebf-4ba7-9d64-8598d423b9c0
time=2026-05-03T17:43:18.517+05:30 level=INFO msg=request method=GET path=/api/v1/outlets/147087/performance status=429 duration_ms=0 request_id=a5decc19-0ec0-4884-9289-f787c730a2d0
time=2026-05-03T17:43:18.517+05:30 level=INFO msg=request method=GET path=/api/v1/outlets/112451/performance status=429 duration_ms=0 request_id=961798bb-b809-447f-8872-cf226963d491
time=2026-05-03T17:43:18.517+05:30 level=INFO msg=request method=GET path=/api/v1/outlets/149412/performance status=429 duration_ms=0 request_id=53f565d2-c9da-47b3-8eda-b803c1e46218
time=2026-05-03T17:43:18.517+05:30 level=INFO msg=request method=GET path=/api/v1/outlets/119456/performance status=429 duration_ms=0 request_id=8b0173fe-87e9-40f8-8dd2-f119389cda97
time=2026-05-03T17:43:18.517+05:30 level=INFO msg=request method=GET path=/api/v1/outlets/146411/performance status=429 duration_ms=0 request_id=a619bad1-449a-4c1f-9d74-0e979e32b269
time=2026-05-03T17:43:18.757+05:30 level=INFO msg=request method=POST path=/api/v1/auth/login status=429 duration_ms=0 request_id=cba04f88-7c08-4ee6-b193-48ab912d243a
time=2026-05-03T17:43:20.838+05:30 level=INFO msg=request method=POST path=/api/v1/auth/login status=200 duration_ms=72 request_id=3586ecfe-079e-4ae8-9698-694c7c3c8135
time=2026-05-03T17:43:20.855+05:30 level=INFO msg=request method=GET path=/api/v1/territory/outlets status=200 duration_ms=15 request_id=549b6620-cd43-43c9-b3af-9183af089ee2
time=2026-05-03T17:43:20.865+05:30 level=INFO msg=request method=GET path=/api/v1/outlets/112386/performance status=200 duration_ms=1 request_id=9066e97c-f043-41ba-a15d-f65fdbc55e48
time=2026-05-03T17:43:21.147+05:30 level=INFO msg=request method=POST path=/api/v1/auth/login status=200 duration_ms=48 request_id=4d683baa-6f1e-49c7-b03d-f549bf2b195e
time=2026-05-03T17:43:21.150+05:30 level=INFO msg=request method=GET path=/api/v1/territory/outlets status=429 duration_ms=0 request_id=7158e775-9fc0-452c-8ac5-82042971d40a
time=2026-05-03T17:43:21.157+05:30 level=INFO msg=request method=GET path=/api/v1/competition/leaderboard status=429 duration_ms=0 request_id=668aff6f-73c5-405a-82f7-f649b233ae9f
time=2026-05-03T17:43:21.412+05:30 level=INFO msg=request method=POST path=/api/v1/auth/login status=429 duration_ms=0 request_id=7db56645-38c4-4545-bfd2-985d32023dd5
time=2026-05-03T17:43:23.489+05:30 level=INFO msg=request method=POST path=/api/v1/auth/login status=200 duration_ms=71 request_id=8e21e334-a949-49ab-8156-fc6eda7bfdb9
time=2026-05-03T17:43:23.547+05:30 level=INFO msg=request method=POST path=/api/v1/auth/login status=200 duration_ms=49 request_id=350ac74a-9c8b-4352-b912-a1995ba634cf
time=2026-05-03T17:43:23.601+05:30 level=INFO msg=request method=POST path=/api/v1/auth/login status=401 duration_ms=46 request_id=74b26608-2aad-499b-9bf5-7f7a0983b087
time=2026-05-03T17:43:23.607+05:30 level=INFO msg=request method=GET path=/api/v1/auth/me status=200 duration_ms=0 request_id=18f31e74-5bbe-495c-9715-b399d7b4fa1d
time=2026-05-03T17:43:23.613+05:30 level=INFO msg=request method=GET path=/api/v1/auth/me status=429 duration_ms=0 request_id=c32f89e6-ef83-4da6-9acf-b1d71bf74572
time=2026-05-03T17:43:23.899+05:30 level=INFO msg=request method=POST path=/api/v1/auth/login status=200 duration_ms=48 request_id=0c659882-18d1-49d2-a646-685037f85fc9
time=2026-05-03T17:43:23.908+05:30 level=INFO msg=request method=GET path=/api/v1/outlets/112847 status=429 duration_ms=0 request_id=99e658fe-a54b-4423-aeef-6b6b4bffb6e5
time=2026-05-03T17:43:24.163+05:30 level=INFO msg=request method=POST path=/api/v1/auth/login status=429 duration_ms=0 request_id=30879c9c-b200-4e3e-b46c-6465e6da5e41
time=2026-05-03T17:43:26.239+05:30 level=INFO msg=request method=POST path=/api/v1/auth/login status=200 duration_ms=68 request_id=0c399ab9-0eb3-496b-80d6-c78a943efb71
time=2026-05-03T17:43:26.249+05:30 level=INFO msg=request method=GET path=/api/v1/outlets/999999 status=404 duration_ms=1 request_id=19b185b8-dbd6-4645-b535-b6025c85350e
time=2026-05-03T17:43:26.259+05:30 level=INFO msg=request method=GET path=/api/v1/outlets/112847/performance status=200 duration_ms=2 request_id=dfbf105f-edf5-4e65-b7e0-2dcd11e430f9
time=2026-05-03T17:43:26.547+05:30 level=INFO msg=request method=POST path=/api/v1/auth/login status=200 duration_ms=48 request_id=42dc32cb-a2a4-4ea5-b374-15a784908bdc
time=2026-05-03T17:43:26.556+05:30 level=INFO msg=request method=GET path=/api/v1/outlets/112847/performance status=429 duration_ms=0 request_id=47c32104-bd0b-4d5b-9493-c5ecd4763123
time=2026-05-03T17:43:26.873+05:30 level=INFO msg=request method=POST path=/api/v1/auth/login status=200 duration_ms=58 request_id=e7ee0de6-6c38-4f44-956e-e9f4cdc1f574
time=2026-05-03T17:43:26.882+05:30 level=INFO msg=request method=GET path=/api/v1/outlets/112847/performance status=429 duration_ms=0 request_id=ff5c1940-14d9-4ada-b535-0c6ce5bbbdeb
time=2026-05-03T17:43:27.139+05:30 level=INFO msg=request method=POST path=/api/v1/auth/login status=429 duration_ms=0 request_id=f3d64d2c-412a-4dca-9d4c-57fc987c0495
time=2026-05-03T17:43:29.216+05:30 level=INFO msg=request method=POST path=/api/v1/auth/login status=200 duration_ms=69 request_id=143fbd4f-8b7c-4f78-8c67-134af620586e
time=2026-05-03T17:43:29.224+05:30 level=INFO msg=request method=GET path=/api/v1/outlets/112847/performance status=200 duration_ms=1 request_id=b979204b-7416-4670-a0c4-7feba527aabd
time=2026-05-03T17:43:29.522+05:30 level=INFO msg=request method=POST path=/api/v1/auth/login status=200 duration_ms=49 request_id=c6c30880-62ec-45cc-a41b-8cb8bf92db5a
time=2026-05-03T17:43:29.535+05:30 level=INFO msg=request method=GET path=/api/v1/outlets/112847/analysis status=200 duration_ms=3 request_id=c35cb046-6cf4-4290-a9b5-21fe60883398
time=2026-05-03T17:43:29.541+05:30 level=INFO msg=request method=GET path=/api/v1/outlets/112847/trend status=429 duration_ms=0 request_id=57f16a11-5189-4bb3-8a39-21c7f3f2b10d
time=2026-05-03T17:43:29.790+05:30 level=INFO msg=request method=POST path=/api/v1/auth/login status=429 duration_ms=0 request_id=7a89b446-5902-485c-8175-1d79a7f8c34c
time=2026-05-03T17:43:31.868+05:30 level=INFO msg=request method=POST path=/api/v1/auth/login status=200 duration_ms=71 request_id=d8bc3eb2-0749-45a5-a8f7-7d03da7c3a97
time=2026-05-03T17:43:31.877+05:30 level=INFO msg=request method=GET path=/api/v1/outlets/112847/targets status=200 duration_ms=1 request_id=2bf0d622-aa05-46bb-ada3-35d84a3be85d
time=2026-05-03T17:43:31.933+05:30 level=INFO msg=request method=POST path=/api/v1/auth/login status=200 duration_ms=48 request_id=d99aae33-ba5d-4b00-9d0b-2399c38d2017
time=2026-05-03T17:43:31.934+05:30 level=INFO msg=request method=PUT path=/api/v1/outlets/112847/targets status=422 duration_ms=0 request_id=842846e4-6879-4e09-afc5-2cc9fe90b673
time=2026-05-03T17:43:32.170+05:30 level=INFO msg=request method=POST path=/api/v1/auth/login status=429 duration_ms=0 request_id=0283ebb0-432d-4b26-87ba-c35714dafff1
time=2026-05-03T17:43:34.248+05:30 level=INFO msg=request method=POST path=/api/v1/auth/login status=200 duration_ms=72 request_id=145f4026-9613-4102-bcc7-6df1168ce99b
time=2026-05-03T17:43:34.260+05:30 level=INFO msg=request method=GET path=/api/v1/competition/leaderboard status=200 duration_ms=4 request_id=6922f992-ac39-4941-801c-c41b0734829e
time=2026-05-03T17:43:34.271+05:30 level=INFO msg=request method=GET path=/api/v1/competition/leaderboard status=200 duration_ms=2 request_id=76f3b4db-364b-42d7-8b19-f2a13ea7656d
time=2026-05-03T17:43:34.281+05:30 level=INFO msg=request method=GET path=/api/v1/competition/leaderboard status=200 duration_ms=2 request_id=0e059007-af35-4db9-919f-4748c2c5a939
time=2026-05-03T17:43:34.286+05:30 level=INFO msg=request method=POST path=/api/v1/auth/login status=429 duration_ms=0 request_id=e6033e7b-901a-46f0-b0c6-c361d171fc74
time=2026-05-03T17:43:36.360+05:30 level=INFO msg=request method=POST path=/api/v1/auth/login status=200 duration_ms=68 request_id=339121fb-386a-4fb9-afcc-b2fc8e1edaa9
time=2026-05-03T17:43:36.362+05:30 level=INFO msg=request method=GET path=/api/v1/territory/outlets status=200 duration_ms=1 request_id=0bd662c2-572f-4dd1-9ae2-7eb95f4e43df
time=2026-05-03T17:43:36.417+05:30 level=INFO msg=request method=POST path=/api/v1/auth/login status=200 duration_ms=49 request_id=7634a507-b152-48e4-b3d4-fe28854a386a
time=2026-05-03T17:43:36.419+05:30 level=INFO msg=request method=GET path=/api/v1/territory/outlets status=403 duration_ms=0 request_id=9e3520cf-ecce-464e-af9f-bc02630e9779
time=2026-05-03T17:43:36.423+05:30 level=INFO msg=request method=GET path=/api/v1/admin/users status=429 duration_ms=0 request_id=e244991e-cf8b-49f3-be0a-e4143c0cff6c
time=2026-05-03T17:43:36.665+05:30 level=INFO msg=request method=POST path=/api/v1/auth/login status=429 duration_ms=0 request_id=e71e93c4-99e4-4e4b-a1da-3814e6b9d11e
time=2026-05-03T17:43:38.749+05:30 level=INFO msg=request method=POST path=/api/v1/auth/login status=200 duration_ms=75 request_id=b4c80631-a1c8-4fbd-87c5-7779b19a639b
time=2026-05-03T17:43:38.809+05:30 level=INFO msg=request method=POST path=/api/v1/auth/login status=200 duration_ms=50 request_id=905577b0-9962-47b8-b5b3-55a558ea09d0
time=2026-05-03T17:43:38.810+05:30 level=INFO msg=request method=GET path=/api/v1/admin/users status=403 duration_ms=0 request_id=fcdaed4f-3d8e-46d7-88d6-281c18bcabdc
time=2026-05-03T17:43:38.822+05:30 level=INFO msg=request method=GET path=/api/v1/competition/c0000000-0001-0001-0001-000000000001/market-share-status status=200 duration_ms=6 request_id=5b55fbca-c126-4eee-8a7f-eae359a4d0dd
time=2026-05-03T17:43:38.830+05:30 level=INFO msg=request method=GET path=/health status=429 duration_ms=0 request_id=4e948bcc-d7bf-4172-b150-c8070776737d
time=2026-05-03T17:43:39.647+05:30 level=INFO msg=request method=OPTIONS path=/api/v1/auth/login status=204 duration_ms=0 request_id=43eddfa6-e727-4834-a3e8-32f27fc90126
time=2026-05-03T17:43:39.703+05:30 level=INFO msg=request method=POST path=/api/v1/auth/login status=200 duration_ms=54 request_id=4ba0f25d-4456-4759-af25-a93e0e7ee9ef
time=2026-05-03T17:43:43.480+05:30 level=INFO msg=request method=OPTIONS path=/api/v1/auth/login status=204 duration_ms=0 request_id=49d170a5-7e3e-45da-bff4-0a8416bae962
time=2026-05-03T17:43:43.532+05:30 level=INFO msg=request method=POST path=/api/v1/auth/login status=401 duration_ms=51 request_id=a7d1bde0-c65c-4c34-939b-1486ffc62a94
time=2026-05-03T17:43:46.614+05:30 level=INFO msg=request method=OPTIONS path=/api/v1/auth/login status=204 duration_ms=0 request_id=4d551e56-6c47-4d60-89f9-fcdbe100852c
time=2026-05-03T17:43:46.666+05:30 level=INFO msg=request method=POST path=/api/v1/auth/login status=200 duration_ms=51 request_id=246fb7c3-0bdd-4fe7-a4d0-a76358282f53
time=2026-05-03T17:43:50.498+05:30 level=INFO msg=request method=OPTIONS path=/api/v1/auth/login status=204 duration_ms=0 request_id=48090ee7-05ef-43b1-ac39-b59e40c4b83f
time=2026-05-03T17:43:50.554+05:30 level=INFO msg=request method=POST path=/api/v1/auth/login status=200 duration_ms=56 request_id=04698421-efc4-4317-ab23-29b11f9f5c8c
time=2026-05-03T17:43:55.955+05:30 level=INFO msg=request method=POST path=/api/v1/auth/login status=200 duration_ms=53 request_id=b682cd83-d97e-46e6-87c0-ee26b02108fd
time=2026-05-03T17:43:55.962+05:30 level=INFO msg=request method=GET path=/api/v1/competition/leaderboard status=200 duration_ms=2 request_id=aae75366-b8c6-4d32-8288-7a0b5833d8cf
time=2026-05-03T17:43:55.974+05:30 level=INFO msg=request method=GET path=/api/v1/competition/leaderboard status=200 duration_ms=2 request_id=1df840f5-e27f-4a25-a687-2337e3acc1f7
time=2026-05-03T17:43:56.763+05:30 level=INFO msg=request method=OPTIONS path=/api/v1/auth/login status=204 duration_ms=0 request_id=f1903c35-2672-4394-bc3f-5efa86f1fcd2
time=2026-05-03T17:43:56.814+05:30 level=INFO msg=request method=POST path=/api/v1/auth/login status=200 duration_ms=50 request_id=fa87fdcb-29ec-450e-acbe-82564a9e0a25
time=2026-05-03T17:43:59.815+05:30 level=INFO msg=request method=OPTIONS path=/api/v1/outlets/112847 status=204 duration_ms=0 request_id=3ef8438b-6649-4283-8125-552956f8a3e0
time=2026-05-03T17:43:59.815+05:30 level=INFO msg=request method=OPTIONS path=/api/v1/outlets/112847/performance status=204 duration_ms=0 request_id=e9bd8e56-c497-4475-bd82-3d01930cbd81
time=2026-05-03T17:43:59.818+05:30 level=INFO msg=request method=GET path=/api/v1/outlets/112847/performance status=200 duration_ms=2 request_id=7ee5efb8-0511-4823-9ac7-1d0324cfdf88
time=2026-05-03T17:43:59.818+05:30 level=INFO msg=request method=GET path=/api/v1/outlets/112847 status=200 duration_ms=2 request_id=4076ce40-04a6-4208-9f3f-13210a72c8f5
time=2026-05-03T17:43:59.828+05:30 level=INFO msg=request method=OPTIONS path=/api/v1/outlets/112847/targets status=204 duration_ms=0 request_id=e53dd2d7-6b08-4349-b746-047103aa2e57
time=2026-05-03T17:43:59.831+05:30 level=INFO msg=request method=GET path=/api/v1/outlets/112847/targets status=200 duration_ms=1 request_id=136e3406-8cdf-40d9-8f31-bdf788b2b34c
time=2026-05-03T17:43:59.832+05:30 level=INFO msg=request method=OPTIONS path=/api/v1/outlets/112847/analysis status=204 duration_ms=0 request_id=3b378429-dcc5-4691-8c72-883ec8506234
time=2026-05-03T17:43:59.832+05:30 level=INFO msg=request method=OPTIONS path=/api/v1/competition/leaderboard status=204 duration_ms=0 request_id=e98d04ab-7efa-4f73-a4cc-85444dcd2e14
time=2026-05-03T17:43:59.832+05:30 level=INFO msg=request method=OPTIONS path=/api/v1/competition/c0000000-0001-0001-0001-000000000001/market-share-status status=204 duration_ms=0 request_id=75043e48-f57b-4dc4-b936-b0cbd8e0a4e3
time=2026-05-03T17:43:59.836+05:30 level=INFO msg=request method=GET path=/api/v1/outlets/112847/analysis status=200 duration_ms=3 request_id=9a9801b9-832e-4a36-9f87-b0e1aa6b54cb
time=2026-05-03T17:43:59.836+05:30 level=INFO msg=request method=GET path=/api/v1/competition/leaderboard status=200 duration_ms=3 request_id=1634d378-b079-438e-a766-6af861e0eca5
time=2026-05-03T17:43:59.841+05:30 level=INFO msg=request method=GET path=/api/v1/competition/c0000000-0001-0001-0001-000000000001/market-share-status status=200 duration_ms=8 request_id=8e9fc56a-8640-41ac-9317-31bf1547794b
time=2026-05-03T17:44:03.646+05:30 level=INFO msg=request method=OPTIONS path=/api/v1/auth/login status=204 duration_ms=0 request_id=a5384ceb-af73-48b4-9d37-b387ca5c23f0
time=2026-05-03T17:44:03.702+05:30 level=INFO msg=request method=POST path=/api/v1/auth/login status=200 duration_ms=53 request_id=7ac50de3-a8b3-4905-bee1-2b1210b0e521
time=2026-05-03T17:44:06.696+05:30 level=INFO msg=request method=OPTIONS path=/api/v1/outlets/112847 status=204 duration_ms=0 request_id=a6ad7c49-ddbf-416b-9681-40d37feb445e
time=2026-05-03T17:44:06.696+05:30 level=INFO msg=request method=OPTIONS path=/api/v1/outlets/112847/performance status=204 duration_ms=0 request_id=37062fd4-2aba-4485-a827-9da63e8b53b0
time=2026-05-03T17:44:06.699+05:30 level=INFO msg=request method=GET path=/api/v1/outlets/112847/performance status=200 duration_ms=1 request_id=514e4a78-1763-401b-a4e0-b42426807572
time=2026-05-03T17:44:06.699+05:30 level=INFO msg=request method=GET path=/api/v1/outlets/112847 status=200 duration_ms=2 request_id=38ef2f7c-9465-408c-985b-f522f1dd6ef3
time=2026-05-03T17:44:06.711+05:30 level=INFO msg=request method=OPTIONS path=/api/v1/outlets/112847/targets status=204 duration_ms=0 request_id=f1975daa-828e-4dbb-afc7-72b14611e494
time=2026-05-03T17:44:06.712+05:30 level=INFO msg=request method=GET path=/api/v1/outlets/112847/targets status=200 duration_ms=1 request_id=43eb475c-7e65-4879-816c-3eff0eecb3ca
time=2026-05-03T17:44:06.713+05:30 level=INFO msg=request method=OPTIONS path=/api/v1/outlets/112847/analysis status=204 duration_ms=0 request_id=bb47d55c-4db8-4be9-b60e-4e158587744f
time=2026-05-03T17:44:06.714+05:30 level=INFO msg=request method=OPTIONS path=/api/v1/competition/leaderboard status=204 duration_ms=0 request_id=85a038b4-ca91-4cd8-9832-18d0c2ca6e80
time=2026-05-03T17:44:06.714+05:30 level=INFO msg=request method=OPTIONS path=/api/v1/competition/c0000000-0001-0001-0001-000000000001/market-share-status status=204 duration_ms=0 request_id=c22d3da9-85f4-456f-9e74-8ec1497e741c
time=2026-05-03T17:44:06.715+05:30 level=INFO msg=request method=GET path=/api/v1/outlets/112847/analysis status=200 duration_ms=1 request_id=485cbc8f-10a2-45ca-90d5-329a6129cc0a
time=2026-05-03T17:44:06.716+05:30 level=INFO msg=request method=GET path=/api/v1/competition/leaderboard status=200 duration_ms=2 request_id=245a1164-a6e3-4df6-8a44-6079227a7883
time=2026-05-03T17:44:06.717+05:30 level=INFO msg=request method=GET path=/api/v1/competition/c0000000-0001-0001-0001-000000000001/market-share-status status=200 duration_ms=2 request_id=47a0ca15-f98d-4754-83b7-afb3cfda7e1f
time=2026-05-03T17:44:10.496+05:30 level=INFO msg=request method=OPTIONS path=/api/v1/auth/login status=204 duration_ms=0 request_id=36d0e394-5fe9-4ff2-a586-9a32f67f67e2
time=2026-05-03T17:44:10.551+05:30 level=INFO msg=request method=POST path=/api/v1/auth/login status=200 duration_ms=54 request_id=b7d3b4ff-d43f-4dbb-a3b3-06e14175a5c2
time=2026-05-03T17:44:13.547+05:30 level=INFO msg=request method=OPTIONS path=/api/v1/outlets/112847 status=204 duration_ms=0 request_id=7f05efe5-0a30-4ded-bd33-64533e7487b7
time=2026-05-03T17:44:13.547+05:30 level=INFO msg=request method=OPTIONS path=/api/v1/outlets/112847/performance status=204 duration_ms=0 request_id=3864857c-a9d3-4141-9a68-e7ec91c9d222
time=2026-05-03T17:44:13.549+05:30 level=INFO msg=request method=GET path=/api/v1/outlets/112847/performance status=200 duration_ms=1 request_id=c543c5e7-e122-4409-b101-cf5e86683a3b
time=2026-05-03T17:44:13.550+05:30 level=INFO msg=request method=GET path=/api/v1/outlets/112847 status=200 duration_ms=1 request_id=fbec8e68-69c0-4bbe-8a9a-b4d0fc52db27
time=2026-05-03T17:44:13.561+05:30 level=INFO msg=request method=OPTIONS path=/api/v1/outlets/112847/targets status=204 duration_ms=0 request_id=4805dc91-a9e8-481a-866e-721a523e3055
time=2026-05-03T17:44:13.562+05:30 level=INFO msg=request method=GET path=/api/v1/outlets/112847/targets status=200 duration_ms=1 request_id=4a70e7c0-fb6a-43b8-b878-a06a8852877d
time=2026-05-03T17:44:13.564+05:30 level=INFO msg=request method=OPTIONS path=/api/v1/outlets/112847/analysis status=204 duration_ms=0 request_id=e1f1d72b-265a-4d40-a9e1-3b7888ccf3ad
time=2026-05-03T17:44:13.564+05:30 level=INFO msg=request method=OPTIONS path=/api/v1/competition/leaderboard status=204 duration_ms=0 request_id=58f51e12-c391-4a60-bcdc-de17f2c88b94
time=2026-05-03T17:44:13.564+05:30 level=INFO msg=request method=OPTIONS path=/api/v1/competition/c0000000-0001-0001-0001-000000000001/market-share-status status=204 duration_ms=0 request_id=67cec7b9-9a63-4b18-a666-d073b165c782
time=2026-05-03T17:44:13.565+05:30 level=INFO msg=request method=GET path=/api/v1/outlets/112847/analysis status=200 duration_ms=1 request_id=14fb6e24-5e99-4f2c-9fcb-820b5ea8c2da
time=2026-05-03T17:44:13.566+05:30 level=INFO msg=request method=GET path=/api/v1/competition/leaderboard status=200 duration_ms=1 request_id=d8ff41e6-cdcf-4737-b0a1-08c1378c45b6
time=2026-05-03T17:44:13.567+05:30 level=INFO msg=request method=GET path=/api/v1/competition/c0000000-0001-0001-0001-000000000001/market-share-status status=200 duration_ms=2 request_id=167015a2-058a-43db-842b-7d2b1b08633a
time=2026-05-03T17:44:17.363+05:30 level=INFO msg=request method=OPTIONS path=/api/v1/auth/login status=204 duration_ms=0 request_id=70694860-86ab-4021-8682-9cbc10a37fd7
time=2026-05-03T17:44:17.417+05:30 level=INFO msg=request method=POST path=/api/v1/auth/login status=200 duration_ms=54 request_id=dc561d01-64d3-4050-bddd-d3860bbced6b
time=2026-05-03T17:44:20.413+05:30 level=INFO msg=request method=OPTIONS path=/api/v1/outlets/999999/performance status=204 duration_ms=0 request_id=5788c379-b1d8-4a0a-85d6-f70e715b2b00
time=2026-05-03T17:44:20.413+05:30 level=INFO msg=request method=OPTIONS path=/api/v1/outlets/999999 status=204 duration_ms=0 request_id=145f88a9-ec5e-4353-90f3-5e1c8196ab5b
time=2026-05-03T17:44:20.415+05:30 level=INFO msg=request method=GET path=/api/v1/outlets/999999 status=404 duration_ms=0 request_id=4dedd2f4-90c8-4159-940f-13757c98147b
time=2026-05-03T17:44:20.415+05:30 level=INFO msg=request method=GET path=/api/v1/outlets/999999/performance status=404 duration_ms=0 request_id=804938dc-7802-4b38-bb49-66c0c3a64480
time=2026-05-03T17:44:22.562+05:30 level=INFO msg=request method=POST path=/api/v1/auth/login status=200 duration_ms=57 request_id=247bdf5b-1df6-4d89-973c-b63bcbcfd5c0
time=2026-05-03T17:44:22.569+05:30 level=INFO msg=request method=GET path=/api/v1/territory/outlets status=200 duration_ms=5 request_id=982e0ff2-479d-4a8b-94b9-7a52b96fae1b
time=2026-05-03T17:44:22.623+05:30 level=INFO msg=request method=POST path=/api/v1/auth/login status=200 duration_ms=48 request_id=30758ae3-685c-4743-8cb7-ca6c4af8a777
time=2026-05-03T17:44:22.624+05:30 level=INFO msg=request method=GET path=/api/v1/territory/outlets status=403 duration_ms=0 request_id=904fbfbc-718a-4c9a-926d-cf77fa4add4e
time=2026-05-03T17:44:22.640+05:30 level=INFO msg=request method=GET path=/api/v1/territory/outlets status=200 duration_ms=12 request_id=d19a9f8b-b0a7-4a0f-a6e1-fb899caedf1a
time=2026-05-03T17:44:22.651+05:30 level=INFO msg=request method=GET path=/api/v1/admin/users status=200 duration_ms=2 request_id=62b3d0f0-2af4-4161-b313-db3debed5872
time=2026-05-03T17:44:22.702+05:30 level=INFO msg=request method=POST path=/api/v1/admin/users status=500 duration_ms=47 request_id=1a4fba95-eba1-40c1-98a6-a71754e50b28
time=2026-05-03T17:44:22.709+05:30 level=INFO msg=request method=GET path=/api/v1/admin/users status=200 duration_ms=1 request_id=1ad09979-3183-41b7-94a5-ed1a5054bc43
time=2026-05-03T17:44:22.710+05:30 level=INFO msg=request method=PUT path=/api/v1/admin/users/e6f57628-9453-40d1-8357-1298ab802300 status=500 duration_ms=0 request_id=151e6713-8074-4d28-a482-fa517f1d10cf
time=2026-05-03T17:44:23.002+05:30 level=INFO msg=request method=POST path=/api/v1/auth/login status=200 duration_ms=49 request_id=bb6bab25-594b-469f-8c0a-62049270afa7
time=2026-05-03T17:44:23.060+05:30 level=INFO msg=request method=POST path=/api/v1/auth/login status=200 duration_ms=49 request_id=783315d2-a0b2-425b-9cfd-c1c27390e87a
time=2026-05-03T17:44:23.067+05:30 level=INFO msg=request method=GET path=/api/v1/admin/users status=429 duration_ms=0 request_id=8c7ad446-f795-4680-b395-527f27148bf3
time=2026-05-03T17:44:23.078+05:30 level=INFO msg=request method=GET path=/api/v1/competition/c0000000-0001-0001-0001-000000000001/market-share-status status=429 duration_ms=0 request_id=449d37fe-2fe8-4085-9a40-faa15922f1cd
time=2026-05-03T17:44:23.364+05:30 level=INFO msg=request method=POST path=/api/v1/auth/login status=200 duration_ms=49 request_id=2f3aa181-76f9-4790-be87-7c8b7d043d89
time=2026-05-03T17:44:23.367+05:30 level=INFO msg=request method=GET path=/api/v1/competition/leaderboard status=429 duration_ms=0 request_id=9a700fec-0e0a-4450-b890-d0c3dfc219ed
time=2026-05-03T17:44:23.621+05:30 level=INFO msg=request method=POST path=/api/v1/auth/login status=429 duration_ms=0 request_id=739d088c-82e7-405a-84fa-c702bba86733
time=2026-05-03T17:44:25.701+05:30 level=INFO msg=request method=POST path=/api/v1/auth/login status=200 duration_ms=73 request_id=bdf2de84-516c-42ae-b4b9-6a9cdd47ba06
time=2026-05-03T17:44:25.708+05:30 level=INFO msg=request method=GET path=/api/v1/competition/leaderboard status=200 duration_ms=4 request_id=da64719f-4184-434a-88de-87094ac5b4d5
time=2026-05-03T17:44:26.497+05:30 level=INFO msg=request method=OPTIONS path=/api/v1/auth/login status=204 duration_ms=0 request_id=eca07efd-31b0-4703-87de-b56695442433
time=2026-05-03T17:44:26.549+05:30 level=INFO msg=request method=POST path=/api/v1/auth/login status=200 duration_ms=51 request_id=a8c75b4f-c888-470d-bf2d-548e24845fdb
time=2026-05-03T17:44:29.547+05:30 level=INFO msg=request method=OPTIONS path=/api/v1/outlets/112847 status=204 duration_ms=0 request_id=a63e330a-3bcb-4636-a06f-e72eec98a2f5
time=2026-05-03T17:44:29.547+05:30 level=INFO msg=request method=OPTIONS path=/api/v1/outlets/112847/performance status=204 duration_ms=0 request_id=e4cf22b1-2094-467b-aafc-bcb8e1e96715
time=2026-05-03T17:44:29.550+05:30 level=INFO msg=request method=GET path=/api/v1/outlets/112847/performance status=200 duration_ms=2 request_id=e64e972c-2569-46d8-87a7-199132b8e82e
time=2026-05-03T17:44:29.550+05:30 level=INFO msg=request method=GET path=/api/v1/outlets/112847 status=200 duration_ms=2 request_id=7d4292a3-fbd2-4749-bc47-21d358f2e234
time=2026-05-03T17:44:29.561+05:30 level=INFO msg=request method=OPTIONS path=/api/v1/outlets/112847/targets status=204 duration_ms=0 request_id=a5ac91d0-9fba-4784-8802-ed7953aeb854
time=2026-05-03T17:44:29.563+05:30 level=INFO msg=request method=GET path=/api/v1/outlets/112847/targets status=200 duration_ms=1 request_id=f593de98-7f36-4084-9e0e-7c75702fc0f8
time=2026-05-03T17:44:29.564+05:30 level=INFO msg=request method=OPTIONS path=/api/v1/outlets/112847/analysis status=204 duration_ms=0 request_id=9542193a-4209-409a-920f-2bc37701b0e9
time=2026-05-03T17:44:29.564+05:30 level=INFO msg=request method=OPTIONS path=/api/v1/competition/leaderboard status=204 duration_ms=0 request_id=34b605e1-caae-48ac-ae58-55e6501a2816
time=2026-05-03T17:44:29.564+05:30 level=INFO msg=request method=OPTIONS path=/api/v1/competition/c0000000-0001-0001-0001-000000000001/market-share-status status=204 duration_ms=0 request_id=11760cd7-0953-43f8-9f8c-be6384000020
time=2026-05-03T17:44:29.566+05:30 level=INFO msg=request method=GET path=/api/v1/outlets/112847/analysis status=200 duration_ms=1 request_id=021e9978-868f-4557-9024-c672bf4a9fba
time=2026-05-03T17:44:29.567+05:30 level=INFO msg=request method=GET path=/api/v1/competition/leaderboard status=200 duration_ms=2 request_id=7479ec29-80e6-4cd9-890c-1836ffab6d15
time=2026-05-03T17:44:29.567+05:30 level=INFO msg=request method=GET path=/api/v1/competition/c0000000-0001-0001-0001-000000000001/market-share-status status=200 duration_ms=2 request_id=9f3afa1d-a86b-43bf-8b2e-792660e05713
time=2026-05-03T17:44:32.364+05:30 level=INFO msg=request method=OPTIONS path=/api/v1/auth/login status=204 duration_ms=0 request_id=e52acef0-3df1-4438-9a82-4f42f5beca33
time=2026-05-03T17:44:32.416+05:30 level=INFO msg=request method=POST path=/api/v1/auth/login status=200 duration_ms=52 request_id=69f690df-919e-4834-961f-7005b59ffaa9
time=2026-05-03T17:44:35.414+05:30 level=INFO msg=request method=OPTIONS path=/api/v1/outlets/112847 status=204 duration_ms=0 request_id=860d8d91-c925-4efd-b606-f3f0ad955433
time=2026-05-03T17:44:35.414+05:30 level=INFO msg=request method=OPTIONS path=/api/v1/outlets/112847/performance status=204 duration_ms=0 request_id=972222a9-fe4b-460b-9fa7-ec8d5b2cf1df
time=2026-05-03T17:44:35.416+05:30 level=INFO msg=request method=GET path=/api/v1/outlets/112847/performance status=200 duration_ms=1 request_id=ed09b317-e379-40b4-be0c-d2e150fcbe69
time=2026-05-03T17:44:35.416+05:30 level=INFO msg=request method=GET path=/api/v1/outlets/112847 status=200 duration_ms=2 request_id=100ac3d0-d36f-4def-b47a-e575bff050c7
time=2026-05-03T17:44:35.428+05:30 level=INFO msg=request method=OPTIONS path=/api/v1/outlets/112847/targets status=204 duration_ms=0 request_id=15d84e73-00dc-493a-90ff-6160fed9d056
time=2026-05-03T17:44:35.429+05:30 level=INFO msg=request method=GET path=/api/v1/outlets/112847/targets status=200 duration_ms=0 request_id=11bf455d-f986-45c8-85fc-6f1c953da47a
time=2026-05-03T17:44:35.430+05:30 level=INFO msg=request method=OPTIONS path=/api/v1/outlets/112847/analysis status=204 duration_ms=0 request_id=916b71a8-fcd3-4920-a23f-bf0ccc370278
time=2026-05-03T17:44:35.430+05:30 level=INFO msg=request method=OPTIONS path=/api/v1/competition/leaderboard status=204 duration_ms=0 request_id=9ad8d143-66d6-4a4e-991d-b084e5741f19
time=2026-05-03T17:44:35.431+05:30 level=INFO msg=request method=OPTIONS path=/api/v1/competition/c0000000-0001-0001-0001-000000000001/market-share-status status=204 duration_ms=0 request_id=dcdf9186-0776-455e-b8d8-89a13d825867
time=2026-05-03T17:44:35.432+05:30 level=INFO msg=request method=GET path=/api/v1/outlets/112847/analysis status=200 duration_ms=1 request_id=69f73277-e8da-4b1d-bd74-5876b987efeb
time=2026-05-03T17:44:35.433+05:30 level=INFO msg=request method=GET path=/api/v1/competition/leaderboard status=200 duration_ms=1 request_id=1d29e5b3-f457-41e7-9156-c017f6b05c4e
time=2026-05-03T17:44:35.433+05:30 level=INFO msg=request method=GET path=/api/v1/competition/c0000000-0001-0001-0001-000000000001/market-share-status status=200 duration_ms=2 request_id=9ac752cd-4a38-4427-b843-634fd6cad760
time=2026-05-03T17:44:39.213+05:30 level=INFO msg=request method=OPTIONS path=/api/v1/auth/login status=204 duration_ms=0 request_id=ecd564c5-6248-4e5a-8742-24977fbc81e1
time=2026-05-03T17:44:39.269+05:30 level=INFO msg=request method=POST path=/api/v1/auth/login status=200 duration_ms=56 request_id=15d5c427-568e-4d54-b255-3a0af944dc84
time=2026-05-03T17:44:44.367+05:30 level=INFO msg=request method=POST path=/api/v1/auth/login status=401 duration_ms=1 request_id=890848fd-4d22-4097-b11c-f7547df1681f
time=2026-05-03T17:44:44.372+05:30 level=INFO msg=request method=POST path=/api/v1/auth/login status=401 duration_ms=0 request_id=b8554943-c598-4180-b208-4a4692a7e80b
time=2026-05-03T17:44:45.605+05:30 level=INFO msg=request method=GET path=/api/v1/auth/me status=401 duration_ms=0 request_id=0ee49a97-7d97-4eef-a03b-9e91d6866583
time=2026-05-03T17:44:45.610+05:30 level=INFO msg=request method=GET path=/api/v1/outlets/112847 status=401 duration_ms=0 request_id=1c88574b-be46-4b52-a696-b016e8093306
time=2026-05-03T17:44:45.663+05:30 level=INFO msg=request method=POST path=/api/v1/auth/login status=200 duration_ms=49 request_id=9b6af814-c95f-4898-8db7-eeee02c5873a
time=2026-05-03T17:44:45.669+05:30 level=INFO msg=request method=GET path=/health status=200 duration_ms=0 request_id=acb6cfbc-ac2c-4d23-9baa-fb5db5d08e7c
time=2026-05-03T17:44:49.288+05:30 level=INFO msg=request method=POST path=/api/v1/auth/login status=200 duration_ms=53 request_id=1e41271c-e4af-404d-8724-b4e5e30f0b3f
time=2026-05-03T17:44:49.301+05:30 level=INFO msg=request method=GET path=/api/v1/competition/leaderboard status=200 duration_ms=3 request_id=fa67478f-0b7c-4f60-a363-d3c75e092a3a
time=2026-05-03T17:44:52.220+05:30 level=INFO msg=request method=POST path=/api/v1/auth/login status=200 duration_ms=59 request_id=372dbfa9-5347-4854-9509-209dec7b8148
time=2026-05-03T17:44:52.234+05:30 level=INFO msg=request method=GET path=/api/v1/competition/c0000000-0001-0001-0001-000000000001/market-share-status status=200 duration_ms=4 request_id=0510847e-bf31-432c-8dab-975dc2717125
time=2026-05-03T17:44:56.515+05:30 level=INFO msg=request method=POST path=/api/v1/auth/login status=200 duration_ms=50 request_id=36df2ba6-77a1-4e58-a161-eb1b4b857e32
time=2026-05-03T17:44:56.525+05:30 level=INFO msg=request method=GET path=/api/v1/territory/outlets status=200 duration_ms=6 request_id=db523a2b-881f-4ec1-a307-e02ed28f7f44
time=2026-05-03T17:44:56.539+05:30 level=INFO msg=request method=GET path=/api/v1/outlets/112386/performance status=200 duration_ms=1 request_id=3c3b2658-f129-4fb9-801e-88ee9b4ba6d0
time=2026-05-03T17:44:56.540+05:30 level=INFO msg=request method=GET path=/api/v1/outlets/255872/performance status=200 duration_ms=1 request_id=90d7b2f0-608e-4fd0-9497-8aa11365819b
time=2026-05-03T17:44:56.552+05:30 level=INFO msg=request method=GET path=/api/v1/outlets/109678/performance status=429 duration_ms=0 request_id=44ff32bd-30fc-4b34-8e33-2a25329d8505
time=2026-05-03T17:44:56.552+05:30 level=INFO msg=request method=GET path=/api/v1/outlets/112431/performance status=429 duration_ms=0 request_id=229e711a-915e-4a96-af75-d4c8b2c5918a
time=2026-05-03T17:44:56.552+05:30 level=INFO msg=request method=GET path=/api/v1/outlets/112438/performance status=429 duration_ms=0 request_id=1917543f-2802-491d-a585-815eaf47a62a
time=2026-05-03T17:44:56.552+05:30 level=INFO msg=request method=GET path=/api/v1/outlets/127090/performance status=429 duration_ms=0 request_id=107e01b8-6e0e-4f9c-8402-7d189b97c52e
time=2026-05-03T17:44:56.552+05:30 level=INFO msg=request method=GET path=/api/v1/outlets/112450/performance status=429 duration_ms=0 request_id=51453293-2277-4892-b2f5-45a2355d7c44
time=2026-05-03T17:44:56.552+05:30 level=INFO msg=request method=GET path=/api/v1/outlets/112448/performance status=429 duration_ms=0 request_id=aa241f25-d974-431b-aa1f-ebe233209761
time=2026-05-03T17:44:56.552+05:30 level=INFO msg=request method=GET path=/api/v1/outlets/111234/performance status=429 duration_ms=0 request_id=b5bd49ca-bef1-47fc-9c45-a661d99d931f
time=2026-05-03T17:44:56.552+05:30 level=INFO msg=request method=GET path=/api/v1/outlets/110234/performance status=429 duration_ms=0 request_id=daa9d408-7ad2-4c23-b638-6216279bda95
time=2026-05-03T17:44:56.552+05:30 level=INFO msg=request method=GET path=/api/v1/outlets/112456/performance status=429 duration_ms=0 request_id=ce010c63-c0aa-464a-9b56-aa001edb55a3
time=2026-05-03T17:44:56.552+05:30 level=INFO msg=request method=GET path=/api/v1/outlets/112847/performance status=429 duration_ms=0 request_id=c23486ce-0bf7-4704-8ab0-94d1f232ca82
time=2026-05-03T17:44:56.552+05:30 level=INFO msg=request method=GET path=/api/v1/outlets/111456/performance status=429 duration_ms=0 request_id=c9c9726b-f9f7-4983-887a-1949c8edf89f
time=2026-05-03T17:44:56.552+05:30 level=INFO msg=request method=GET path=/api/v1/outlets/113456/performance status=429 duration_ms=0 request_id=3c397aa1-5950-4912-9a03-f78ac2bd15eb
time=2026-05-03T17:44:56.552+05:30 level=INFO msg=request method=GET path=/api/v1/outlets/129151/performance status=429 duration_ms=0 request_id=b5265657-6853-4126-a845-bc9d96709e5e
time=2026-05-03T17:44:56.552+05:30 level=INFO msg=request method=GET path=/api/v1/outlets/250828/performance status=429 duration_ms=0 request_id=1abd6d3f-93ca-4a1e-a693-13ffe81323db
time=2026-05-03T17:44:56.552+05:30 level=INFO msg=request method=GET path=/api/v1/outlets/244099/performance status=429 duration_ms=0 request_id=8fdec355-75b4-47eb-be5e-3f0e4c1091fb
time=2026-05-03T17:44:56.552+05:30 level=INFO msg=request method=GET path=/api/v1/outlets/113234/performance status=429 duration_ms=0 request_id=aea06695-f183-4afb-9ca9-415ac9ce8f1e
time=2026-05-03T17:44:56.552+05:30 level=INFO msg=request method=GET path=/api/v1/outlets/112458/performance status=429 duration_ms=0 request_id=0f954f9d-c0cc-45d2-aa4b-8557d53cd6b8
time=2026-05-03T17:44:56.552+05:30 level=INFO msg=request method=GET path=/api/v1/outlets/112441/performance status=429 duration_ms=0 request_id=5f25abd0-0831-49cd-aceb-c27d6aff666c
time=2026-05-03T17:44:56.552+05:30 level=INFO msg=request method=GET path=/api/v1/outlets/113890/performance status=429 duration_ms=0 request_id=35868fd4-3d3d-4638-b58e-ddaa9d3ab608
time=2026-05-03T17:44:56.552+05:30 level=INFO msg=request method=GET path=/api/v1/outlets/118345/performance status=429 duration_ms=0 request_id=5cbbd924-e122-4458-82b9-d07ff02da41e
time=2026-05-03T17:44:56.552+05:30 level=INFO msg=request method=GET path=/api/v1/outlets/119876/performance status=429 duration_ms=0 request_id=06d57ad3-2c4f-4c37-967f-df03fdc36a82
time=2026-05-03T17:44:56.552+05:30 level=INFO msg=request method=GET path=/api/v1/outlets/131712/performance status=429 duration_ms=0 request_id=22410260-6f89-47c3-99a8-4a71a59fd76c
time=2026-05-03T17:44:56.552+05:30 level=INFO msg=request method=GET path=/api/v1/outlets/112462/performance status=429 duration_ms=0 request_id=a95fbbd3-aba0-44c0-a672-959b9a0fc0ac
time=2026-05-03T17:44:56.552+05:30 level=INFO msg=request method=GET path=/api/v1/outlets/112012/performance status=429 duration_ms=0 request_id=745a41ba-976e-4309-a9cf-254e46e5daa4
time=2026-05-03T17:44:56.552+05:30 level=INFO msg=request method=GET path=/api/v1/outlets/107634/performance status=429 duration_ms=0 request_id=f67d7fc8-608e-4247-aecd-19f1fd0697f0
time=2026-05-03T17:44:56.552+05:30 level=INFO msg=request method=GET path=/api/v1/outlets/236924/performance status=429 duration_ms=0 request_id=bacb9751-5684-4522-8568-d0b8dad4cd7d
time=2026-05-03T17:44:56.552+05:30 level=INFO msg=request method=GET path=/api/v1/outlets/112457/performance status=429 duration_ms=0 request_id=1005fcc8-7a6b-4aea-aa1e-36b1dae31b3d
time=2026-05-03T17:44:56.552+05:30 level=INFO msg=request method=GET path=/api/v1/outlets/112460/performance status=429 duration_ms=0 request_id=94ea0c1b-352e-485e-af6a-a1ca04c5a6b6
time=2026-05-03T17:44:56.552+05:30 level=INFO msg=request method=GET path=/api/v1/outlets/112383/performance status=429 duration_ms=0 request_id=53816d60-6f91-4f13-b81d-e1f08ceda1c3
time=2026-05-03T17:44:56.552+05:30 level=INFO msg=request method=GET path=/api/v1/outlets/112392/performance status=429 duration_ms=0 request_id=a7013a28-0dd7-4471-af09-86f7c77023b3
time=2026-05-03T17:44:56.552+05:30 level=INFO msg=request method=GET path=/api/v1/outlets/112391/performance status=429 duration_ms=0 request_id=4bbbe4c8-ca2f-4f05-80c9-bed3b51c323e
time=2026-05-03T17:44:56.552+05:30 level=INFO msg=request method=GET path=/api/v1/outlets/112393/performance status=429 duration_ms=0 request_id=a5490bc3-c501-4292-8384-ac39afb51b3e
time=2026-05-03T17:44:56.552+05:30 level=INFO msg=request method=GET path=/api/v1/outlets/112387/performance status=429 duration_ms=0 request_id=860a7549-7981-41d8-a8d6-75fe1095c8d4
time=2026-05-03T17:44:56.552+05:30 level=INFO msg=request method=GET path=/api/v1/outlets/112397/performance status=429 duration_ms=0 request_id=cfc81d40-3886-495a-be2d-bcdfd2e1b4c4
time=2026-05-03T17:44:56.552+05:30 level=INFO msg=request method=GET path=/api/v1/outlets/156837/performance status=429 duration_ms=0 request_id=3f262274-a8b0-4226-8a84-c90e37b41a5e
time=2026-05-03T17:44:56.552+05:30 level=INFO msg=request method=GET path=/api/v1/outlets/112398/performance status=429 duration_ms=0 request_id=6322216f-65c9-4c05-b200-d3ea337c4a2b
time=2026-05-03T17:44:56.552+05:30 level=INFO msg=request method=GET path=/api/v1/outlets/112401/performance status=429 duration_ms=0 request_id=f2957bc8-698a-4784-b728-aee5e22dbfbc
time=2026-05-03T17:44:56.553+05:30 level=INFO msg=request method=GET path=/api/v1/outlets/112345/performance status=429 duration_ms=0 request_id=a840d8b4-20c1-4838-b822-edb2b6d9bd23
time=2026-05-03T17:44:56.553+05:30 level=INFO msg=request method=GET path=/api/v1/outlets/157172/performance status=429 duration_ms=0 request_id=68b29f2e-9944-4ab2-9817-45aed5ab4328
time=2026-05-03T17:44:56.553+05:30 level=INFO msg=request method=GET path=/api/v1/outlets/112434/performance status=429 duration_ms=0 request_id=fc698442-8252-4780-a2c2-d24bb2d6cfc7
time=2026-05-03T17:44:56.553+05:30 level=INFO msg=request method=GET path=/api/v1/outlets/112429/performance status=429 duration_ms=0 request_id=89eae828-b41c-4d2a-84e1-740c8d4f5033
time=2026-05-03T17:44:56.553+05:30 level=INFO msg=request method=GET path=/api/v1/outlets/112444/performance status=429 duration_ms=0 request_id=f29f0a5e-497f-4db5-9065-001886872ebe
time=2026-05-03T17:44:56.553+05:30 level=INFO msg=request method=GET path=/api/v1/outlets/112445/performance status=429 duration_ms=0 request_id=7a9f9d33-1850-42bc-a2ff-74ee5ad2b7c7
time=2026-05-03T17:44:56.553+05:30 level=INFO msg=request method=GET path=/api/v1/outlets/112436/performance status=429 duration_ms=0 request_id=94afa2f9-49ca-4bc5-a33d-6b9ffc6b9cd9
time=2026-05-03T17:44:56.553+05:30 level=INFO msg=request method=GET path=/api/v1/outlets/112453/performance status=429 duration_ms=0 request_id=d9351ecb-a51a-4dd8-931f-d0c05afee9c7
time=2026-05-03T17:44:56.553+05:30 level=INFO msg=request method=GET path=/api/v1/outlets/108923/performance status=429 duration_ms=0 request_id=4bba4b65-6a81-4d67-a5cf-187f4ed7f3e2
time=2026-05-03T17:44:56.553+05:30 level=INFO msg=request method=GET path=/api/v1/outlets/112454/performance status=429 duration_ms=0 request_id=b655d0d4-ed8b-44a3-9cb0-eaa3d7e0ae55
time=2026-05-03T17:44:56.553+05:30 level=INFO msg=request method=GET path=/api/v1/outlets/112789/performance status=429 duration_ms=0 request_id=4e7ff402-5007-41a9-b69e-2ed7c7e55d85
time=2026-05-03T17:44:56.553+05:30 level=INFO msg=request method=GET path=/api/v1/outlets/114234/performance status=429 duration_ms=0 request_id=d7739780-bb7b-492c-8c73-6d82839c63b5
time=2026-05-03T17:44:56.553+05:30 level=INFO msg=request method=GET path=/api/v1/outlets/151186/performance status=429 duration_ms=0 request_id=de6e3026-f6ff-4e6c-a4a6-19c40cec2190
time=2026-05-03T17:44:56.553+05:30 level=INFO msg=request method=GET path=/api/v1/outlets/198868/performance status=429 duration_ms=0 request_id=41897f61-568f-4bcc-8688-47b6a16cd96e
time=2026-05-03T17:44:56.553+05:30 level=INFO msg=request method=GET path=/api/v1/outlets/118567/performance status=429 duration_ms=0 request_id=046b3865-6242-463a-b0b6-9e96b5398bbd
time=2026-05-03T17:44:56.553+05:30 level=INFO msg=request method=GET path=/api/v1/outlets/118012/performance status=429 duration_ms=0 request_id=ac70a415-673d-470f-ac44-02a46c5eef04
time=2026-05-03T17:44:56.553+05:30 level=INFO msg=request method=GET path=/api/v1/outlets/112402/performance status=429 duration_ms=0 request_id=b5119a0b-0acb-41ab-858e-da090527e1c2
time=2026-05-03T17:44:56.553+05:30 level=INFO msg=request method=GET path=/api/v1/outlets/109251/performance status=429 duration_ms=0 request_id=a713d581-320d-487c-ba22-c0c000b715f1
time=2026-05-03T17:44:56.553+05:30 level=INFO msg=request method=GET path=/api/v1/outlets/200922/performance status=200 duration_ms=1 request_id=b8774c29-8629-4a55-a330-d043916227a8
time=2026-05-03T17:44:56.553+05:30 level=INFO msg=request method=GET path=/api/v1/outlets/168006/performance status=429 duration_ms=0 request_id=ab8089df-985e-4c5b-a43d-632707edde25
time=2026-05-03T17:44:56.553+05:30 level=INFO msg=request method=GET path=/api/v1/outlets/148413/performance status=429 duration_ms=0 request_id=5f2ec95b-f460-4455-afd4-e30b60db5888
time=2026-05-03T17:44:56.553+05:30 level=INFO msg=request method=GET path=/api/v1/outlets/112415/performance status=429 duration_ms=0 request_id=e855cc6b-5178-4e7d-aedc-0f3a83d35b89
time=2026-05-03T17:44:56.553+05:30 level=INFO msg=request method=GET path=/api/v1/outlets/112407/performance status=429 duration_ms=0 request_id=c02fca91-9013-4764-8211-5eee5892c3d7
time=2026-05-03T17:44:56.553+05:30 level=INFO msg=request method=GET path=/api/v1/outlets/108765/performance status=429 duration_ms=0 request_id=2ea72846-38f6-4dfd-9277-a43fc695e512
time=2026-05-03T17:44:56.553+05:30 level=INFO msg=request method=GET path=/api/v1/outlets/112420/performance status=429 duration_ms=0 request_id=9a1a1bef-19ec-43c5-ac29-a3defca330ff
time=2026-05-03T17:44:56.553+05:30 level=INFO msg=request method=GET path=/api/v1/outlets/198751/performance status=429 duration_ms=0 request_id=f95f3928-3c6f-4052-af3c-1d3f4a2ead4a
time=2026-05-03T17:44:56.553+05:30 level=INFO msg=request method=GET path=/api/v1/outlets/118901/performance status=429 duration_ms=0 request_id=4e8641bf-b78d-4e5f-856b-d1ee02987303
time=2026-05-03T17:44:56.553+05:30 level=INFO msg=request method=GET path=/api/v1/outlets/117890/performance status=429 duration_ms=0 request_id=ca540935-0a99-4391-9401-e748973b0db6
time=2026-05-03T17:44:56.553+05:30 level=INFO msg=request method=GET path=/api/v1/outlets/112446/performance status=429 duration_ms=0 request_id=07ddd802-4485-45e4-aade-3ec2e8328e02
time=2026-05-03T17:44:56.553+05:30 level=INFO msg=request method=GET path=/api/v1/outlets/136152/performance status=429 duration_ms=0 request_id=925cb3df-23cf-43fe-8a1c-7da6345ab6a9
time=2026-05-03T17:44:56.553+05:30 level=INFO msg=request method=GET path=/api/v1/outlets/128472/performance status=429 duration_ms=0 request_id=aa339d1d-60a9-469a-a037-0688ac77b962
time=2026-05-03T17:44:56.553+05:30 level=INFO msg=request method=GET path=/api/v1/outlets/112384/performance status=429 duration_ms=0 request_id=8f9f3762-eaca-49e3-9c63-3311f9fa963a
time=2026-05-03T17:44:56.553+05:30 level=INFO msg=request method=GET path=/api/v1/outlets/112389/performance status=429 duration_ms=0 request_id=a2cff177-1441-4a08-a33b-7da1b4a65d1e
time=2026-05-03T17:44:56.553+05:30 level=INFO msg=request method=GET path=/api/v1/outlets/112385/performance status=429 duration_ms=0 request_id=4d779f58-0a70-4c74-b37f-c809d6d27870
time=2026-05-03T17:44:56.553+05:30 level=INFO msg=request method=GET path=/api/v1/outlets/112395/performance status=429 duration_ms=0 request_id=91cbca3b-0ecc-4da2-9e35-56ae92e61691
time=2026-05-03T17:44:56.553+05:30 level=INFO msg=request method=GET path=/api/v1/outlets/115634/performance status=429 duration_ms=0 request_id=ac350dd8-478a-4079-ac32-86a2bfc94ce8
time=2026-05-03T17:44:56.553+05:30 level=INFO msg=request method=GET path=/api/v1/outlets/123784/performance status=429 duration_ms=0 request_id=bb9f55df-a85b-4147-afad-9993feb0dac0
time=2026-05-03T17:44:56.553+05:30 level=INFO msg=request method=GET path=/api/v1/outlets/116456/performance status=429 duration_ms=0 request_id=a7f7e369-f4da-4def-8b64-fedccbeb8889
time=2026-05-03T17:44:56.553+05:30 level=INFO msg=request method=GET path=/api/v1/outlets/119012/performance status=429 duration_ms=0 request_id=a7147c30-e5ff-4492-a302-3dd5f6b6deda
time=2026-05-03T17:44:56.553+05:30 level=INFO msg=request method=GET path=/api/v1/outlets/149238/performance status=429 duration_ms=0 request_id=8228062b-ab20-4f73-b922-0876205a727c
time=2026-05-03T17:44:56.553+05:30 level=INFO msg=request method=GET path=/api/v1/outlets/112403/performance status=429 duration_ms=0 request_id=afd8bbd4-3b2d-4780-9b3b-f00c0bd62fab
time=2026-05-03T17:44:56.553+05:30 level=INFO msg=request method=GET path=/api/v1/outlets/147286/performance status=429 duration_ms=0 request_id=f47255ce-a914-46ac-ac7a-8bffef7c66f1
time=2026-05-03T17:44:56.553+05:30 level=INFO msg=request method=GET path=/api/v1/outlets/112412/performance status=429 duration_ms=0 request_id=2cad2a31-54ca-4613-9b39-c520db3fde51
time=2026-05-03T17:44:56.553+05:30 level=INFO msg=request method=GET path=/api/v1/outlets/112411/performance status=429 duration_ms=0 request_id=fa895eb1-0ac7-4547-bcc6-b129f11baad2
time=2026-05-03T17:44:56.553+05:30 level=INFO msg=request method=GET path=/api/v1/outlets/167171/performance status=429 duration_ms=0 request_id=6ba70d54-fbc2-4dfd-8850-bc741961fee4
time=2026-05-03T17:44:56.553+05:30 level=INFO msg=request method=GET path=/api/v1/outlets/115901/performance status=200 duration_ms=2 request_id=eeeb9425-a267-4ac8-9f7e-ddc074f6dd42
time=2026-05-03T17:44:56.553+05:30 level=INFO msg=request method=GET path=/api/v1/outlets/144329/performance status=200 duration_ms=1 request_id=cf7a29f1-5205-417c-939f-26de3e6fd153
time=2026-05-03T17:44:56.553+05:30 level=INFO msg=request method=GET path=/api/v1/outlets/112390/performance status=200 duration_ms=2 request_id=fb654b38-4752-4439-a979-b7c22636c780
time=2026-05-03T17:44:56.553+05:30 level=INFO msg=request method=GET path=/api/v1/outlets/112417/performance status=200 duration_ms=1 request_id=06b5cccf-d988-4fbc-b4d2-754d50d826df
time=2026-05-03T17:44:56.553+05:30 level=INFO msg=request method=GET path=/api/v1/outlets/117567/performance status=200 duration_ms=1 request_id=ea449aa3-6426-4dc5-b61b-30408bcb329c
time=2026-05-03T17:44:56.554+05:30 level=INFO msg=request method=GET path=/api/v1/outlets/112414/performance status=200 duration_ms=2 request_id=fc20b8e8-1687-4733-95c1-6c4b32895280
time=2026-05-03T17:44:56.554+05:30 level=INFO msg=request method=GET path=/api/v1/outlets/115789/performance status=429 duration_ms=0 request_id=77e1a924-e7ca-47d0-83ff-8a3647b4b7ff
time=2026-05-03T17:44:56.554+05:30 level=INFO msg=request method=GET path=/api/v1/outlets/112418/performance status=429 duration_ms=0 request_id=dc02d15a-998c-46db-b56f-cefd0727f501
time=2026-05-03T17:44:56.554+05:30 level=INFO msg=request method=GET path=/api/v1/outlets/112416/performance status=429 duration_ms=0 request_id=a4abfb68-9a17-4dab-a339-ead9c82d9a0b
time=2026-05-03T17:44:56.554+05:30 level=INFO msg=request method=GET path=/api/v1/outlets/112419/performance status=429 duration_ms=0 request_id=24a53078-cd2c-4f05-9046-ab47e2c60493
time=2026-05-03T17:44:56.554+05:30 level=INFO msg=request method=GET path=/api/v1/outlets/115012/performance status=429 duration_ms=0 request_id=e1c74822-1087-427d-ad04-9198986c9f85
time=2026-05-03T17:44:56.554+05:30 level=INFO msg=request method=GET path=/api/v1/outlets/112422/performance status=429 duration_ms=0 request_id=65a0d92e-8857-4a60-8f99-b7a9fe0093df
time=2026-05-03T17:44:56.554+05:30 level=INFO msg=request method=GET path=/api/v1/outlets/112424/performance status=429 duration_ms=0 request_id=ec406915-e1c7-4264-9644-f99c981272a1
time=2026-05-03T17:44:56.554+05:30 level=INFO msg=request method=GET path=/api/v1/outlets/112428/performance status=429 duration_ms=0 request_id=16b3f653-5371-487a-873a-b7711398a66f
time=2026-05-03T17:44:56.554+05:30 level=INFO msg=request method=GET path=/api/v1/outlets/112425/performance status=429 duration_ms=0 request_id=ec770a47-2e86-41df-a0b9-48c3ef8468e6
time=2026-05-03T17:44:56.554+05:30 level=INFO msg=request method=GET path=/api/v1/outlets/112437/performance status=429 duration_ms=0 request_id=c80cd8ff-2f0a-4942-a5df-2b3a3479a459
time=2026-05-03T17:44:56.554+05:30 level=INFO msg=request method=GET path=/api/v1/outlets/112440/performance status=429 duration_ms=0 request_id=17cc9243-20ee-461e-8d6d-0fe659cb4011
time=2026-05-03T17:44:56.554+05:30 level=INFO msg=request method=GET path=/api/v1/outlets/114678/performance status=429 duration_ms=0 request_id=eec77b49-f6cf-4302-aec1-ce6eef9ce68a
time=2026-05-03T17:44:56.554+05:30 level=INFO msg=request method=GET path=/api/v1/outlets/112442/performance status=429 duration_ms=0 request_id=d16fec35-3b3c-42fe-86c7-e27974a627db
time=2026-05-03T17:44:56.554+05:30 level=INFO msg=request method=GET path=/api/v1/outlets/112443/performance status=429 duration_ms=0 request_id=9d702e6f-984a-47a3-99f4-a57a4728d719
time=2026-05-03T17:44:56.554+05:30 level=INFO msg=request method=GET path=/api/v1/outlets/111789/performance status=429 duration_ms=0 request_id=09b37b2b-ad58-4d45-ae50-f5bc43c6c054
time=2026-05-03T17:44:56.554+05:30 level=INFO msg=request method=GET path=/api/v1/outlets/112439/performance status=429 duration_ms=0 request_id=9e4bd6a1-94ce-4b42-8d1d-5da66b73438a
time=2026-05-03T17:44:56.554+05:30 level=INFO msg=request method=GET path=/api/v1/outlets/163708/performance status=429 duration_ms=0 request_id=3f12baca-5576-462a-9465-e30fd7821354
time=2026-05-03T17:44:56.554+05:30 level=INFO msg=request method=GET path=/api/v1/outlets/112455/performance status=429 duration_ms=0 request_id=3da9345b-6314-4e89-8983-8b65b1b52491
time=2026-05-03T17:44:56.554+05:30 level=INFO msg=request method=GET path=/api/v1/outlets/114521/performance status=429 duration_ms=0 request_id=fe77d7ef-2d4f-4ced-be86-950dbb838274
time=2026-05-03T17:44:56.554+05:30 level=INFO msg=request method=GET path=/api/v1/outlets/117234/performance status=429 duration_ms=0 request_id=65661acc-66f4-40d2-8de9-3a3c5cc36fb3
time=2026-05-03T17:44:56.554+05:30 level=INFO msg=request method=GET path=/api/v1/outlets/112459/performance status=429 duration_ms=0 request_id=9fa505ad-de87-4491-a11f-2209bc88a8a7
time=2026-05-03T17:44:56.554+05:30 level=INFO msg=request method=GET path=/api/v1/outlets/112461/performance status=429 duration_ms=0 request_id=b53d71a5-0992-40e2-a272-94afd3e09add
time=2026-05-03T17:44:56.554+05:30 level=INFO msg=request method=GET path=/api/v1/outlets/112466/performance status=429 duration_ms=0 request_id=ed5fb589-f820-4cec-bd6e-d8556adfdc4c
time=2026-05-03T17:44:56.554+05:30 level=INFO msg=request method=GET path=/api/v1/outlets/112404/performance status=429 duration_ms=0 request_id=a82db6cf-0d8f-47a4-86cb-09b2dc17db22
time=2026-05-03T17:44:56.554+05:30 level=INFO msg=request method=GET path=/api/v1/outlets/110567/performance status=429 duration_ms=0 request_id=70aee789-690c-43c3-abc0-a7726c47a1c5
time=2026-05-03T17:44:56.554+05:30 level=INFO msg=request method=GET path=/api/v1/outlets/112427/performance status=429 duration_ms=0 request_id=1c68d622-f025-45f8-b1de-952e4dd45957
time=2026-05-03T17:44:56.554+05:30 level=INFO msg=request method=GET path=/api/v1/outlets/112435/performance status=429 duration_ms=0 request_id=fa65f410-aa57-48f5-b8b9-64b097354b96
time=2026-05-03T17:44:56.554+05:30 level=INFO msg=request method=GET path=/api/v1/outlets/116890/performance status=429 duration_ms=0 request_id=e8e8287b-0639-4778-ba69-82eda87f99f4
time=2026-05-03T17:44:56.554+05:30 level=INFO msg=request method=GET path=/api/v1/outlets/116123/performance status=429 duration_ms=0 request_id=4d31f832-f8c7-402f-89f3-f790f2fed547
time=2026-05-03T17:44:56.554+05:30 level=INFO msg=request method=GET path=/api/v1/outlets/116789/performance status=429 duration_ms=0 request_id=40c71033-28db-41e1-8cc4-3bc7fe21a13a
time=2026-05-03T17:44:56.559+05:30 level=INFO msg=request method=GET path=/api/v1/outlets/112408/performance status=429 duration_ms=0 request_id=20fdaf52-bc73-4860-9ab9-f6de39a69678
time=2026-05-03T17:44:56.559+05:30 level=INFO msg=request method=GET path=/api/v1/outlets/256507/performance status=429 duration_ms=0 request_id=e44143f1-bbb1-4dc1-99a4-635b6d2e700d
time=2026-05-03T17:44:56.559+05:30 level=INFO msg=request method=GET path=/api/v1/outlets/112410/performance status=429 duration_ms=0 request_id=2162a846-b4da-4d98-abc3-97d09797d02c
time=2026-05-03T17:44:56.559+05:30 level=INFO msg=request method=GET path=/api/v1/outlets/163741/performance status=429 duration_ms=0 request_id=f8aeb104-9df1-4cb8-b08d-61e46c4d79ed
time=2026-05-03T17:44:56.559+05:30 level=INFO msg=request method=GET path=/api/v1/outlets/144348/performance status=429 duration_ms=0 request_id=d65d0e61-0213-457e-85e3-0ef237d373d8
time=2026-05-03T17:44:56.559+05:30 level=INFO msg=request method=GET path=/api/v1/outlets/146411/performance status=429 duration_ms=0 request_id=36a82523-a9da-43d0-a05e-9ce5a52d0122
time=2026-05-03T17:44:56.559+05:30 level=INFO msg=request method=GET path=/api/v1/outlets/112451/performance status=429 duration_ms=0 request_id=8aa687e1-54a6-48b0-99a9-7b183d174b5d
time=2026-05-03T17:44:56.559+05:30 level=INFO msg=request method=GET path=/api/v1/outlets/147087/performance status=429 duration_ms=0 request_id=00388605-6813-43bc-bd87-cce812a7e148
time=2026-05-03T17:44:56.559+05:30 level=INFO msg=request method=GET path=/api/v1/outlets/113782/performance status=429 duration_ms=0 request_id=bc6a16cc-c7d7-4606-97de-4a2545978678
time=2026-05-03T17:44:56.559+05:30 level=INFO msg=request method=GET path=/api/v1/outlets/149412/performance status=429 duration_ms=0 request_id=f669e208-7951-4942-a0f5-a4e7770c52a2
time=2026-05-03T17:44:56.559+05:30 level=INFO msg=request method=GET path=/api/v1/outlets/119456/performance status=429 duration_ms=0 request_id=857c322b-7e4c-47ed-9f68-3c5e7dc5a417
time=2026-05-03T17:44:56.799+05:30 level=INFO msg=request method=POST path=/api/v1/auth/login status=429 duration_ms=0 request_id=286a5a16-9d4e-4a7d-8825-1a6ebd658862
time=2026-05-03T17:44:58.880+05:30 level=INFO msg=request method=POST path=/api/v1/auth/login status=200 duration_ms=74 request_id=6f92b684-6490-40f2-80cd-ab6425e15910
time=2026-05-03T17:44:58.896+05:30 level=INFO msg=request method=GET path=/api/v1/territory/outlets status=200 duration_ms=13 request_id=e424ff94-7323-4a1d-afe6-a85859b84fe9
time=2026-05-03T17:44:58.904+05:30 level=INFO msg=request method=GET path=/api/v1/outlets/112386/performance status=200 duration_ms=1 request_id=1ff9a736-f448-4b79-b5d2-9ed471819924
time=2026-05-03T17:44:59.185+05:30 level=INFO msg=request method=POST path=/api/v1/auth/login status=200 duration_ms=48 request_id=cf40af72-c346-4e64-aa6b-312e2b31a749
time=2026-05-03T17:44:59.188+05:30 level=INFO msg=request method=GET path=/api/v1/territory/outlets status=429 duration_ms=0 request_id=7cceecd5-8909-4e3a-a55c-2fd8d1bd0376
time=2026-05-03T17:44:59.195+05:30 level=INFO msg=request method=GET path=/api/v1/competition/leaderboard status=429 duration_ms=0 request_id=3ecf9243-58df-4416-89d1-9cdb0238ab6b
time=2026-05-03T17:44:59.448+05:30 level=INFO msg=request method=POST path=/api/v1/auth/login status=429 duration_ms=0 request_id=f03fcb78-fa4e-47ce-82db-0a9a5009aad5
time=2026-05-03T17:45:01.529+05:30 level=INFO msg=request method=POST path=/api/v1/auth/login status=200 duration_ms=73 request_id=5818cedf-1286-49aa-a7c7-59e6d87f8d64
time=2026-05-03T17:45:01.587+05:30 level=INFO msg=request method=POST path=/api/v1/auth/login status=200 duration_ms=50 request_id=d35a84c4-e872-4c0a-acbc-1551c8c61317
time=2026-05-03T17:45:01.641+05:30 level=INFO msg=request method=POST path=/api/v1/auth/login status=401 duration_ms=45 request_id=b82def70-bb32-4390-9956-c14732671568
time=2026-05-03T17:45:01.647+05:30 level=INFO msg=request method=GET path=/api/v1/auth/me status=200 duration_ms=0 request_id=ba89d393-3551-4bbe-993c-f123ed0efcfc
time=2026-05-03T17:45:01.652+05:30 level=INFO msg=request method=GET path=/api/v1/auth/me status=429 duration_ms=0 request_id=4cee4aac-4a2c-419d-afb7-e76ba02a412e
time=2026-05-03T17:45:01.938+05:30 level=INFO msg=request method=POST path=/api/v1/auth/login status=200 duration_ms=49 request_id=2dadcfa8-ef49-4a1f-994f-3bfe12ceed51
time=2026-05-03T17:45:01.947+05:30 level=INFO msg=request method=GET path=/api/v1/outlets/112847 status=429 duration_ms=0 request_id=c5173ad7-a889-4f3d-ba95-1bd5a0d6f96a
time=2026-05-03T17:45:02.202+05:30 level=INFO msg=request method=POST path=/api/v1/auth/login status=429 duration_ms=0 request_id=fdebf90c-dd05-44e4-9c67-83afc8aa4021
time=2026-05-03T17:45:04.282+05:30 level=INFO msg=request method=POST path=/api/v1/auth/login status=200 duration_ms=72 request_id=6f54f00c-9b3c-46c0-a329-48ab028cf77f
time=2026-05-03T17:45:04.291+05:30 level=INFO msg=request method=GET path=/api/v1/outlets/999999 status=404 duration_ms=0 request_id=f1b42c0d-71c9-4cfc-b5be-fec635e2878d
time=2026-05-03T17:45:04.300+05:30 level=INFO msg=request method=GET path=/api/v1/outlets/112847/performance status=200 duration_ms=2 request_id=6acf4d95-04d7-4176-b5f1-b61f76516a9d
time=2026-05-03T17:45:04.590+05:30 level=INFO msg=request method=POST path=/api/v1/auth/login status=200 duration_ms=49 request_id=bbd273af-561b-44a5-9a33-57476efb9725
time=2026-05-03T17:45:04.599+05:30 level=INFO msg=request method=GET path=/api/v1/outlets/112847/performance status=429 duration_ms=0 request_id=f167391d-2b05-427d-8ccb-0e4a5156cb3e
time=2026-05-03T17:45:04.923+05:30 level=INFO msg=request method=POST path=/api/v1/auth/login status=200 duration_ms=51 request_id=d6ff422d-a3f8-47aa-8711-cb9c58dd12a8
time=2026-05-03T17:45:04.932+05:30 level=INFO msg=request method=GET path=/api/v1/outlets/112847/performance status=429 duration_ms=0 request_id=af2ae5a0-e539-417f-87bb-6da937c12018
time=2026-05-03T17:45:05.191+05:30 level=INFO msg=request method=POST path=/api/v1/auth/login status=429 duration_ms=0 request_id=f20618f7-9cc5-4b5e-8320-08744aa2abe7
time=2026-05-03T17:45:07.273+05:30 level=INFO msg=request method=POST path=/api/v1/auth/login status=200 duration_ms=74 request_id=abc5101d-ea6a-44a2-9470-9d237f2b71c2
time=2026-05-03T17:45:07.283+05:30 level=INFO msg=request method=GET path=/api/v1/outlets/112847/performance status=200 duration_ms=1 request_id=a9c7ee0b-2709-432e-b884-cdab541d6dd2
time=2026-05-03T17:45:07.578+05:30 level=INFO msg=request method=POST path=/api/v1/auth/login status=200 duration_ms=48 request_id=b1721565-dd90-451c-8833-37a57cd54c92
time=2026-05-03T17:45:07.590+05:30 level=INFO msg=request method=GET path=/api/v1/outlets/112847/analysis status=200 duration_ms=3 request_id=b689c92a-91c7-48cb-9907-763242eb36e5
time=2026-05-03T17:45:07.597+05:30 level=INFO msg=request method=GET path=/api/v1/outlets/112847/trend status=429 duration_ms=0 request_id=c6c5eaa9-d436-4dec-bc08-3c783847ee03
time=2026-05-03T17:45:07.849+05:30 level=INFO msg=request method=POST path=/api/v1/auth/login status=429 duration_ms=0 request_id=fe8bff96-b2e0-403c-aac8-401a85ecb71c
time=2026-05-03T17:45:09.930+05:30 level=INFO msg=request method=POST path=/api/v1/auth/login status=200 duration_ms=73 request_id=5c6e8a71-ef94-4430-a585-9922887b2110
time=2026-05-03T17:45:09.939+05:30 level=INFO msg=request method=GET path=/api/v1/outlets/112847/targets status=200 duration_ms=1 request_id=97ae2d83-1007-4559-9f32-9ebbf6f64777
time=2026-05-03T17:45:09.994+05:30 level=INFO msg=request method=POST path=/api/v1/auth/login status=200 duration_ms=47 request_id=45cee0e9-edc1-4b24-bfba-c64775e016a2
time=2026-05-03T17:45:09.996+05:30 level=INFO msg=request method=PUT path=/api/v1/outlets/112847/targets status=422 duration_ms=0 request_id=dfb3de50-9133-4d6d-bdb1-8219edc4c9cb
time=2026-05-03T17:45:10.232+05:30 level=INFO msg=request method=POST path=/api/v1/auth/login status=429 duration_ms=0 request_id=0cc819e8-6088-418c-bf94-de3381763a4c
time=2026-05-03T17:45:12.313+05:30 level=INFO msg=request method=POST path=/api/v1/auth/login status=200 duration_ms=73 request_id=515c26d1-dcfb-4dbf-bc12-dd865a01ae7d
time=2026-05-03T17:45:12.325+05:30 level=INFO msg=request method=GET path=/api/v1/competition/leaderboard status=200 duration_ms=3 request_id=370eba15-d1f4-4b30-aa68-5744c1792470
time=2026-05-03T17:45:12.334+05:30 level=INFO msg=request method=GET path=/api/v1/competition/leaderboard status=200 duration_ms=1 request_id=0ebaf300-8840-44ce-b552-12ae94a6d9e0
time=2026-05-03T17:45:12.343+05:30 level=INFO msg=request method=GET path=/api/v1/competition/leaderboard status=200 duration_ms=2 request_id=a230dbe5-be10-4c02-85b9-25f543070df7
time=2026-05-03T17:45:12.348+05:30 level=INFO msg=request method=POST path=/api/v1/auth/login status=429 duration_ms=0 request_id=7575e8c7-df29-46a4-955f-fd2b0e72d8cb
time=2026-05-03T17:45:14.430+05:30 level=INFO msg=request method=POST path=/api/v1/auth/login status=200 duration_ms=73 request_id=0626beef-4fbc-45fb-8065-41b9b4c64cb4
time=2026-05-03T17:45:14.432+05:30 level=INFO msg=request method=GET path=/api/v1/territory/outlets status=200 duration_ms=1 request_id=5b05ad78-ab94-4c76-9ea8-79147f14664b
time=2026-05-03T17:45:14.487+05:30 level=INFO msg=request method=POST path=/api/v1/auth/login status=200 duration_ms=49 request_id=4290757d-d096-4416-88e8-3eaec215d488
time=2026-05-03T17:45:14.489+05:30 level=INFO msg=request method=GET path=/api/v1/territory/outlets status=403 duration_ms=0 request_id=53c98f43-8fa2-4ba6-a745-31f347a8b066
time=2026-05-03T17:45:14.493+05:30 level=INFO msg=request method=GET path=/api/v1/admin/users status=429 duration_ms=0 request_id=b6489c1a-697e-474c-8c07-7624e55718f3
time=2026-05-03T17:45:14.727+05:30 level=INFO msg=request method=POST path=/api/v1/auth/login status=429 duration_ms=0 request_id=0d99cea3-5224-4dd4-ba55-6edfa90395cd
time=2026-05-03T17:45:16.810+05:30 level=INFO msg=request method=POST path=/api/v1/auth/login status=200 duration_ms=75 request_id=3a527d83-7931-4ea6-9c04-775a96acd555
time=2026-05-03T17:45:16.869+05:30 level=INFO msg=request method=POST path=/api/v1/auth/login status=200 duration_ms=50 request_id=1077bf67-79e7-4d4f-a8f8-fba0dfb8a730
time=2026-05-03T17:45:16.870+05:30 level=INFO msg=request method=GET path=/api/v1/admin/users status=403 duration_ms=0 request_id=74cef3f7-8f99-4c8f-82b5-b27a31a444b6
time=2026-05-03T17:45:16.880+05:30 level=INFO msg=request method=GET path=/api/v1/competition/c0000000-0001-0001-0001-000000000001/market-share-status status=200 duration_ms=3 request_id=d99b0983-2c9e-4677-91c7-1bb7f1abab80
time=2026-05-03T17:45:16.886+05:30 level=INFO msg=request method=GET path=/health status=429 duration_ms=0 request_id=4c45eac4-61bd-4cab-8377-771829cf62ce
time=2026-05-03T17:45:17.681+05:30 level=INFO msg=request method=OPTIONS path=/api/v1/auth/login status=204 duration_ms=0 request_id=b4a173c7-4cd2-4079-aa34-0ac0ba85fab8
time=2026-05-03T17:45:17.733+05:30 level=INFO msg=request method=POST path=/api/v1/auth/login status=200 duration_ms=51 request_id=df8073f2-c69b-4889-bc4c-a4004db15d56
time=2026-05-03T17:45:21.496+05:30 level=INFO msg=request method=OPTIONS path=/api/v1/auth/login status=204 duration_ms=0 request_id=fe590ebf-cad9-4076-8b12-a32af4fb373f
time=2026-05-03T17:45:21.549+05:30 level=INFO msg=request method=POST path=/api/v1/auth/login status=401 duration_ms=52 request_id=341800b2-2396-4c84-8b1e-f36e308a6d0c
time=2026-05-03T17:45:24.597+05:30 level=INFO msg=request method=OPTIONS path=/api/v1/auth/login status=204 duration_ms=0 request_id=c04c1736-4b2e-4bf4-abb7-c8cc495ec18f
time=2026-05-03T17:45:24.649+05:30 level=INFO msg=request method=POST path=/api/v1/auth/login status=200 duration_ms=51 request_id=ae4296a0-57e0-4d76-9a6b-5f2883f72737
time=2026-05-03T17:45:28.431+05:30 level=INFO msg=request method=OPTIONS path=/api/v1/auth/login status=204 duration_ms=0 request_id=73987e09-f871-42d1-b56a-b0e3ac101f57
time=2026-05-03T17:45:28.486+05:30 level=INFO msg=request method=POST path=/api/v1/auth/login status=200 duration_ms=54 request_id=d574be00-2e7e-44df-9fea-2f80dd1efce9
time=2026-05-03T17:45:33.867+05:30 level=INFO msg=request method=POST path=/api/v1/auth/login status=200 duration_ms=49 request_id=e08e32dd-3186-4604-bc06-e09efaa0c172
time=2026-05-03T17:45:33.873+05:30 level=INFO msg=request method=GET path=/api/v1/competition/leaderboard status=200 duration_ms=3 request_id=54a5b234-471e-4508-abbc-0cfcd56efc9d
time=2026-05-03T17:45:33.885+05:30 level=INFO msg=request method=GET path=/api/v1/competition/leaderboard status=200 duration_ms=3 request_id=2595ecca-6cf4-41e3-b25c-babb15a29c58
time=2026-05-03T17:45:34.664+05:30 level=INFO msg=request method=OPTIONS path=/api/v1/auth/login status=204 duration_ms=0 request_id=f6dcf0d8-047d-4b8d-9cca-3912a5161296
time=2026-05-03T17:45:34.716+05:30 level=INFO msg=request method=POST path=/api/v1/auth/login status=200 duration_ms=52 request_id=99cf886b-ef9c-438c-93b8-c4224cde9a73
time=2026-05-03T17:45:37.713+05:30 level=INFO msg=request method=OPTIONS path=/api/v1/outlets/112847 status=204 duration_ms=0 request_id=089049d5-1a4f-4682-b48a-2c18620ef7a9
time=2026-05-03T17:45:37.713+05:30 level=INFO msg=request method=OPTIONS path=/api/v1/outlets/112847/performance status=204 duration_ms=0 request_id=b9552393-6a89-4421-8e47-844b86935205
time=2026-05-03T17:45:37.716+05:30 level=INFO msg=request method=GET path=/api/v1/outlets/112847/performance status=200 duration_ms=1 request_id=ddb0ffcc-45d8-405b-945e-1e97d9421caf
time=2026-05-03T17:45:37.716+05:30 level=INFO msg=request method=GET path=/api/v1/outlets/112847 status=200 duration_ms=2 request_id=4825214c-fdb3-4ed1-a370-48ea1a74f23f
time=2026-05-03T17:45:37.727+05:30 level=INFO msg=request method=OPTIONS path=/api/v1/outlets/112847/targets status=204 duration_ms=0 request_id=84005dbc-3c76-4185-b723-8e08f93d1006
time=2026-05-03T17:45:37.728+05:30 level=INFO msg=request method=GET path=/api/v1/outlets/112847/targets status=200 duration_ms=0 request_id=fa87e4d1-4d84-4b1b-92ad-dda07ab3e35e
time=2026-05-03T17:45:37.729+05:30 level=INFO msg=request method=OPTIONS path=/api/v1/outlets/112847/analysis status=204 duration_ms=0 request_id=f659a9ca-cbe0-4917-871a-c605e6e145f4
time=2026-05-03T17:45:37.730+05:30 level=INFO msg=request method=OPTIONS path=/api/v1/competition/leaderboard status=204 duration_ms=0 request_id=0338143b-5e9d-4995-a4c0-cfddb4ec01ea
time=2026-05-03T17:45:37.730+05:30 level=INFO msg=request method=OPTIONS path=/api/v1/competition/c0000000-0001-0001-0001-000000000001/market-share-status status=204 duration_ms=0 request_id=46e21322-e3e4-495f-9737-0a8a9c585077
time=2026-05-03T17:45:37.731+05:30 level=INFO msg=request method=GET path=/api/v1/outlets/112847/analysis status=200 duration_ms=1 request_id=f0b0edf6-d208-44db-be39-9c5d67b5ae33
time=2026-05-03T17:45:37.732+05:30 level=INFO msg=request method=GET path=/api/v1/competition/leaderboard status=200 duration_ms=1 request_id=79544ed1-c5ec-4f7b-8a8b-8aa7e5b5eb13
time=2026-05-03T17:45:37.733+05:30 level=INFO msg=request method=GET path=/api/v1/competition/c0000000-0001-0001-0001-000000000001/market-share-status status=200 duration_ms=2 request_id=b3841636-3359-4098-b23f-8e61e9fbee0d
time=2026-05-03T17:45:41.530+05:30 level=INFO msg=request method=OPTIONS path=/api/v1/auth/login status=204 duration_ms=0 request_id=a672870b-eddc-48d1-accc-52e7a186785b
time=2026-05-03T17:45:41.585+05:30 level=INFO msg=request method=POST path=/api/v1/auth/login status=200 duration_ms=54 request_id=42666437-8dfe-468a-a64c-04e42a365b38
time=2026-05-03T17:45:44.580+05:30 level=INFO msg=request method=OPTIONS path=/api/v1/outlets/112847/performance status=204 duration_ms=0 request_id=5ecf0478-469f-4702-a46b-8686d252e23e
time=2026-05-03T17:45:44.580+05:30 level=INFO msg=request method=OPTIONS path=/api/v1/outlets/112847 status=204 duration_ms=0 request_id=179aedda-0410-4b8b-9ed9-4edf54861d24
time=2026-05-03T17:45:44.583+05:30 level=INFO msg=request method=GET path=/api/v1/outlets/112847/performance status=200 duration_ms=1 request_id=80f7c10b-bb5a-4f76-9c5d-843b9b29e59c
time=2026-05-03T17:45:44.583+05:30 level=INFO msg=request method=GET path=/api/v1/outlets/112847 status=200 duration_ms=2 request_id=49bb6f5a-b2f1-4fb1-a44d-6a36fbadd4bf
time=2026-05-03T17:45:44.594+05:30 level=INFO msg=request method=OPTIONS path=/api/v1/outlets/112847/targets status=204 duration_ms=0 request_id=fe6c26d1-cd5b-416d-b7c5-9acbb08259b6
time=2026-05-03T17:45:44.596+05:30 level=INFO msg=request method=GET path=/api/v1/outlets/112847/targets status=200 duration_ms=0 request_id=7119aeab-826b-41b8-9785-d9a44f8ec07f
time=2026-05-03T17:45:44.598+05:30 level=INFO msg=request method=OPTIONS path=/api/v1/competition/leaderboard status=204 duration_ms=0 request_id=35dfc64b-af4e-4f57-805a-91c2d04af00c
time=2026-05-03T17:45:44.598+05:30 level=INFO msg=request method=OPTIONS path=/api/v1/competition/c0000000-0001-0001-0001-000000000001/market-share-status status=204 duration_ms=0 request_id=65a426f2-5346-4cfc-b707-79be6b3cfb33
time=2026-05-03T17:45:44.598+05:30 level=INFO msg=request method=OPTIONS path=/api/v1/outlets/112847/analysis status=204 duration_ms=0 request_id=174605fb-a3fe-402a-9b85-04f563508d43
time=2026-05-03T17:45:44.601+05:30 level=INFO msg=request method=GET path=/api/v1/outlets/112847/analysis status=200 duration_ms=2 request_id=044c1f23-e502-4866-b05b-08787ddb2de2
time=2026-05-03T17:45:44.602+05:30 level=INFO msg=request method=GET path=/api/v1/competition/c0000000-0001-0001-0001-000000000001/market-share-status status=200 duration_ms=3 request_id=8530a3c1-b4fc-433b-859f-2aa167e897f4
time=2026-05-03T17:45:44.602+05:30 level=INFO msg=request method=GET path=/api/v1/competition/leaderboard status=200 duration_ms=3 request_id=2f4d04c2-5e99-4dc0-8186-6ff6072c73c3
time=2026-05-03T17:45:48.380+05:30 level=INFO msg=request method=OPTIONS path=/api/v1/auth/login status=204 duration_ms=0 request_id=42b51bc6-595f-4eae-b3e8-cbf7aa560033
time=2026-05-03T17:45:48.433+05:30 level=INFO msg=request method=POST path=/api/v1/auth/login status=200 duration_ms=52 request_id=e4a8e4af-8382-4203-b569-0efe0981aef3
time=2026-05-03T17:45:51.429+05:30 level=INFO msg=request method=OPTIONS path=/api/v1/outlets/112847 status=204 duration_ms=0 request_id=5c905879-7755-467f-9bb9-1f0f9179369c
time=2026-05-03T17:45:51.429+05:30 level=INFO msg=request method=OPTIONS path=/api/v1/outlets/112847/performance status=204 duration_ms=0 request_id=5e0cc63a-b55a-4a1b-8c92-d18784c50058
time=2026-05-03T17:45:51.432+05:30 level=INFO msg=request method=GET path=/api/v1/outlets/112847/performance status=200 duration_ms=1 request_id=146e6789-3241-46dc-8fd9-4800f3b3f5a4
time=2026-05-03T17:45:51.432+05:30 level=INFO msg=request method=GET path=/api/v1/outlets/112847 status=200 duration_ms=2 request_id=11288693-5099-4d7c-8943-b8b2e3350fbe
time=2026-05-03T17:45:51.444+05:30 level=INFO msg=request method=OPTIONS path=/api/v1/outlets/112847/targets status=204 duration_ms=0 request_id=4ac16107-dc2c-4ccf-8011-bba190dfa889
time=2026-05-03T17:45:51.446+05:30 level=INFO msg=request method=GET path=/api/v1/outlets/112847/targets status=200 duration_ms=1 request_id=2614049e-ee63-46b2-a519-ccc76e2393d9
time=2026-05-03T17:45:51.447+05:30 level=INFO msg=request method=OPTIONS path=/api/v1/outlets/112847/analysis status=204 duration_ms=0 request_id=e5c752cd-447a-4e6d-9ba8-fbba76599510
time=2026-05-03T17:45:51.447+05:30 level=INFO msg=request method=OPTIONS path=/api/v1/competition/leaderboard status=204 duration_ms=0 request_id=42d4173a-37c3-41b2-9d0b-bcb2caac54af
time=2026-05-03T17:45:51.448+05:30 level=INFO msg=request method=OPTIONS path=/api/v1/competition/c0000000-0001-0001-0001-000000000001/market-share-status status=204 duration_ms=0 request_id=98f12260-af41-40ab-b5f0-4099dff76e73
time=2026-05-03T17:45:51.449+05:30 level=INFO msg=request method=GET path=/api/v1/outlets/112847/analysis status=200 duration_ms=1 request_id=ccc1c096-3c3e-42b4-99e4-ee664fbf2cf3
time=2026-05-03T17:45:51.450+05:30 level=INFO msg=request method=GET path=/api/v1/competition/leaderboard status=200 duration_ms=2 request_id=4e902ed7-2b94-4f74-9e1f-47afbcd17322
time=2026-05-03T17:45:51.451+05:30 level=INFO msg=request method=GET path=/api/v1/competition/c0000000-0001-0001-0001-000000000001/market-share-status status=200 duration_ms=2 request_id=17bda219-fc29-4356-982b-15bd16b60efb
time=2026-05-03T17:45:55.246+05:30 level=INFO msg=request method=OPTIONS path=/api/v1/auth/login status=204 duration_ms=0 request_id=9b4db5ca-0028-42db-b093-225ba66f608e
time=2026-05-03T17:45:55.301+05:30 level=INFO msg=request method=POST path=/api/v1/auth/login status=200 duration_ms=54 request_id=c8da0cad-5315-4985-951e-240a6fd699a7
time=2026-05-03T17:45:58.296+05:30 level=INFO msg=request method=OPTIONS path=/api/v1/outlets/999999 status=204 duration_ms=0 request_id=978128d4-6944-4e60-9c4c-d1b989ad4dab
time=2026-05-03T17:45:58.296+05:30 level=INFO msg=request method=OPTIONS path=/api/v1/outlets/999999/performance status=204 duration_ms=0 request_id=c0686c6a-422c-49b0-b39f-595eb200be64
time=2026-05-03T17:45:58.297+05:30 level=INFO msg=request method=GET path=/api/v1/outlets/999999 status=404 duration_ms=0 request_id=0794c082-d6cf-48d2-ae36-47ad516dcd94
time=2026-05-03T17:45:58.297+05:30 level=INFO msg=request method=GET path=/api/v1/outlets/999999/performance status=404 duration_ms=1 request_id=1e819c09-0ab0-4882-97b9-20f5927e532a
time=2026-05-03T17:46:00.452+05:30 level=INFO msg=request method=POST path=/api/v1/auth/login status=200 duration_ms=51 request_id=6d8bb6a0-4e48-43d3-9b01-8a79455e0801
time=2026-05-03T17:46:00.455+05:30 level=INFO msg=request method=GET path=/api/v1/territory/outlets status=200 duration_ms=1 request_id=ce5c964c-b711-4ec2-95ac-5ed962cdc505
time=2026-05-03T17:46:00.507+05:30 level=INFO msg=request method=POST path=/api/v1/auth/login status=200 duration_ms=47 request_id=935bd951-09a8-465b-94c9-ff627ad3b8c6
time=2026-05-03T17:46:00.508+05:30 level=INFO msg=request method=GET path=/api/v1/territory/outlets status=403 duration_ms=0 request_id=9ae47d02-045c-4711-8d97-d46880911549
time=2026-05-03T17:46:00.519+05:30 level=INFO msg=request method=GET path=/api/v1/territory/outlets status=200 duration_ms=7 request_id=03ba8682-bf41-4511-88ac-38dbafb21635
time=2026-05-03T17:46:00.529+05:30 level=INFO msg=request method=GET path=/api/v1/admin/users status=200 duration_ms=1 request_id=6010ad43-a596-4dc1-ba9d-6de7d9330dcd
time=2026-05-03T17:46:00.579+05:30 level=INFO msg=request method=POST path=/api/v1/admin/users status=500 duration_ms=46 request_id=77bdc1ae-0d81-4ddb-8998-833f861006ed
time=2026-05-03T17:46:00.586+05:30 level=INFO msg=request method=GET path=/api/v1/admin/users status=200 duration_ms=1 request_id=9f90672c-cac0-444a-a917-438418bb1e05
time=2026-05-03T17:46:00.588+05:30 level=INFO msg=request method=PUT path=/api/v1/admin/users/e6f57628-9453-40d1-8357-1298ab802300 status=500 duration_ms=1 request_id=ec185edb-e7c1-449d-b0cc-7f938d7b67ab
time=2026-05-03T17:46:00.877+05:30 level=INFO msg=request method=POST path=/api/v1/auth/login status=200 duration_ms=48 request_id=bdd10175-1865-4b81-a8e7-0ef543ca89cb
time=2026-05-03T17:46:00.935+05:30 level=INFO msg=request method=POST path=/api/v1/auth/login status=200 duration_ms=49 request_id=061f1145-dd33-49a3-a34d-897ba5d57651
time=2026-05-03T17:46:00.951+05:30 level=INFO msg=request method=GET path=/api/v1/admin/users status=429 duration_ms=0 request_id=6f97c5bc-b4b9-4ae7-9d4a-c0a372697389
time=2026-05-03T17:46:00.965+05:30 level=INFO msg=request method=GET path=/api/v1/competition/c0000000-0001-0001-0001-000000000001/market-share-status status=429 duration_ms=0 request_id=7aa73149-b82f-4e8f-a30f-9b01906b50db
time=2026-05-03T17:46:01.251+05:30 level=INFO msg=request method=POST path=/api/v1/auth/login status=200 duration_ms=49 request_id=e41b0bb1-7aef-482b-a24d-298c56f31516
time=2026-05-03T17:46:01.254+05:30 level=INFO msg=request method=GET path=/api/v1/competition/leaderboard status=429 duration_ms=0 request_id=e4ce29b5-f030-4ccf-b7b1-bae0ce376b5b
time=2026-05-03T17:46:01.510+05:30 level=INFO msg=request method=POST path=/api/v1/auth/login status=429 duration_ms=0 request_id=bfa49b4d-73c2-4b8d-a045-90b0e03961a6
time=2026-05-03T17:46:03.587+05:30 level=INFO msg=request method=POST path=/api/v1/auth/login status=200 duration_ms=71 request_id=064571c2-2d72-435b-8d12-d0bfd61c68ac
time=2026-05-03T17:46:03.591+05:30 level=INFO msg=request method=GET path=/api/v1/competition/leaderboard status=200 duration_ms=1 request_id=828f79cb-7b20-465c-ae02-c0e65df0fe46
time=2026-05-03T17:46:04.380+05:30 level=INFO msg=request method=OPTIONS path=/api/v1/auth/login status=204 duration_ms=0 request_id=b8d3fe33-c3d8-46d7-94a1-d4bed2b6d61b
time=2026-05-03T17:46:04.433+05:30 level=INFO msg=request method=POST path=/api/v1/auth/login status=200 duration_ms=52 request_id=c0283d53-4b10-45f2-958f-ee37c86f48fc
time=2026-05-03T17:46:07.431+05:30 level=INFO msg=request method=OPTIONS path=/api/v1/outlets/112847 status=204 duration_ms=0 request_id=b198f1de-5229-420e-a208-273fe1523ed5
time=2026-05-03T17:46:07.431+05:30 level=INFO msg=request method=OPTIONS path=/api/v1/outlets/112847/performance status=204 duration_ms=0 request_id=887d4043-6f95-47f8-9b3b-8d6db1dbce42
time=2026-05-03T17:46:07.434+05:30 level=INFO msg=request method=GET path=/api/v1/outlets/112847/performance status=200 duration_ms=1 request_id=f818cced-7b24-4715-800e-641bd39c4888
time=2026-05-03T17:46:07.434+05:30 level=INFO msg=request method=GET path=/api/v1/outlets/112847 status=200 duration_ms=2 request_id=88cdfd7c-6a69-4081-a143-6b63213132dd
time=2026-05-03T17:46:07.444+05:30 level=INFO msg=request method=OPTIONS path=/api/v1/outlets/112847/targets status=204 duration_ms=0 request_id=c641a9bc-212f-4a65-9c0a-c5c90d47e86b
time=2026-05-03T17:46:07.446+05:30 level=INFO msg=request method=GET path=/api/v1/outlets/112847/targets status=200 duration_ms=1 request_id=e65ada77-3720-408b-8f9d-bb472a7472d9
time=2026-05-03T17:46:07.447+05:30 level=INFO msg=request method=OPTIONS path=/api/v1/outlets/112847/analysis status=204 duration_ms=0 request_id=319c9f34-dc44-435a-ae28-9bba02cc021d
time=2026-05-03T17:46:07.447+05:30 level=INFO msg=request method=OPTIONS path=/api/v1/competition/leaderboard status=204 duration_ms=0 request_id=f713c69a-1d55-4d50-aca9-cff186c2bce1
time=2026-05-03T17:46:07.448+05:30 level=INFO msg=request method=OPTIONS path=/api/v1/competition/c0000000-0001-0001-0001-000000000001/market-share-status status=204 duration_ms=0 request_id=d929f594-3bdd-451b-87f2-11f2ec1f4546
time=2026-05-03T17:46:07.449+05:30 level=INFO msg=request method=GET path=/api/v1/outlets/112847/analysis status=200 duration_ms=1 request_id=4059eafb-c694-4497-9761-af4b8ef8792e
time=2026-05-03T17:46:07.450+05:30 level=INFO msg=request method=GET path=/api/v1/competition/leaderboard status=200 duration_ms=2 request_id=02875ea1-693f-4f40-9f2d-f36445977db4
time=2026-05-03T17:46:07.452+05:30 level=INFO msg=request method=GET path=/api/v1/competition/c0000000-0001-0001-0001-000000000001/market-share-status status=200 duration_ms=4 request_id=559c88a2-7311-4a21-9abb-ada827fb5d33
time=2026-05-03T17:46:10.215+05:30 level=INFO msg=request method=OPTIONS path=/api/v1/auth/login status=204 duration_ms=0 request_id=e5c7a95a-517a-48b7-ba3e-36c12d6216c9
time=2026-05-03T17:46:10.273+05:30 level=INFO msg=request method=POST path=/api/v1/auth/login status=200 duration_ms=57 request_id=cf9a973b-aafe-46a8-8b9c-959a76ee60c2
time=2026-05-03T17:46:13.264+05:30 level=INFO msg=request method=OPTIONS path=/api/v1/outlets/112847/performance status=204 duration_ms=0 request_id=e04ca18f-8932-464a-bf36-ea4a36ebeeac
time=2026-05-03T17:46:13.264+05:30 level=INFO msg=request method=OPTIONS path=/api/v1/outlets/112847 status=204 duration_ms=0 request_id=6ff46f38-d5f6-4ad8-a1a6-4743863d3995
time=2026-05-03T17:46:13.266+05:30 level=INFO msg=request method=GET path=/api/v1/outlets/112847/performance status=200 duration_ms=1 request_id=ad0e68d4-e50c-4f9d-a9c6-b3249e07701b
time=2026-05-03T17:46:13.266+05:30 level=INFO msg=request method=GET path=/api/v1/outlets/112847 status=200 duration_ms=1 request_id=2ae570c5-ffd1-46c4-9aaa-038b309bc41d
time=2026-05-03T17:46:13.278+05:30 level=INFO msg=request method=OPTIONS path=/api/v1/outlets/112847/targets status=204 duration_ms=0 request_id=bf5337e0-81fb-4274-8132-6912fed31b7f
time=2026-05-03T17:46:13.279+05:30 level=INFO msg=request method=GET path=/api/v1/outlets/112847/targets status=200 duration_ms=0 request_id=fc270854-b7a8-4e90-a1ea-889e715d0c44
time=2026-05-03T17:46:13.280+05:30 level=INFO msg=request method=OPTIONS path=/api/v1/outlets/112847/analysis status=204 duration_ms=0 request_id=af54d53a-ecf7-47e4-8483-381cc08f655c
time=2026-05-03T17:46:13.280+05:30 level=INFO msg=request method=OPTIONS path=/api/v1/competition/leaderboard status=204 duration_ms=0 request_id=c532b340-df95-4c9b-9d3c-e5613de61638
time=2026-05-03T17:46:13.281+05:30 level=INFO msg=request method=OPTIONS path=/api/v1/competition/c0000000-0001-0001-0001-000000000001/market-share-status status=204 duration_ms=0 request_id=7227a410-cd04-4f79-9144-882760c503d6
time=2026-05-03T17:46:13.282+05:30 level=INFO msg=request method=GET path=/api/v1/outlets/112847/analysis status=200 duration_ms=1 request_id=162ce0c9-a537-4182-ac45-0a0947f70b4c
time=2026-05-03T17:46:13.283+05:30 level=INFO msg=request method=GET path=/api/v1/competition/leaderboard status=200 duration_ms=1 request_id=06578410-32c7-4f76-b0fa-fa4cf450f97e
time=2026-05-03T17:46:13.284+05:30 level=INFO msg=request method=GET path=/api/v1/competition/c0000000-0001-0001-0001-000000000001/market-share-status status=200 duration_ms=2 request_id=9bcd2234-0e4d-4b7d-9a60-5da7f8fd42e1
time=2026-05-03T17:46:17.079+05:30 level=INFO msg=request method=OPTIONS path=/api/v1/auth/login status=204 duration_ms=0 request_id=8d24e86c-b678-44e0-a1b4-36fff96cd8ad
time=2026-05-03T17:46:17.133+05:30 level=INFO msg=request method=POST path=/api/v1/auth/login status=200 duration_ms=53 request_id=fe6565b8-070e-4a5c-a554-93eb37dc7cf5
time=2026-05-03T17:46:22.239+05:30 level=INFO msg=request method=POST path=/api/v1/auth/login status=401 duration_ms=0 request_id=c93d2679-9c35-4760-ba39-4bcbfe33abb6
time=2026-05-03T17:46:22.244+05:30 level=INFO msg=request method=POST path=/api/v1/auth/login status=401 duration_ms=0 request_id=f679557b-1738-4ab7-a82c-e4d99f7ced02
time=2026-05-03T17:46:23.475+05:30 level=INFO msg=request method=GET path=/api/v1/auth/me status=401 duration_ms=0 request_id=40b33125-50bb-4164-bf9e-e836f12ae4c2
time=2026-05-03T17:46:23.480+05:30 level=INFO msg=request method=GET path=/api/v1/outlets/112847 status=401 duration_ms=0 request_id=a4bcd3ad-bcba-4584-a7ae-12f20eed53cf
time=2026-05-03T17:46:23.533+05:30 level=INFO msg=request method=POST path=/api/v1/auth/login status=200 duration_ms=49 request_id=2dcac4f0-6155-4b6d-b48a-257a9e97f260
time=2026-05-03T17:46:23.538+05:30 level=INFO msg=request method=GET path=/health status=200 duration_ms=0 request_id=769ce2c1-2a9b-492f-8ad3-3da2d5cb6e4b
time=2026-05-03T17:46:27.103+05:30 level=INFO msg=request method=POST path=/api/v1/auth/login status=200 duration_ms=49 request_id=ae0120ee-816d-4e43-a6c4-4886d43c2790
time=2026-05-03T17:46:27.113+05:30 level=INFO msg=request method=GET path=/api/v1/territory/outlets status=200 duration_ms=6 request_id=ab38ea76-f551-4637-a532-8e1a5c3ac76f
time=2026-05-03T17:46:27.126+05:30 level=INFO msg=request method=GET path=/api/v1/outlets/112386/performance status=200 duration_ms=1 request_id=1bad286e-a8f5-4770-8b0f-271db2c36f43
time=2026-05-03T17:46:27.127+05:30 level=INFO msg=request method=GET path=/api/v1/outlets/255872/performance status=200 duration_ms=1 request_id=1723ea41-df5e-48d7-bae1-b2ce75701479
time=2026-05-03T17:46:27.139+05:30 level=INFO msg=request method=GET path=/api/v1/outlets/112847/performance status=429 duration_ms=0 request_id=0373e0dd-a06d-421d-81c2-ea2655e9223c
time=2026-05-03T17:46:27.139+05:30 level=INFO msg=request method=GET path=/api/v1/outlets/112417/performance status=429 duration_ms=0 request_id=3b6521d9-f176-4b54-bcb7-705c62acd09e
time=2026-05-03T17:46:27.139+05:30 level=INFO msg=request method=GET path=/api/v1/outlets/112438/performance status=429 duration_ms=0 request_id=e619f6e0-bd92-438e-8ba6-5190b64ea873
time=2026-05-03T17:46:27.139+05:30 level=INFO msg=request method=GET path=/api/v1/outlets/112431/performance status=429 duration_ms=0 request_id=6835713b-07a9-413d-965f-9464b4ec217c
time=2026-05-03T17:46:27.139+05:30 level=INFO msg=request method=GET path=/api/v1/outlets/112448/performance status=429 duration_ms=0 request_id=1339cd92-8324-4b72-a154-317c8c69e05d
time=2026-05-03T17:46:27.139+05:30 level=INFO msg=request method=GET path=/api/v1/outlets/127090/performance status=429 duration_ms=0 request_id=cec9709f-b49a-425d-9f19-49a8c09d7086
time=2026-05-03T17:46:27.139+05:30 level=INFO msg=request method=GET path=/api/v1/outlets/112450/performance status=429 duration_ms=0 request_id=4a24533e-f1db-44df-9073-be6f1fe6f206
time=2026-05-03T17:46:27.140+05:30 level=INFO msg=request method=GET path=/api/v1/outlets/111234/performance status=429 duration_ms=0 request_id=8e897bd1-3f05-4eeb-b3dc-cb7f75478ee9
time=2026-05-03T17:46:27.140+05:30 level=INFO msg=request method=GET path=/api/v1/outlets/110234/performance status=429 duration_ms=0 request_id=a20a4660-a266-4b8d-bff0-9af4df221eb2
time=2026-05-03T17:46:27.140+05:30 level=INFO msg=request method=GET path=/api/v1/outlets/112456/performance status=429 duration_ms=0 request_id=4073decb-ca09-45ce-a6c0-ccb06a232388
time=2026-05-03T17:46:27.140+05:30 level=INFO msg=request method=GET path=/api/v1/outlets/244099/performance status=429 duration_ms=0 request_id=7e65b552-6af9-41aa-8b30-8be12834acc1
time=2026-05-03T17:46:27.140+05:30 level=INFO msg=request method=GET path=/api/v1/outlets/112458/performance status=429 duration_ms=0 request_id=af8b9cdd-949d-49ef-82cb-bb09fde2442f
time=2026-05-03T17:46:27.140+05:30 level=INFO msg=request method=GET path=/api/v1/outlets/131712/performance status=429 duration_ms=0 request_id=22cc3b2e-be8b-47d5-9c00-35e3f15b484b
time=2026-05-03T17:46:27.140+05:30 level=INFO msg=request method=GET path=/api/v1/outlets/113234/performance status=429 duration_ms=0 request_id=50993c2f-7c6c-4df5-b557-38576b1a28ae
time=2026-05-03T17:46:27.140+05:30 level=INFO msg=request method=GET path=/api/v1/outlets/129151/performance status=429 duration_ms=0 request_id=0b785507-5e0d-40b2-8ab7-edf6f14a0b3a
time=2026-05-03T17:46:27.140+05:30 level=INFO msg=request method=GET path=/api/v1/outlets/250828/performance status=429 duration_ms=0 request_id=e73d922d-0254-47d0-b88f-3209a1e856b4
time=2026-05-03T17:46:27.140+05:30 level=INFO msg=request method=GET path=/api/v1/outlets/113456/performance status=429 duration_ms=0 request_id=8d19fcff-d4ed-4033-a34e-b5db9ecac88d
time=2026-05-03T17:46:27.140+05:30 level=INFO msg=request method=GET path=/api/v1/outlets/111456/performance status=429 duration_ms=0 request_id=cc9b9742-47fd-4a50-ba69-4fc5ad818a6c
time=2026-05-03T17:46:27.140+05:30 level=INFO msg=request method=GET path=/api/v1/outlets/112012/performance status=429 duration_ms=0 request_id=2acda515-6c51-45c3-bcb4-9414afe493ee
time=2026-05-03T17:46:27.140+05:30 level=INFO msg=request method=GET path=/api/v1/outlets/119876/performance status=429 duration_ms=0 request_id=89fc1ae9-c8a4-4709-90e8-3cc20dba6b07
time=2026-05-03T17:46:27.140+05:30 level=INFO msg=request method=GET path=/api/v1/outlets/113890/performance status=429 duration_ms=0 request_id=0692dda3-e125-4675-9282-9917b52ee5b1
time=2026-05-03T17:46:27.140+05:30 level=INFO msg=request method=GET path=/api/v1/outlets/118345/performance status=429 duration_ms=0 request_id=970d1a42-38bc-4e10-a952-900dd3caa0e5
time=2026-05-03T17:46:27.140+05:30 level=INFO msg=request method=GET path=/api/v1/outlets/112441/performance status=429 duration_ms=0 request_id=f3f3ab35-7610-41bc-b8d3-c67cdbd914a7
time=2026-05-03T17:46:27.140+05:30 level=INFO msg=request method=GET path=/api/v1/outlets/112457/performance status=429 duration_ms=0 request_id=d3b545cf-9780-49a6-9c97-653e5a66f1aa
time=2026-05-03T17:46:27.140+05:30 level=INFO msg=request method=GET path=/api/v1/outlets/107634/performance status=429 duration_ms=0 request_id=b82cbe3d-9ed6-4efc-80bf-05ce7fdc6362
time=2026-05-03T17:46:27.140+05:30 level=INFO msg=request method=GET path=/api/v1/outlets/112460/performance status=429 duration_ms=0 request_id=679465ea-42b8-41fe-a3f0-7bafe4def2b5
time=2026-05-03T17:46:27.140+05:30 level=INFO msg=request method=GET path=/api/v1/outlets/236924/performance status=429 duration_ms=0 request_id=3f2e9b37-73a4-4c6c-bc4d-8e24fb3668e8
time=2026-05-03T17:46:27.140+05:30 level=INFO msg=request method=GET path=/api/v1/outlets/112462/performance status=429 duration_ms=0 request_id=4cc97538-18c5-41ec-b172-b93d38878eca
time=2026-05-03T17:46:27.140+05:30 level=INFO msg=request method=GET path=/api/v1/outlets/112383/performance status=429 duration_ms=0 request_id=ebadb20c-6f45-4dd7-8faa-9f230325f892
time=2026-05-03T17:46:27.140+05:30 level=INFO msg=request method=GET path=/api/v1/outlets/112387/performance status=429 duration_ms=0 request_id=ba01abb4-cefb-4f4d-8a92-bea5a467760c
time=2026-05-03T17:46:27.140+05:30 level=INFO msg=request method=GET path=/api/v1/outlets/112391/performance status=429 duration_ms=0 request_id=3a3fdaab-ed48-4243-8981-aaf91e874011
time=2026-05-03T17:46:27.140+05:30 level=INFO msg=request method=GET path=/api/v1/outlets/112392/performance status=429 duration_ms=0 request_id=f8d94038-84ef-4160-8806-d101b6494306
time=2026-05-03T17:46:27.140+05:30 level=INFO msg=request method=GET path=/api/v1/outlets/112393/performance status=429 duration_ms=0 request_id=6e267b89-1682-4ad9-a11d-f3a86e07b99e
time=2026-05-03T17:46:27.140+05:30 level=INFO msg=request method=GET path=/api/v1/outlets/156837/performance status=429 duration_ms=0 request_id=9d46e5fb-89df-462d-a77a-9152f6da006c
time=2026-05-03T17:46:27.140+05:30 level=INFO msg=request method=GET path=/api/v1/outlets/112398/performance status=429 duration_ms=0 request_id=76a51af6-abb7-4391-9159-794f9cf56ac0
time=2026-05-03T17:46:27.140+05:30 level=INFO msg=request method=GET path=/api/v1/outlets/112397/performance status=429 duration_ms=0 request_id=e4a7a739-70af-4e9e-abdd-6d6afe5192a8
time=2026-05-03T17:46:27.140+05:30 level=INFO msg=request method=GET path=/api/v1/outlets/112345/performance status=429 duration_ms=0 request_id=80f3cf4e-19d6-441c-afb8-54126974b2c2
time=2026-05-03T17:46:27.140+05:30 level=INFO msg=request method=GET path=/api/v1/outlets/112401/performance status=429 duration_ms=0 request_id=f9657bf5-989a-45d4-b9f6-1546ff949235
time=2026-05-03T17:46:27.140+05:30 level=INFO msg=request method=GET path=/api/v1/outlets/157172/performance status=429 duration_ms=0 request_id=10003ada-79e0-4308-a520-64896f5d9055
time=2026-05-03T17:46:27.140+05:30 level=INFO msg=request method=GET path=/api/v1/outlets/112429/performance status=429 duration_ms=0 request_id=dc2b1c6d-4171-48f0-9058-7a7ddd339689
time=2026-05-03T17:46:27.140+05:30 level=INFO msg=request method=GET path=/api/v1/outlets/112434/performance status=429 duration_ms=0 request_id=5536b9d9-fd47-4b5c-9b52-4bd8b3feb1c1
time=2026-05-03T17:46:27.140+05:30 level=INFO msg=request method=GET path=/api/v1/outlets/112436/performance status=429 duration_ms=0 request_id=af119ab7-0185-4a68-ac8b-6203431340a0
time=2026-05-03T17:46:27.140+05:30 level=INFO msg=request method=GET path=/api/v1/outlets/112390/performance status=200 duration_ms=1 request_id=e89e090c-ad09-4f11-8d90-b5592ab75d88
time=2026-05-03T17:46:27.140+05:30 level=INFO msg=request method=GET path=/api/v1/outlets/112444/performance status=429 duration_ms=0 request_id=ddeacb30-4fab-41b5-a3de-035b8a07653b
time=2026-05-03T17:46:27.140+05:30 level=INFO msg=request method=GET path=/api/v1/outlets/112445/performance status=429 duration_ms=0 request_id=37658b85-570a-4115-8061-395fe86ff61d
time=2026-05-03T17:46:27.140+05:30 level=INFO msg=request method=GET path=/api/v1/outlets/108923/performance status=429 duration_ms=0 request_id=43049ec3-c9a8-48dc-8ed5-3844e8f60de3
time=2026-05-03T17:46:27.140+05:30 level=INFO msg=request method=GET path=/api/v1/outlets/112789/performance status=429 duration_ms=0 request_id=15d39cc8-0c1e-4b83-9fe7-cc8141c2231b
time=2026-05-03T17:46:27.140+05:30 level=INFO msg=request method=GET path=/api/v1/outlets/112453/performance status=429 duration_ms=0 request_id=1b3f8747-facf-4e2c-9a9c-137188bf1c8e
time=2026-05-03T17:46:27.140+05:30 level=INFO msg=request method=GET path=/api/v1/outlets/112454/performance status=429 duration_ms=0 request_id=fc951712-3cc4-49de-96e4-7feaff4793ba
time=2026-05-03T17:46:27.140+05:30 level=INFO msg=request method=GET path=/api/v1/outlets/151186/performance status=429 duration_ms=0 request_id=5e3b7656-6157-4dd3-a4f2-bdde12f4d65b
time=2026-05-03T17:46:27.140+05:30 level=INFO msg=request method=GET path=/api/v1/outlets/114234/performance status=429 duration_ms=0 request_id=eb58ded9-ffe9-4deb-b178-fa1b81484349
time=2026-05-03T17:46:27.140+05:30 level=INFO msg=request method=GET path=/api/v1/outlets/198868/performance status=429 duration_ms=0 request_id=8df936d2-1249-47a2-a3fd-eae1a813337f
time=2026-05-03T17:46:27.140+05:30 level=INFO msg=request method=GET path=/api/v1/outlets/118567/performance status=429 duration_ms=0 request_id=70c2e09c-7817-4b03-80cf-304521f1af15
time=2026-05-03T17:46:27.140+05:30 level=INFO msg=request method=GET path=/api/v1/outlets/118012/performance status=429 duration_ms=0 request_id=bca81135-6b6e-4cf0-8462-f5982fc37b9d
time=2026-05-03T17:46:27.140+05:30 level=INFO msg=request method=GET path=/api/v1/outlets/112402/performance status=429 duration_ms=0 request_id=85ecb08d-99c3-4fef-ae7a-5177d7b4c9b6
time=2026-05-03T17:46:27.140+05:30 level=INFO msg=request method=GET path=/api/v1/outlets/109251/performance status=429 duration_ms=0 request_id=73fa9afe-e9cd-4954-825a-630c6549b494
time=2026-05-03T17:46:27.140+05:30 level=INFO msg=request method=GET path=/api/v1/outlets/168006/performance status=429 duration_ms=0 request_id=895b00ad-1dc9-4f21-8d98-7ddde857f822
time=2026-05-03T17:46:27.140+05:30 level=INFO msg=request method=GET path=/api/v1/outlets/112407/performance status=429 duration_ms=0 request_id=123849ef-7143-4173-aefe-5a97e9574fe6
time=2026-05-03T17:46:27.140+05:30 level=INFO msg=request method=GET path=/api/v1/outlets/148413/performance status=429 duration_ms=0 request_id=76bea080-0c9c-4655-8407-4fda7fd6ab72
time=2026-05-03T17:46:27.140+05:30 level=INFO msg=request method=GET path=/api/v1/outlets/112415/performance status=429 duration_ms=0 request_id=ff2263aa-470a-45bc-ac38-9ad1616aea7a
time=2026-05-03T17:46:27.140+05:30 level=INFO msg=request method=GET path=/api/v1/outlets/198751/performance status=429 duration_ms=0 request_id=ee39e967-3d25-4bd5-99a4-b02b4725fde6
time=2026-05-03T17:46:27.140+05:30 level=INFO msg=request method=GET path=/api/v1/outlets/108765/performance status=429 duration_ms=0 request_id=22ccde86-6e20-4d84-bc87-5356a2f5d2c4
time=2026-05-03T17:46:27.141+05:30 level=INFO msg=request method=GET path=/api/v1/outlets/112420/performance status=429 duration_ms=0 request_id=7ec6b6e8-02aa-4637-873f-e74647795799
time=2026-05-03T17:46:27.141+05:30 level=INFO msg=request method=GET path=/api/v1/outlets/118901/performance status=429 duration_ms=0 request_id=42183956-f09d-4d50-8423-d4184cbc7208
time=2026-05-03T17:46:27.141+05:30 level=INFO msg=request method=GET path=/api/v1/outlets/112446/performance status=429 duration_ms=0 request_id=e4d075dc-8777-4983-aba9-72657430b621
time=2026-05-03T17:46:27.141+05:30 level=INFO msg=request method=GET path=/api/v1/outlets/117890/performance status=429 duration_ms=0 request_id=3a622767-a528-46c9-8d15-f80873cb094f
time=2026-05-03T17:46:27.141+05:30 level=INFO msg=request method=GET path=/api/v1/outlets/128472/performance status=429 duration_ms=0 request_id=f9f9844e-d062-4ac6-9041-b1c956956855
time=2026-05-03T17:46:27.141+05:30 level=INFO msg=request method=GET path=/api/v1/outlets/144329/performance status=200 duration_ms=1 request_id=08e02b0d-4d1f-4913-b02a-bbc27c96fd36
time=2026-05-03T17:46:27.141+05:30 level=INFO msg=request method=GET path=/api/v1/outlets/200922/performance status=200 duration_ms=1 request_id=9c15d99d-9eb6-414d-8a7e-7d258adbe6fd
time=2026-05-03T17:46:27.141+05:30 level=INFO msg=request method=GET path=/api/v1/outlets/136152/performance status=429 duration_ms=0 request_id=3f4f7067-7112-40cb-bdb1-6b0a35989ad5
time=2026-05-03T17:46:27.141+05:30 level=INFO msg=request method=GET path=/api/v1/outlets/112385/performance status=429 duration_ms=0 request_id=aa142355-c369-4510-8c1a-71a44aa0f3ce
time=2026-05-03T17:46:27.141+05:30 level=INFO msg=request method=GET path=/api/v1/outlets/112384/performance status=429 duration_ms=0 request_id=b6d19e17-7c34-48e4-9a13-fc49ab929c8d
time=2026-05-03T17:46:27.141+05:30 level=INFO msg=request method=GET path=/api/v1/outlets/115634/performance status=429 duration_ms=0 request_id=c15a91f7-a474-4a74-adfd-6be440c94c58
time=2026-05-03T17:46:27.141+05:30 level=INFO msg=request method=GET path=/api/v1/outlets/112389/performance status=429 duration_ms=0 request_id=4a808b08-5005-44c9-94a5-2ba4b11c4064
time=2026-05-03T17:46:27.141+05:30 level=INFO msg=request method=GET path=/api/v1/outlets/116456/performance status=429 duration_ms=0 request_id=ada554e7-d227-4d30-a70f-8aa702dafae5
time=2026-05-03T17:46:27.141+05:30 level=INFO msg=request method=GET path=/api/v1/outlets/112414/performance status=200 duration_ms=1 request_id=2d5a260b-f4e8-48fc-a2b8-36b806299e8a
time=2026-05-03T17:46:27.141+05:30 level=INFO msg=request method=GET path=/api/v1/outlets/112395/performance status=429 duration_ms=0 request_id=0958be26-e063-4dac-9064-25c0f5a647dd
time=2026-05-03T17:46:27.141+05:30 level=INFO msg=request method=GET path=/api/v1/outlets/149238/performance status=429 duration_ms=0 request_id=d328e78d-a9a5-492e-93c9-f29fa0112c69
time=2026-05-03T17:46:27.141+05:30 level=INFO msg=request method=GET path=/api/v1/outlets/123784/performance status=429 duration_ms=0 request_id=aa3ebbdf-7ef0-42dd-ad48-0ca6be3bb1bb
time=2026-05-03T17:46:27.141+05:30 level=INFO msg=request method=GET path=/api/v1/outlets/147286/performance status=429 duration_ms=0 request_id=1fbde4ee-3864-4db5-8508-209b5840fabf
time=2026-05-03T17:46:27.141+05:30 level=INFO msg=request method=GET path=/api/v1/outlets/117567/performance status=200 duration_ms=1 request_id=dfbf83ff-8823-49b6-9ee3-150ebbab0061
time=2026-05-03T17:46:27.141+05:30 level=INFO msg=request method=GET path=/api/v1/outlets/115901/performance status=200 duration_ms=1 request_id=a4256fb9-07e9-4fa8-90d1-79693ea5cd08
time=2026-05-03T17:46:27.141+05:30 level=INFO msg=request method=GET path=/api/v1/outlets/112403/performance status=429 duration_ms=0 request_id=569062f2-58a8-4067-8391-48c26e7366cd
time=2026-05-03T17:46:27.141+05:30 level=INFO msg=request method=GET path=/api/v1/outlets/112411/performance status=429 duration_ms=0 request_id=db403fb9-08d3-463a-8644-8259fff658bd
time=2026-05-03T17:46:27.141+05:30 level=INFO msg=request method=GET path=/api/v1/outlets/112412/performance status=429 duration_ms=0 request_id=dac27827-f1a6-4e0d-9806-6a937bd096fc
time=2026-05-03T17:46:27.141+05:30 level=INFO msg=request method=GET path=/api/v1/outlets/167171/performance status=429 duration_ms=0 request_id=43f60e46-a85d-4766-ac99-3b8b4f0f5c3b
time=2026-05-03T17:46:27.141+05:30 level=INFO msg=request method=GET path=/api/v1/outlets/115789/performance status=429 duration_ms=0 request_id=31fff78f-41bf-4183-ae84-696fcee07981
time=2026-05-03T17:46:27.141+05:30 level=INFO msg=request method=GET path=/api/v1/outlets/119012/performance status=429 duration_ms=0 request_id=c8a662a8-9c84-4c06-ad08-548dc1bf6d48
time=2026-05-03T17:46:27.141+05:30 level=INFO msg=request method=GET path=/api/v1/outlets/109678/performance status=200 duration_ms=1 request_id=5de482f7-2619-4d49-b1a8-ec47d4b1f0af
time=2026-05-03T17:46:27.141+05:30 level=INFO msg=request method=GET path=/api/v1/outlets/112416/performance status=429 duration_ms=0 request_id=005e7740-5a9b-4733-b3cf-8bcb3596baaa
time=2026-05-03T17:46:27.141+05:30 level=INFO msg=request method=GET path=/api/v1/outlets/112418/performance status=429 duration_ms=0 request_id=ab64394d-3d8e-4884-a0d7-5bad950f8dd8
time=2026-05-03T17:46:27.141+05:30 level=INFO msg=request method=GET path=/api/v1/outlets/112419/performance status=429 duration_ms=0 request_id=53cf2ff6-5a2d-437d-8b4b-45c426a56e30
time=2026-05-03T17:46:27.141+05:30 level=INFO msg=request method=GET path=/api/v1/outlets/115012/performance status=429 duration_ms=0 request_id=d19cd069-4718-4cc5-a7e1-cfa0c067629e
time=2026-05-03T17:46:27.141+05:30 level=INFO msg=request method=GET path=/api/v1/outlets/112422/performance status=429 duration_ms=0 request_id=0bbe718f-b51a-494f-95b8-a172b4dab666
time=2026-05-03T17:46:27.141+05:30 level=INFO msg=request method=GET path=/api/v1/outlets/112424/performance status=429 duration_ms=0 request_id=73248774-7d9f-4e89-a96d-07d48ce61c30
time=2026-05-03T17:46:27.141+05:30 level=INFO msg=request method=GET path=/api/v1/outlets/112425/performance status=429 duration_ms=0 request_id=1b62462b-b80c-4847-9ae9-1cff03a5c364
time=2026-05-03T17:46:27.141+05:30 level=INFO msg=request method=GET path=/api/v1/outlets/112437/performance status=429 duration_ms=0 request_id=ffdbc6b3-17e9-455f-89d3-60397e3437ac
time=2026-05-03T17:46:27.141+05:30 level=INFO msg=request method=GET path=/api/v1/outlets/112428/performance status=429 duration_ms=0 request_id=016e7535-db5e-4927-b95b-09e21bebbcbd
time=2026-05-03T17:46:27.141+05:30 level=INFO msg=request method=GET path=/api/v1/outlets/112440/performance status=429 duration_ms=0 request_id=01b0f5e8-52a6-405f-8302-ced2894bd560
time=2026-05-03T17:46:27.141+05:30 level=INFO msg=request method=GET path=/api/v1/outlets/112442/performance status=429 duration_ms=0 request_id=33ffa260-2c2f-463a-8b2f-8ad688582aa8
time=2026-05-03T17:46:27.141+05:30 level=INFO msg=request method=GET path=/api/v1/outlets/114678/performance status=429 duration_ms=0 request_id=6393a4e2-02de-4633-ab80-1daa44ba1c8b
time=2026-05-03T17:46:27.141+05:30 level=INFO msg=request method=GET path=/api/v1/outlets/112443/performance status=429 duration_ms=0 request_id=7f60a434-61d6-48e3-8077-99c97970e45b
time=2026-05-03T17:46:27.141+05:30 level=INFO msg=request method=GET path=/api/v1/outlets/111789/performance status=429 duration_ms=0 request_id=bed141f9-a311-4a0f-8009-590bcb468952
time=2026-05-03T17:46:27.141+05:30 level=INFO msg=request method=GET path=/api/v1/outlets/112439/performance status=429 duration_ms=0 request_id=9671ee5c-119b-4e7a-8379-0068aa0d4fa8
time=2026-05-03T17:46:27.141+05:30 level=INFO msg=request method=GET path=/api/v1/outlets/163708/performance status=429 duration_ms=0 request_id=6f141511-6ca3-4cc4-81bb-f6f7b6d55e38
time=2026-05-03T17:46:27.141+05:30 level=INFO msg=request method=GET path=/api/v1/outlets/114521/performance status=429 duration_ms=0 request_id=e2f9deba-80f1-47ba-92a1-b63413144a2b
time=2026-05-03T17:46:27.141+05:30 level=INFO msg=request method=GET path=/api/v1/outlets/112455/performance status=429 duration_ms=0 request_id=091cd04c-084c-48e1-8e6d-238a14e6df91
time=2026-05-03T17:46:27.141+05:30 level=INFO msg=request method=GET path=/api/v1/outlets/117234/performance status=429 duration_ms=0 request_id=155881a7-a019-4c7a-aa60-b51aa3349668
time=2026-05-03T17:46:27.141+05:30 level=INFO msg=request method=GET path=/api/v1/outlets/112459/performance status=429 duration_ms=0 request_id=25e046c1-3dec-454f-a30c-cf0bd42fb8e7
time=2026-05-03T17:46:27.141+05:30 level=INFO msg=request method=GET path=/api/v1/outlets/112461/performance status=429 duration_ms=0 request_id=f09a3294-5ee0-4e72-9d60-9a80d6485d0f
time=2026-05-03T17:46:27.141+05:30 level=INFO msg=request method=GET path=/api/v1/outlets/112404/performance status=429 duration_ms=0 request_id=90b1ec3d-9b85-420b-a33d-37c513aeb32a
time=2026-05-03T17:46:27.142+05:30 level=INFO msg=request method=GET path=/api/v1/outlets/110567/performance status=429 duration_ms=0 request_id=3e365b59-cc2b-4439-b2df-df1cfd2c09b5
time=2026-05-03T17:46:27.142+05:30 level=INFO msg=request method=GET path=/api/v1/outlets/112466/performance status=429 duration_ms=0 request_id=6ad23faa-1961-4a3e-816a-af89ed9f3529
time=2026-05-03T17:46:27.142+05:30 level=INFO msg=request method=GET path=/api/v1/outlets/116890/performance status=429 duration_ms=0 request_id=a57a67a1-7c11-4343-b16b-168b025b08bb
time=2026-05-03T17:46:27.142+05:30 level=INFO msg=request method=GET path=/api/v1/outlets/112435/performance status=429 duration_ms=0 request_id=b3bea043-45c1-4461-9037-66e77192a230
time=2026-05-03T17:46:27.142+05:30 level=INFO msg=request method=GET path=/api/v1/outlets/116789/performance status=429 duration_ms=0 request_id=de7d7e2c-9fd2-4866-9b01-53aebde7fee5
time=2026-05-03T17:46:27.142+05:30 level=INFO msg=request method=GET path=/api/v1/outlets/112427/performance status=429 duration_ms=0 request_id=2abc930a-bee2-45d5-b628-2260ace40f8a
time=2026-05-03T17:46:27.142+05:30 level=INFO msg=request method=GET path=/api/v1/outlets/116123/performance status=429 duration_ms=0 request_id=8676622f-2657-4946-a38c-e3d986d82dd1
time=2026-05-03T17:46:27.142+05:30 level=INFO msg=request method=GET path=/api/v1/outlets/163741/performance status=429 duration_ms=0 request_id=85dd806b-46cd-408c-9942-78471d2ea2e1
time=2026-05-03T17:46:27.147+05:30 level=INFO msg=request method=GET path=/api/v1/outlets/256507/performance status=429 duration_ms=0 request_id=85ebde01-6348-48fb-80a1-a6467e177b01
time=2026-05-03T17:46:27.147+05:30 level=INFO msg=request method=GET path=/api/v1/outlets/144348/performance status=429 duration_ms=0 request_id=8bcf79c7-9356-4c81-a1f5-03c5ec9dec99
time=2026-05-03T17:46:27.147+05:30 level=INFO msg=request method=GET path=/api/v1/outlets/112410/performance status=429 duration_ms=0 request_id=ee631240-8fca-4a78-a24f-4184b6256742
time=2026-05-03T17:46:27.147+05:30 level=INFO msg=request method=GET path=/api/v1/outlets/112408/performance status=429 duration_ms=0 request_id=b3755d1f-9632-4398-bdeb-5e2aebf9c890
time=2026-05-03T17:46:27.147+05:30 level=INFO msg=request method=GET path=/api/v1/outlets/146411/performance status=429 duration_ms=0 request_id=c38541ef-bb25-4d1b-9008-8da6fe98178c
time=2026-05-03T17:46:27.147+05:30 level=INFO msg=request method=GET path=/api/v1/outlets/147087/performance status=429 duration_ms=0 request_id=4db87c96-d07a-400f-8bfc-383be6197f9e
time=2026-05-03T17:46:27.147+05:30 level=INFO msg=request method=GET path=/api/v1/outlets/113782/performance status=429 duration_ms=0 request_id=5a3abf8f-56c0-4f0b-9a05-a88583d41f9b
time=2026-05-03T17:46:27.147+05:30 level=INFO msg=request method=GET path=/api/v1/outlets/112451/performance status=429 duration_ms=0 request_id=6ee649fc-f15b-40b7-90b8-0dc47cf8e61c
time=2026-05-03T17:46:27.147+05:30 level=INFO msg=request method=GET path=/api/v1/outlets/149412/performance status=429 duration_ms=0 request_id=cd45cab3-d307-493d-9ce7-3709a4bfb3dd
time=2026-05-03T17:46:27.147+05:30 level=INFO msg=request method=GET path=/api/v1/outlets/119456/performance status=429 duration_ms=0 request_id=3caecd9c-3335-4fb8-85a3-0f8b99505892
time=2026-05-03T17:46:27.387+05:30 level=INFO msg=request method=POST path=/api/v1/auth/login status=429 duration_ms=0 request_id=5f4b5f43-181c-4249-b419-23526b07f0db
time=2026-05-03T17:46:29.462+05:30 level=INFO msg=request method=POST path=/api/v1/auth/login status=200 duration_ms=67 request_id=6869ba68-6520-4b83-b352-d084a19f4636
time=2026-05-03T17:46:29.467+05:30 level=INFO msg=request method=GET path=/api/v1/territory/outlets status=200 duration_ms=3 request_id=ca192d8f-aeab-41cf-acad-747e9bdedce8
time=2026-05-03T17:46:29.476+05:30 level=INFO msg=request method=GET path=/api/v1/outlets/112386/performance status=200 duration_ms=1 request_id=5eea953d-803f-495c-8c0e-86f001470961
time=2026-05-03T17:46:29.763+05:30 level=INFO msg=request method=POST path=/api/v1/auth/login status=200 duration_ms=48 request_id=9c030f39-be92-4b0f-ab91-485a108896e8
time=2026-05-03T17:46:29.766+05:30 level=INFO msg=request method=GET path=/api/v1/territory/outlets status=429 duration_ms=0 request_id=ac0ea22b-9c67-43b1-b0d9-60b03089c150
time=2026-05-03T17:46:29.773+05:30 level=INFO msg=request method=GET path=/api/v1/competition/leaderboard status=429 duration_ms=0 request_id=0edf97eb-c2cb-4690-ad24-ec1dc19e7a97
time=2026-05-03T17:46:30.024+05:30 level=INFO msg=request method=POST path=/api/v1/auth/login status=429 duration_ms=0 request_id=a09c71c3-f5da-4524-8942-82586e707e6f
time=2026-05-03T17:46:32.106+05:30 level=INFO msg=request method=POST path=/api/v1/auth/login status=200 duration_ms=74 request_id=1807c2d8-c090-49f9-a241-a5b56046a143
time=2026-05-03T17:46:32.163+05:30 level=INFO msg=request method=POST path=/api/v1/auth/login status=200 duration_ms=49 request_id=0bd38982-c392-4f36-bb20-c1963e72fac9
time=2026-05-03T17:46:32.217+05:30 level=INFO msg=request method=POST path=/api/v1/auth/login status=401 duration_ms=46 request_id=a17fad97-c84e-4de4-8e3e-69426d839519
time=2026-05-03T17:46:32.223+05:30 level=INFO msg=request method=GET path=/api/v1/auth/me status=200 duration_ms=0 request_id=1977b056-f932-4968-8965-70dc180bf000
time=2026-05-03T17:46:32.229+05:30 level=INFO msg=request method=GET path=/api/v1/auth/me status=429 duration_ms=0 request_id=ced6c231-1baa-4e38-860d-c094299052cb
time=2026-05-03T17:46:32.516+05:30 level=INFO msg=request method=POST path=/api/v1/auth/login status=200 duration_ms=49 request_id=80b1adf8-b8e0-47ed-8ad2-8541e1c1c6cc
time=2026-05-03T17:46:32.524+05:30 level=INFO msg=request method=GET path=/api/v1/outlets/112847 status=429 duration_ms=0 request_id=1f63ad6d-50ec-4ce2-a6d3-2e44ce45ccbb
time=2026-05-03T17:46:32.782+05:30 level=INFO msg=request method=POST path=/api/v1/auth/login status=429 duration_ms=0 request_id=edab3931-4c2d-4501-803b-4b1a1e3aeab8
time=2026-05-03T17:46:34.864+05:30 level=INFO msg=request method=POST path=/api/v1/auth/login status=200 duration_ms=73 request_id=ea932c75-7d0f-414a-a0ee-12def41f5360
time=2026-05-03T17:46:34.873+05:30 level=INFO msg=request method=GET path=/api/v1/outlets/999999 status=404 duration_ms=0 request_id=0d898f83-8aec-4f01-a796-5537663b8374
time=2026-05-03T17:46:34.881+05:30 level=INFO msg=request method=GET path=/api/v1/outlets/112847/performance status=200 duration_ms=1 request_id=8c41e82e-ee32-42dd-b4ec-71dbae3944cf
time=2026-05-03T17:46:35.169+05:30 level=INFO msg=request method=POST path=/api/v1/auth/login status=200 duration_ms=49 request_id=117b65dd-181f-4293-a56a-a0381fbabe9d
time=2026-05-03T17:46:35.178+05:30 level=INFO msg=request method=GET path=/api/v1/outlets/112847/performance status=429 duration_ms=0 request_id=791b681d-459c-4982-9668-2ce65b85ae7c
time=2026-05-03T17:46:35.433+05:30 level=INFO msg=request method=POST path=/api/v1/auth/login status=429 duration_ms=0 request_id=ecb3c5d5-4b4f-4f9c-a611-906fcf945b68
time=2026-05-03T17:46:37.517+05:30 level=INFO msg=request method=POST path=/api/v1/auth/login status=200 duration_ms=75 request_id=09ab7f6c-3c53-4b8e-85b9-0500206c9b93
time=2026-05-03T17:46:37.526+05:30 level=INFO msg=request method=GET path=/api/v1/outlets/112847/performance status=200 duration_ms=1 request_id=af19d7b8-b60c-48a0-95ba-e82db6196a18
time=2026-05-03T17:46:37.819+05:30 level=INFO msg=request method=POST path=/api/v1/auth/login status=200 duration_ms=48 request_id=fc25fc74-f43b-4941-b9a5-02059c36dc00
time=2026-05-03T17:46:37.831+05:30 level=INFO msg=request method=GET path=/api/v1/outlets/112847/performance status=200 duration_ms=2 request_id=9d076dba-3693-4423-980f-57b6375043e0
time=2026-05-03T17:46:38.155+05:30 level=INFO msg=request method=POST path=/api/v1/auth/login status=200 duration_ms=51 request_id=7fccb3e0-9c31-4ae1-ac45-1a6e039dc908
time=2026-05-03T17:46:38.165+05:30 level=INFO msg=request method=GET path=/api/v1/outlets/112847/analysis status=429 duration_ms=0 request_id=201b2e76-ecfe-4f7d-b888-6960d86b1df5
time=2026-05-03T17:46:38.422+05:30 level=INFO msg=request method=POST path=/api/v1/auth/login status=429 duration_ms=0 request_id=59927312-04c8-4ae2-a303-357606d02fec
time=2026-05-03T17:46:40.502+05:30 level=INFO msg=request method=POST path=/api/v1/auth/login status=200 duration_ms=70 request_id=39e2b5b6-80df-49fe-a498-fadf220caa15
time=2026-05-03T17:46:40.512+05:30 level=INFO msg=request method=GET path=/api/v1/outlets/112847/trend status=200 duration_ms=2 request_id=fc131f1f-4957-4ec9-8e7f-f113b1209e16
time=2026-05-03T17:46:40.803+05:30 level=INFO msg=request method=POST path=/api/v1/auth/login status=200 duration_ms=47 request_id=4c33962a-8b8e-4e75-8100-c7ec28a9a96f
time=2026-05-03T17:46:40.814+05:30 level=INFO msg=request method=GET path=/api/v1/outlets/112847/targets status=200 duration_ms=1 request_id=c57bfe2a-66f7-4a40-89b9-2a5f99ceafc8
time=2026-05-03T17:46:40.821+05:30 level=INFO msg=request method=POST path=/api/v1/auth/login status=429 duration_ms=0 request_id=70104a5f-d2db-4dd1-a11f-9207e193fb96
time=2026-05-03T17:46:42.899+05:30 level=INFO msg=request method=POST path=/api/v1/auth/login status=200 duration_ms=72 request_id=91959eaf-0edf-4e82-9fa4-13bd985af3bd
time=2026-05-03T17:46:42.900+05:30 level=INFO msg=request method=PUT path=/api/v1/outlets/112847/targets status=422 duration_ms=0 request_id=9de8921b-4917-44b6-ac98-a977528bb3ff
time=2026-05-03T17:46:43.184+05:30 level=INFO msg=request method=POST path=/api/v1/auth/login status=200 duration_ms=48 request_id=f66a3212-fc90-49b2-80c1-161f4c5f6186
time=2026-05-03T17:46:43.196+05:30 level=INFO msg=request method=GET path=/api/v1/competition/leaderboard status=200 duration_ms=2 request_id=a1946b06-0d8e-432a-962c-f4ae22b1ae7e
time=2026-05-03T17:46:43.202+05:30 level=INFO msg=request method=GET path=/api/v1/competition/leaderboard status=429 duration_ms=0 request_id=b4be4064-645b-42da-8479-83fae658e6d2
time=2026-05-03T17:46:43.503+05:30 level=INFO msg=request method=POST path=/api/v1/auth/login status=200 duration_ms=49 request_id=99d1a450-6f1d-4e7d-9044-abc5521ca3b8
time=2026-05-03T17:46:43.512+05:30 level=INFO msg=request method=GET path=/api/v1/competition/leaderboard status=429 duration_ms=0 request_id=df3d758a-a5f6-4d86-879d-99f06d7c64b6
time=2026-05-03T17:46:43.770+05:30 level=INFO msg=request method=POST path=/api/v1/auth/login status=429 duration_ms=0 request_id=55b162bf-d4f0-41c1-9722-74cef702a7a3
time=2026-05-03T17:46:45.851+05:30 level=INFO msg=request method=POST path=/api/v1/auth/login status=200 duration_ms=72 request_id=7d1b0db4-7950-4253-aef1-2b4f9cf033d8
time=2026-05-03T17:46:45.908+05:30 level=INFO msg=request method=POST path=/api/v1/auth/login status=200 duration_ms=49 request_id=2fb204ca-eb23-40ae-9aa3-d713a16f4e7d
time=2026-05-03T17:46:45.911+05:30 level=INFO msg=request method=GET path=/api/v1/territory/outlets status=200 duration_ms=1 request_id=7b476339-5f25-4988-9cc3-b19cd546c9ad
time=2026-05-03T17:46:45.966+05:30 level=INFO msg=request method=POST path=/api/v1/auth/login status=200 duration_ms=48 request_id=adc5a773-abc8-4435-bd27-a3cfc46efd29
time=2026-05-03T17:46:45.967+05:30 level=INFO msg=request method=GET path=/api/v1/territory/outlets status=429 duration_ms=0 request_id=02a39e40-7a98-4b80-bffd-1a90c5525804
time=2026-05-03T17:46:46.205+05:30 level=INFO msg=request method=POST path=/api/v1/auth/login status=429 duration_ms=0 request_id=3dbf2ee1-4101-4dc6-a261-32370a16f819
time=2026-05-03T17:46:48.286+05:30 level=INFO msg=request method=POST path=/api/v1/auth/login status=200 duration_ms=73 request_id=b4ad3020-849c-4bc1-b0ed-ff930c29d2b6
time=2026-05-03T17:46:48.297+05:30 level=INFO msg=request method=GET path=/api/v1/admin/users status=200 duration_ms=2 request_id=992068ed-3dea-490b-ba75-18ab4c8bea2e
time=2026-05-03T17:46:48.592+05:30 level=INFO msg=request method=POST path=/api/v1/auth/login status=200 duration_ms=48 request_id=683885a8-f679-454f-8036-0b0099861b69
time=2026-05-03T17:46:48.649+05:30 level=INFO msg=request method=POST path=/api/v1/auth/login status=200 duration_ms=48 request_id=af79d8fb-29b9-4ea1-bda2-79760a3e602b
time=2026-05-03T17:46:48.650+05:30 level=INFO msg=request method=GET path=/api/v1/admin/users status=429 duration_ms=0 request_id=5b1998eb-9f3f-4fb6-8b51-0e766c5f95ac
time=2026-05-03T17:46:48.955+05:30 level=INFO msg=request method=POST path=/api/v1/auth/login status=200 duration_ms=49 request_id=bd9c534a-f14b-4b18-a25f-42c66c61c9e5
time=2026-05-03T17:46:48.963+05:30 level=INFO msg=request method=GET path=/api/v1/competition/c0000000-0001-0001-0001-000000000001/market-share-status status=429 duration_ms=0 request_id=836c24b7-fd3b-4a8f-b713-2b580758bb04
time=2026-05-03T17:46:49.220+05:30 level=INFO msg=request method=POST path=/api/v1/auth/login status=429 duration_ms=0 request_id=14945b33-fbe2-471e-9271-0fccf3df8441
time=2026-05-03T17:46:51.297+05:30 level=INFO msg=request method=POST path=/api/v1/auth/login status=200 duration_ms=70 request_id=50d5d211-5fcb-4950-ab6f-e41f1325d0d0
time=2026-05-03T17:46:51.307+05:30 level=INFO msg=request method=GET path=/health status=200 duration_ms=0 request_id=5be151be-0d5d-44ae-ae18-3bce5d18801d
time=2026-05-03T17:46:52.387+05:30 level=INFO msg=request method=OPTIONS path=/api/v1/auth/login status=204 duration_ms=0 request_id=cc4b6d34-d600-42ff-8775-a474f434acea
time=2026-05-03T17:46:52.439+05:30 level=INFO msg=request method=POST path=/api/v1/auth/login status=200 duration_ms=52 request_id=62987d3b-4ef4-4984-8eda-8b02e40a48d8
time=2026-05-03T17:46:56.231+05:30 level=INFO msg=request method=OPTIONS path=/api/v1/auth/login status=204 duration_ms=0 request_id=78a9ab30-ffd8-4bea-932a-127a569e3ae8
time=2026-05-03T17:46:56.284+05:30 level=INFO msg=request method=POST path=/api/v1/auth/login status=401 duration_ms=53 request_id=e6ff0680-92ce-4d8b-bf3e-60682f2d2e14
time=2026-05-03T17:46:59.348+05:30 level=INFO msg=request method=OPTIONS path=/api/v1/auth/login status=204 duration_ms=0 request_id=8dc031bb-d512-4a9e-aa70-fbea5a7157ed
time=2026-05-03T17:46:59.402+05:30 level=INFO msg=request method=POST path=/api/v1/auth/login status=200 duration_ms=52 request_id=97d113bd-303f-4ec9-b55b-f080bb7619d2
time=2026-05-03T17:47:03.181+05:30 level=INFO msg=request method=OPTIONS path=/api/v1/auth/login status=204 duration_ms=0 request_id=0a8fbbfe-667e-4e0e-9382-f74adc7228d2
time=2026-05-03T17:47:03.235+05:30 level=INFO msg=request method=POST path=/api/v1/auth/login status=200 duration_ms=53 request_id=4aff0b8b-72c4-4e41-8974-5c900d73425c
time=2026-05-03T17:47:08.626+05:30 level=INFO msg=request method=POST path=/api/v1/auth/login status=200 duration_ms=48 request_id=9201c533-d963-42fe-8ce5-88bfc3dfc063
time=2026-05-03T17:47:08.634+05:30 level=INFO msg=request method=GET path=/api/v1/competition/leaderboard status=200 duration_ms=3 request_id=0be30d48-341e-4fa8-a923-5a5a2edbabaf
time=2026-05-03T17:47:08.644+05:30 level=INFO msg=request method=GET path=/api/v1/competition/leaderboard status=200 duration_ms=2 request_id=5d54b0f3-668a-40b7-a261-68f4caa43a82
time=2026-05-03T17:47:09.431+05:30 level=INFO msg=request method=OPTIONS path=/api/v1/auth/login status=204 duration_ms=0 request_id=81c160fc-8222-4639-bc51-a76c8583b4e7
time=2026-05-03T17:47:09.483+05:30 level=INFO msg=request method=POST path=/api/v1/auth/login status=200 duration_ms=51 request_id=527059c5-6a7a-40b9-8308-2d8160231937
time=2026-05-03T17:47:12.483+05:30 level=INFO msg=request method=OPTIONS path=/api/v1/outlets/112847 status=204 duration_ms=0 request_id=81ff0cc7-ab8a-450a-b244-36843a1c0781
time=2026-05-03T17:47:12.483+05:30 level=INFO msg=request method=OPTIONS path=/api/v1/outlets/112847/performance status=204 duration_ms=0 request_id=44c547ab-f620-44a5-b214-042c453b98c8
time=2026-05-03T17:47:12.486+05:30 level=INFO msg=request method=GET path=/api/v1/outlets/112847/performance status=200 duration_ms=2 request_id=2b57f542-e378-4205-aa28-3211f447df58
time=2026-05-03T17:47:12.487+05:30 level=INFO msg=request method=GET path=/api/v1/outlets/112847 status=200 duration_ms=3 request_id=29503ae7-0924-4b3f-be92-ec3ea1ed358e
time=2026-05-03T17:47:12.496+05:30 level=INFO msg=request method=OPTIONS path=/api/v1/outlets/112847/targets status=204 duration_ms=0 request_id=b85bad5a-5cdf-48dc-859b-9cb2234e90af
time=2026-05-03T17:47:12.498+05:30 level=INFO msg=request method=GET path=/api/v1/outlets/112847/targets status=200 duration_ms=1 request_id=98fee07e-69b1-4913-bcd8-4e3ee7e0503b
time=2026-05-03T17:47:12.499+05:30 level=INFO msg=request method=OPTIONS path=/api/v1/outlets/112847/analysis status=204 duration_ms=0 request_id=b49e47bc-c024-4196-9107-5ab9a9a4c346
time=2026-05-03T17:47:12.499+05:30 level=INFO msg=request method=OPTIONS path=/api/v1/competition/leaderboard status=204 duration_ms=0 request_id=b27420e9-1679-48ab-9751-9b6211267e83
time=2026-05-03T17:47:12.500+05:30 level=INFO msg=request method=OPTIONS path=/api/v1/competition/c0000000-0001-0001-0001-000000000001/market-share-status status=204 duration_ms=0 request_id=47d42c58-6ace-4f39-8b7b-c9565e9f4c40
time=2026-05-03T17:47:12.502+05:30 level=INFO msg=request method=GET path=/api/v1/outlets/112847/analysis status=200 duration_ms=1 request_id=81c3121a-1a80-403d-b7ca-d9f2582af3b1
time=2026-05-03T17:47:12.502+05:30 level=INFO msg=request method=GET path=/api/v1/competition/leaderboard status=200 duration_ms=2 request_id=0a409411-7742-4b05-a110-e928ebed7984
time=2026-05-03T17:47:12.504+05:30 level=INFO msg=request method=GET path=/api/v1/competition/c0000000-0001-0001-0001-000000000001/market-share-status status=200 duration_ms=3 request_id=6268a9dc-30e0-4134-bbed-aca591fff8f1
time=2026-05-03T17:47:16.297+05:30 level=INFO msg=request method=OPTIONS path=/api/v1/auth/login status=204 duration_ms=0 request_id=65ef366d-a342-49fd-9987-05edf28dbf79
time=2026-05-03T17:47:16.351+05:30 level=INFO msg=request method=POST path=/api/v1/auth/login status=200 duration_ms=52 request_id=a3c4ccf1-38ae-4377-902d-d941ec3c7080
time=2026-05-03T17:47:19.348+05:30 level=INFO msg=request method=OPTIONS path=/api/v1/outlets/112847/performance status=204 duration_ms=0 request_id=5135c8df-f92d-43f8-83ad-bdd8a1d4db3c
time=2026-05-03T17:47:19.348+05:30 level=INFO msg=request method=OPTIONS path=/api/v1/outlets/112847 status=204 duration_ms=0 request_id=03ee4745-b63a-4968-9010-11cbef71edb1
time=2026-05-03T17:47:19.350+05:30 level=INFO msg=request method=GET path=/api/v1/outlets/112847/performance status=200 duration_ms=1 request_id=b0f92c93-0202-4333-b3f8-5ac9608cde58
time=2026-05-03T17:47:19.351+05:30 level=INFO msg=request method=GET path=/api/v1/outlets/112847 status=200 duration_ms=2 request_id=c9d18aba-1a7c-461f-819b-5fdb82115922
time=2026-05-03T17:47:19.361+05:30 level=INFO msg=request method=OPTIONS path=/api/v1/outlets/112847/targets status=204 duration_ms=0 request_id=1513fd32-abf3-40f6-9774-aba37b5e52d4
time=2026-05-03T17:47:19.363+05:30 level=INFO msg=request method=GET path=/api/v1/outlets/112847/targets status=200 duration_ms=1 request_id=e9f321ff-b854-41c7-9da5-534014121209
time=2026-05-03T17:47:19.365+05:30 level=INFO msg=request method=OPTIONS path=/api/v1/outlets/112847/analysis status=204 duration_ms=0 request_id=f3290eaa-65e4-456d-95f8-ca85d20a111e
time=2026-05-03T17:47:19.365+05:30 level=INFO msg=request method=OPTIONS path=/api/v1/competition/leaderboard status=204 duration_ms=0 request_id=a4252f64-a3b8-43fa-85fa-96637f6d0bc0
time=2026-05-03T17:47:19.365+05:30 level=INFO msg=request method=OPTIONS path=/api/v1/competition/c0000000-0001-0001-0001-000000000001/market-share-status status=204 duration_ms=0 request_id=7a0c92a8-89dd-467a-be47-2b0a859675de
time=2026-05-03T17:47:19.368+05:30 level=INFO msg=request method=GET path=/api/v1/outlets/112847/analysis status=200 duration_ms=2 request_id=ee0a4372-d51a-41d3-bc83-000d8dedc9f8
time=2026-05-03T17:47:19.368+05:30 level=INFO msg=request method=GET path=/api/v1/competition/leaderboard status=200 duration_ms=2 request_id=7b3afcf4-609f-4b2a-ba2e-b548b20589e4
time=2026-05-03T17:47:19.370+05:30 level=INFO msg=request method=GET path=/api/v1/competition/c0000000-0001-0001-0001-000000000001/market-share-status status=200 duration_ms=3 request_id=d19f7e62-f0da-4270-ac61-a161a709ad67
time=2026-05-03T17:47:23.181+05:30 level=INFO msg=request method=OPTIONS path=/api/v1/auth/login status=204 duration_ms=0 request_id=cf077b95-9386-486b-a0da-efd63194d643
time=2026-05-03T17:47:23.236+05:30 level=INFO msg=request method=POST path=/api/v1/auth/login status=200 duration_ms=55 request_id=fd618ec4-7aa8-4e08-9de2-7bf9d0387bef
time=2026-05-03T17:47:26.233+05:30 level=INFO msg=request method=OPTIONS path=/api/v1/outlets/112847 status=204 duration_ms=0 request_id=107161a0-3813-4188-b224-80c4cf97e2f1
time=2026-05-03T17:47:26.233+05:30 level=INFO msg=request method=OPTIONS path=/api/v1/outlets/112847/performance status=204 duration_ms=0 request_id=79dcb14b-8cd0-4a3b-9c14-2b0cef11858d
time=2026-05-03T17:47:26.236+05:30 level=INFO msg=request method=GET path=/api/v1/outlets/112847 status=200 duration_ms=2 request_id=721ba9ad-0cf8-4cd0-9ec2-7cd353da3f94
time=2026-05-03T17:47:26.236+05:30 level=INFO msg=request method=GET path=/api/v1/outlets/112847/performance status=200 duration_ms=2 request_id=c76ddcd8-d53a-4813-a6fb-fe3fccaa8ff8
time=2026-05-03T17:47:26.246+05:30 level=INFO msg=request method=OPTIONS path=/api/v1/outlets/112847/targets status=204 duration_ms=0 request_id=9dc55a1a-bd95-4eb4-b7b9-3a8fb8252a10
time=2026-05-03T17:47:26.248+05:30 level=INFO msg=request method=GET path=/api/v1/outlets/112847/targets status=200 duration_ms=1 request_id=5f4c80c1-c875-4864-80a1-5bd591d90dce
time=2026-05-03T17:47:26.249+05:30 level=INFO msg=request method=OPTIONS path=/api/v1/outlets/112847/analysis status=204 duration_ms=0 request_id=e56d4b5d-b279-406e-8fe6-070fc50d02df
time=2026-05-03T17:47:26.249+05:30 level=INFO msg=request method=OPTIONS path=/api/v1/competition/leaderboard status=204 duration_ms=0 request_id=22e5a9e2-b5e3-4c81-b787-8fae22a24a37
time=2026-05-03T17:47:26.250+05:30 level=INFO msg=request method=OPTIONS path=/api/v1/competition/c0000000-0001-0001-0001-000000000001/market-share-status status=204 duration_ms=0 request_id=5a48e706-7527-405a-b934-a281b41c6f9d
time=2026-05-03T17:47:26.252+05:30 level=INFO msg=request method=GET path=/api/v1/outlets/112847/analysis status=200 duration_ms=2 request_id=6a06cc11-77d4-49e1-98c9-579c704704cb
time=2026-05-03T17:47:26.252+05:30 level=INFO msg=request method=GET path=/api/v1/competition/leaderboard status=200 duration_ms=2 request_id=5709fdd7-2ea4-4266-ab0f-634eb4245b78
time=2026-05-03T17:47:26.253+05:30 level=INFO msg=request method=GET path=/api/v1/competition/c0000000-0001-0001-0001-000000000001/market-share-status status=200 duration_ms=2 request_id=dbac8fcf-0819-4ce2-a737-23143627cb17
time=2026-05-03T17:47:30.047+05:30 level=INFO msg=request method=OPTIONS path=/api/v1/auth/login status=204 duration_ms=0 request_id=6105664c-fc05-4f33-b043-5d8faff23c00
time=2026-05-03T17:47:30.100+05:30 level=INFO msg=request method=POST path=/api/v1/auth/login status=200 duration_ms=52 request_id=29c1a44a-dd6c-4ff0-bffd-ca23762ad703
time=2026-05-03T17:47:33.098+05:30 level=INFO msg=request method=OPTIONS path=/api/v1/outlets/999999 status=204 duration_ms=0 request_id=12f11065-9565-4076-aa78-3ecddafff0c8
time=2026-05-03T17:47:33.098+05:30 level=INFO msg=request method=OPTIONS path=/api/v1/outlets/999999/performance status=204 duration_ms=0 request_id=a608032b-caaf-4e11-a469-1f2570b75717
time=2026-05-03T17:47:33.100+05:30 level=INFO msg=request method=GET path=/api/v1/outlets/999999 status=404 duration_ms=1 request_id=58722320-6fc4-47b8-882a-989c5e53a356
time=2026-05-03T17:47:33.100+05:30 level=INFO msg=request method=GET path=/api/v1/outlets/999999/performance status=404 duration_ms=1 request_id=48e5a3d6-17d2-4a21-b5e7-4dceda682d22
time=2026-05-03T17:47:35.235+05:30 level=INFO msg=request method=POST path=/api/v1/auth/login status=200 duration_ms=49 request_id=f761e3cb-030c-4608-b438-77a21cfed155
time=2026-05-03T17:47:35.239+05:30 level=INFO msg=request method=GET path=/api/v1/territory/outlets status=200 duration_ms=1 request_id=30fa6588-a82b-45a2-8af0-bd571f514a82
time=2026-05-03T17:47:35.295+05:30 level=INFO msg=request method=POST path=/api/v1/auth/login status=200 duration_ms=48 request_id=94cb61df-9b54-424c-8352-8612a619f88a
time=2026-05-03T17:47:35.296+05:30 level=INFO msg=request method=GET path=/api/v1/territory/outlets status=403 duration_ms=0 request_id=47ca0bca-57d2-4454-8fa2-78dd2039837d
time=2026-05-03T17:47:35.308+05:30 level=INFO msg=request method=GET path=/api/v1/territory/outlets status=200 duration_ms=9 request_id=5eb0dde6-2015-4a82-a67a-2c5c3cb23d35
time=2026-05-03T17:47:35.319+05:30 level=INFO msg=request method=GET path=/api/v1/admin/users status=200 duration_ms=1 request_id=b114d97d-4708-438e-8508-87d1f36b3ee8
time=2026-05-03T17:47:35.370+05:30 level=INFO msg=request method=POST path=/api/v1/admin/users status=500 duration_ms=47 request_id=b2c4c79b-106f-4b5f-a32b-473e91a56b3a
time=2026-05-03T17:47:35.376+05:30 level=INFO msg=request method=GET path=/api/v1/admin/users status=200 duration_ms=1 request_id=860f453a-882b-41be-8a27-f0794d81a862
time=2026-05-03T17:47:35.378+05:30 level=INFO msg=request method=PUT path=/api/v1/admin/users/e6f57628-9453-40d1-8357-1298ab802300 status=500 duration_ms=1 request_id=533f28b9-37f6-4458-9162-c2bb0e567ed0
time=2026-05-03T17:47:35.722+05:30 level=INFO msg=request method=POST path=/api/v1/auth/login status=200 duration_ms=50 request_id=98a31d41-0078-4c1f-8445-5c2138b73dc3
time=2026-05-03T17:47:35.781+05:30 level=INFO msg=request method=POST path=/api/v1/auth/login status=200 duration_ms=49 request_id=17804849-ebb9-48e2-824c-969720d961b6
time=2026-05-03T17:47:35.789+05:30 level=INFO msg=request method=GET path=/api/v1/admin/users status=200 duration_ms=1 request_id=1f555074-5f09-436e-afc5-c0d9fe601930
time=2026-05-03T17:47:35.790+05:30 level=INFO msg=request method=PUT path=/api/v1/admin/users/e6f57628-9453-40d1-8357-1298ab802300 status=429 duration_ms=0 request_id=bb23015c-cabf-498b-814b-8cc3fed8b9bb
time=2026-05-03T17:47:35.799+05:30 level=INFO msg=request method=GET path=/api/v1/competition/c0000000-0001-0001-0001-000000000001/market-share-status status=429 duration_ms=0 request_id=cfd2a334-107a-4355-875e-038ef6363634
time=2026-05-03T17:47:36.040+05:30 level=INFO msg=request method=POST path=/api/v1/auth/login status=429 duration_ms=0 request_id=87670b8d-0c79-4729-ba84-8c84fbe3bea6
time=2026-05-03T17:47:38.121+05:30 level=INFO msg=request method=POST path=/api/v1/auth/login status=200 duration_ms=71 request_id=93666f9e-398d-45c6-acfa-d28245fae773
time=2026-05-03T17:47:38.126+05:30 level=INFO msg=request method=GET path=/api/v1/competition/leaderboard status=200 duration_ms=3 request_id=c1e4fad5-2898-4f61-9dd0-dedf4debd346
time=2026-05-03T17:47:38.138+05:30 level=INFO msg=request method=GET path=/api/v1/competition/leaderboard status=200 duration_ms=3 request_id=b3d3798f-898f-41e6-bfec-0361f34b3174
time=2026-05-03T17:47:38.931+05:30 level=INFO msg=request method=OPTIONS path=/api/v1/auth/login status=204 duration_ms=0 request_id=8c450dea-f4ea-4ca8-848e-9620350e0549
time=2026-05-03T17:47:38.982+05:30 level=INFO msg=request method=POST path=/api/v1/auth/login status=200 duration_ms=50 request_id=e70d08e6-7f94-42b9-af61-c6a7ef77acf7
time=2026-05-03T17:47:41.982+05:30 level=INFO msg=request method=OPTIONS path=/api/v1/outlets/112847 status=204 duration_ms=0 request_id=0506f5a9-bf31-412f-9dff-f24fe872129f
time=2026-05-03T17:47:41.982+05:30 level=INFO msg=request method=OPTIONS path=/api/v1/outlets/112847/performance status=204 duration_ms=0 request_id=b46b6e67-faab-4497-a030-7140fb9bb1b5
time=2026-05-03T17:47:41.985+05:30 level=INFO msg=request method=GET path=/api/v1/outlets/112847/performance status=200 duration_ms=2 request_id=57af2979-816d-4858-9de2-1e2ff0878101
time=2026-05-03T17:47:41.987+05:30 level=INFO msg=request method=GET path=/api/v1/outlets/112847 status=200 duration_ms=4 request_id=4c3576a1-4562-4a06-8e0c-e3ee06fd784e
time=2026-05-03T17:47:41.995+05:30 level=INFO msg=request method=OPTIONS path=/api/v1/outlets/112847/targets status=204 duration_ms=0 request_id=b2465e25-7ca9-4a17-b049-64462b1243e9
time=2026-05-03T17:47:41.997+05:30 level=INFO msg=request method=GET path=/api/v1/outlets/112847/targets status=200 duration_ms=1 request_id=f0dd3d3a-7935-4366-a955-31bf6eec25ea
time=2026-05-03T17:47:41.999+05:30 level=INFO msg=request method=OPTIONS path=/api/v1/outlets/112847/analysis status=204 duration_ms=0 request_id=336ac180-f5d3-42a0-8cc3-316f2d768351
time=2026-05-03T17:47:41.999+05:30 level=INFO msg=request method=OPTIONS path=/api/v1/competition/leaderboard status=204 duration_ms=0 request_id=dcb71537-ff6e-48d5-9bb0-40e98170664d
time=2026-05-03T17:47:41.999+05:30 level=INFO msg=request method=OPTIONS path=/api/v1/competition/c0000000-0001-0001-0001-000000000001/market-share-status status=204 duration_ms=0 request_id=3a251cf0-86e6-4ea3-9cbd-8cce0501cff3
time=2026-05-03T17:47:42.001+05:30 level=INFO msg=request method=GET path=/api/v1/competition/leaderboard status=200 duration_ms=2 request_id=ebe7d4c3-16bf-48ee-87ed-b22f47daa651
time=2026-05-03T17:47:42.002+05:30 level=INFO msg=request method=GET path=/api/v1/outlets/112847/analysis status=200 duration_ms=3 request_id=77d69f10-08f3-4647-8406-8138db45dcac
time=2026-05-03T17:47:42.003+05:30 level=INFO msg=request method=GET path=/api/v1/competition/c0000000-0001-0001-0001-000000000001/market-share-status status=200 duration_ms=3 request_id=557c671e-5f4d-40b7-80ef-0838d3ba6ade
time=2026-05-03T17:47:44.797+05:30 level=INFO msg=request method=OPTIONS path=/api/v1/auth/login status=204 duration_ms=0 request_id=286d12f1-d65c-460d-bb08-1abc9c09a696
time=2026-05-03T17:47:44.854+05:30 level=INFO msg=request method=POST path=/api/v1/auth/login status=200 duration_ms=55 request_id=6eecf87a-43c4-49aa-bf7f-78e509f35681
time=2026-05-03T17:47:47.847+05:30 level=INFO msg=request method=OPTIONS path=/api/v1/outlets/112847/performance status=204 duration_ms=0 request_id=750af970-6304-4ddb-b6d7-f567bdfa2b68
time=2026-05-03T17:47:47.847+05:30 level=INFO msg=request method=OPTIONS path=/api/v1/outlets/112847 status=204 duration_ms=0 request_id=ca0b5d7c-5a70-4ccc-ab22-da858f8d0c89
time=2026-05-03T17:47:47.850+05:30 level=INFO msg=request method=GET path=/api/v1/outlets/112847/performance status=200 duration_ms=1 request_id=7860b19f-53f0-4f4e-b71b-b4023fee6c78
time=2026-05-03T17:47:47.850+05:30 level=INFO msg=request method=GET path=/api/v1/outlets/112847 status=200 duration_ms=2 request_id=1778f1a0-797e-4275-9db1-fb609978da85
time=2026-05-03T17:47:47.862+05:30 level=INFO msg=request method=OPTIONS path=/api/v1/outlets/112847/targets status=204 duration_ms=0 request_id=f590f82a-3739-4510-99ee-ca1a6cab644d
time=2026-05-03T17:47:47.864+05:30 level=INFO msg=request method=GET path=/api/v1/outlets/112847/targets status=200 duration_ms=1 request_id=75e04171-400c-405e-9f90-85b96c8f2b1e
time=2026-05-03T17:47:47.865+05:30 level=INFO msg=request method=OPTIONS path=/api/v1/outlets/112847/analysis status=204 duration_ms=0 request_id=e293cf58-d881-4767-863f-22932a93d65e
time=2026-05-03T17:47:47.865+05:30 level=INFO msg=request method=OPTIONS path=/api/v1/competition/leaderboard status=204 duration_ms=0 request_id=870b6b91-ec09-46f0-a795-4aec6ca28cb4
time=2026-05-03T17:47:47.865+05:30 level=INFO msg=request method=OPTIONS path=/api/v1/competition/c0000000-0001-0001-0001-000000000001/market-share-status status=204 duration_ms=0 request_id=96d20263-2369-48b4-a9fd-e0759f64e71e
time=2026-05-03T17:47:47.867+05:30 level=INFO msg=request method=GET path=/api/v1/outlets/112847/analysis status=200 duration_ms=1 request_id=2451bbc2-80c6-4749-96f6-1d0de8a05dd2
time=2026-05-03T17:47:47.868+05:30 level=INFO msg=request method=GET path=/api/v1/competition/c0000000-0001-0001-0001-000000000001/market-share-status status=200 duration_ms=2 request_id=68764bb4-594a-4b34-b566-33d73db1e86b
time=2026-05-03T17:47:47.870+05:30 level=INFO msg=request method=GET path=/api/v1/competition/leaderboard status=200 duration_ms=5 request_id=a625a006-4220-4196-905a-a3600ac3b3c7
time=2026-05-03T17:47:51.681+05:30 level=INFO msg=request method=OPTIONS path=/api/v1/auth/login status=204 duration_ms=0 request_id=b52a9d7f-7e11-48c1-9e4e-8c023eaf7ac3
time=2026-05-03T17:47:51.737+05:30 level=INFO msg=request method=POST path=/api/v1/auth/login status=200 duration_ms=55 request_id=b3a91f07-3a60-44bc-a3e6-881b42e83908
time=2026-05-03T17:47:56.875+05:30 level=INFO msg=request method=POST path=/api/v1/auth/login status=401 duration_ms=1 request_id=92f40ae9-e964-4ecf-9eb1-494df40fa7b2
time=2026-05-03T17:47:56.881+05:30 level=INFO msg=request method=POST path=/api/v1/auth/login status=401 duration_ms=0 request_id=579e9642-6a78-4fe1-ac8d-a33d774acabc
time=2026-05-03T17:47:58.143+05:30 level=INFO msg=request method=GET path=/api/v1/auth/me status=401 duration_ms=0 request_id=b3f145b8-4357-4406-bc19-4d8b52fa6007
time=2026-05-03T17:47:58.148+05:30 level=INFO msg=request method=GET path=/api/v1/outlets/112847 status=401 duration_ms=0 request_id=22fca45c-4aad-42bc-b3e9-c5ef76b5cfe9
time=2026-05-03T17:47:58.202+05:30 level=INFO msg=request method=POST path=/api/v1/auth/login status=200 duration_ms=50 request_id=113ca53f-a588-4fb4-8007-8d3e0bbf1e16
time=2026-05-03T17:47:58.206+05:30 level=INFO msg=request method=GET path=/health status=200 duration_ms=0 request_id=34ea719d-730f-4ab5-9211-00d6b14ad435
time=2026-05-03T17:48:10.875+05:30 level=INFO msg=request method=POST path=/api/v1/auth/login status=200 duration_ms=49 request_id=86cfc211-1023-4a66-8cbe-22dce3062e68
time=2026-05-03T17:48:10.896+05:30 level=INFO msg=request method=GET path=/api/v1/territory/outlets status=200 duration_ms=16 request_id=28c479e6-e693-4a10-a1b0-3c9cf8098635
time=2026-05-03T17:48:10.910+05:30 level=INFO msg=request method=GET path=/api/v1/outlets/112386/performance status=200 duration_ms=1 request_id=ac083db7-6e14-4bfd-be4b-a439d50a992b
time=2026-05-03T17:48:10.910+05:30 level=INFO msg=request method=GET path=/api/v1/outlets/255872/performance status=200 duration_ms=1 request_id=43491872-25eb-4524-991f-87ab3be5e1c7
time=2026-05-03T17:48:10.922+05:30 level=INFO msg=request method=GET path=/api/v1/outlets/112417/performance status=429 duration_ms=0 request_id=f06382f6-cc23-410e-9655-eddfb246fc3b
time=2026-05-03T17:48:10.922+05:30 level=INFO msg=request method=GET path=/api/v1/outlets/112431/performance status=429 duration_ms=0 request_id=e55c420f-8f52-4832-ac56-00bedc09150c
time=2026-05-03T17:48:10.922+05:30 level=INFO msg=request method=GET path=/api/v1/outlets/112847/performance status=429 duration_ms=0 request_id=3f89b56e-9e92-40af-b45b-174d9f936414
time=2026-05-03T17:48:10.922+05:30 level=INFO msg=request method=GET path=/api/v1/outlets/127090/performance status=429 duration_ms=0 request_id=2b819499-fedc-4a22-a41c-2af4ec29a473
time=2026-05-03T17:48:10.922+05:30 level=INFO msg=request method=GET path=/api/v1/outlets/112438/performance status=429 duration_ms=0 request_id=c87060ce-ceab-46bb-8a62-94c071ac55a7
time=2026-05-03T17:48:10.922+05:30 level=INFO msg=request method=GET path=/api/v1/outlets/111234/performance status=429 duration_ms=0 request_id=ef83b27c-0394-4206-b2b8-51b1948759df
time=2026-05-03T17:48:10.922+05:30 level=INFO msg=request method=GET path=/api/v1/outlets/112448/performance status=429 duration_ms=0 request_id=39c8f9e8-0756-4019-907d-7bc532ecae4f
time=2026-05-03T17:48:10.922+05:30 level=INFO msg=request method=GET path=/api/v1/outlets/112450/performance status=429 duration_ms=0 request_id=9eee18e1-5397-4d66-8249-4a8a0019ba51
time=2026-05-03T17:48:10.922+05:30 level=INFO msg=request method=GET path=/api/v1/outlets/112456/performance status=429 duration_ms=0 request_id=b9fe5f41-9de1-4e42-92f9-218d88ca69bc
time=2026-05-03T17:48:10.922+05:30 level=INFO msg=request method=GET path=/api/v1/outlets/244099/performance status=429 duration_ms=0 request_id=874c118d-e58c-41e8-bd0f-cb8982154e2d
time=2026-05-03T17:48:10.922+05:30 level=INFO msg=request method=GET path=/api/v1/outlets/110234/performance status=429 duration_ms=0 request_id=1a54259f-781a-4bc0-853f-83404419873d
time=2026-05-03T17:48:10.922+05:30 level=INFO msg=request method=GET path=/api/v1/outlets/112458/performance status=429 duration_ms=0 request_id=8d3510d4-aca5-4d09-aa76-7280ce8d25fb
time=2026-05-03T17:48:10.922+05:30 level=INFO msg=request method=GET path=/api/v1/outlets/131712/performance status=429 duration_ms=0 request_id=83857d40-e5b4-41c4-8fd0-f048cf2841aa
time=2026-05-03T17:48:10.922+05:30 level=INFO msg=request method=GET path=/api/v1/outlets/113234/performance status=429 duration_ms=0 request_id=3b1378a8-7ec0-4d1d-9faa-563f243096cd
time=2026-05-03T17:48:10.922+05:30 level=INFO msg=request method=GET path=/api/v1/outlets/250828/performance status=429 duration_ms=0 request_id=ee76ee8c-e74d-49bc-855e-79c857443688
time=2026-05-03T17:48:10.922+05:30 level=INFO msg=request method=GET path=/api/v1/outlets/129151/performance status=429 duration_ms=0 request_id=9b4a6a7c-c082-4276-878e-3995f734f685
time=2026-05-03T17:48:10.922+05:30 level=INFO msg=request method=GET path=/api/v1/outlets/111456/performance status=429 duration_ms=0 request_id=48d0051e-4380-4e10-9c49-565a66c56cfe
time=2026-05-03T17:48:10.922+05:30 level=INFO msg=request method=GET path=/api/v1/outlets/113456/performance status=429 duration_ms=0 request_id=1ac57d5b-ba2b-44db-b4a2-190cca306dfd
time=2026-05-03T17:48:10.922+05:30 level=INFO msg=request method=GET path=/api/v1/outlets/112012/performance status=429 duration_ms=0 request_id=0392120c-1b93-4b2d-bfca-d851669f2762
time=2026-05-03T17:48:10.922+05:30 level=INFO msg=request method=GET path=/api/v1/outlets/119876/performance status=429 duration_ms=0 request_id=5bcfe9a7-e455-45c5-838c-606c0be0d978
time=2026-05-03T17:48:10.922+05:30 level=INFO msg=request method=GET path=/api/v1/outlets/118345/performance status=429 duration_ms=0 request_id=64182db1-f71c-4bc0-9f3b-660a72ee207d
time=2026-05-03T17:48:10.922+05:30 level=INFO msg=request method=GET path=/api/v1/outlets/113890/performance status=429 duration_ms=0 request_id=81c1da2b-346b-40c2-9239-34bd742bbd9f
time=2026-05-03T17:48:10.922+05:30 level=INFO msg=request method=GET path=/api/v1/outlets/112441/performance status=429 duration_ms=0 request_id=710da118-a6d0-48e1-88e2-1356665f0adb
time=2026-05-03T17:48:10.922+05:30 level=INFO msg=request method=GET path=/api/v1/outlets/107634/performance status=429 duration_ms=0 request_id=004c2f9c-9789-482d-ac9f-610afd0c8b1d
time=2026-05-03T17:48:10.922+05:30 level=INFO msg=request method=GET path=/api/v1/outlets/112457/performance status=429 duration_ms=0 request_id=593a0f8c-66d1-4f7b-ac0e-1ce997615e88
time=2026-05-03T17:48:10.922+05:30 level=INFO msg=request method=GET path=/api/v1/outlets/112460/performance status=429 duration_ms=0 request_id=b8bfca6b-950a-42ec-a44b-f5ae8fd5e734
time=2026-05-03T17:48:10.922+05:30 level=INFO msg=request method=GET path=/api/v1/outlets/112462/performance status=429 duration_ms=0 request_id=8fce9c1f-5c0c-44a7-a78c-ebecbb0e17d6
time=2026-05-03T17:48:10.922+05:30 level=INFO msg=request method=GET path=/api/v1/outlets/236924/performance status=429 duration_ms=0 request_id=75d44b08-170c-4d82-94ca-777c9459852f
time=2026-05-03T17:48:10.922+05:30 level=INFO msg=request method=GET path=/api/v1/outlets/112387/performance status=429 duration_ms=0 request_id=584ad2d4-b03a-4c1e-a8ea-01c3991cd49a
time=2026-05-03T17:48:10.922+05:30 level=INFO msg=request method=GET path=/api/v1/outlets/112383/performance status=429 duration_ms=0 request_id=0e6d07d8-c919-4b4d-9335-81f52a1d1175
time=2026-05-03T17:48:10.922+05:30 level=INFO msg=request method=GET path=/api/v1/outlets/112391/performance status=429 duration_ms=0 request_id=dd8c304a-6c4e-481f-9200-7558c56397ff
time=2026-05-03T17:48:10.922+05:30 level=INFO msg=request method=GET path=/api/v1/outlets/112392/performance status=429 duration_ms=0 request_id=cc1198d7-180e-4397-a42b-4e2ab3890b3e
time=2026-05-03T17:48:10.922+05:30 level=INFO msg=request method=GET path=/api/v1/outlets/112393/performance status=429 duration_ms=0 request_id=da3d9787-9f9e-43c8-9827-9555934d7207
time=2026-05-03T17:48:10.922+05:30 level=INFO msg=request method=GET path=/api/v1/outlets/156837/performance status=429 duration_ms=0 request_id=a23ad739-a747-4b9c-b385-fe15997cae3a
time=2026-05-03T17:48:10.922+05:30 level=INFO msg=request method=GET path=/api/v1/outlets/112397/performance status=429 duration_ms=0 request_id=6719ef99-89d7-48eb-9273-67d75b025056
time=2026-05-03T17:48:10.923+05:30 level=INFO msg=request method=GET path=/api/v1/outlets/112398/performance status=429 duration_ms=0 request_id=e31b3a9d-ba73-47bd-b8a9-5be317d68203
time=2026-05-03T17:48:10.923+05:30 level=INFO msg=request method=GET path=/api/v1/outlets/112401/performance status=429 duration_ms=0 request_id=69349681-adcb-4e56-8a51-1605ca86ef39
time=2026-05-03T17:48:10.923+05:30 level=INFO msg=request method=GET path=/api/v1/outlets/112345/performance status=429 duration_ms=0 request_id=c0bd0c8a-870a-400a-9f8a-c37d0eb0dd02
time=2026-05-03T17:48:10.923+05:30 level=INFO msg=request method=GET path=/api/v1/outlets/157172/performance status=429 duration_ms=0 request_id=d3d9b9e8-15af-4550-80f4-da8f0168a5a8
time=2026-05-03T17:48:10.923+05:30 level=INFO msg=request method=GET path=/api/v1/outlets/112429/performance status=429 duration_ms=0 request_id=4f89bb98-9981-40f8-8a56-c8ff640dfa53
time=2026-05-03T17:48:10.923+05:30 level=INFO msg=request method=GET path=/api/v1/outlets/112434/performance status=429 duration_ms=0 request_id=6edf3a24-c881-40b2-8f94-4c43b7327566
time=2026-05-03T17:48:10.923+05:30 level=INFO msg=request method=GET path=/api/v1/outlets/112444/performance status=429 duration_ms=0 request_id=a87c3858-44fd-450a-bf20-13712147ece6
time=2026-05-03T17:48:10.923+05:30 level=INFO msg=request method=GET path=/api/v1/outlets/112436/performance status=429 duration_ms=0 request_id=07218a27-85d9-4af2-a9fc-0c8dd6d02e13
time=2026-05-03T17:48:10.923+05:30 level=INFO msg=request method=GET path=/api/v1/outlets/112445/performance status=429 duration_ms=0 request_id=7da2be5a-2ed6-496c-9edc-60a6a825eb20
time=2026-05-03T17:48:10.923+05:30 level=INFO msg=request method=GET path=/api/v1/outlets/108923/performance status=429 duration_ms=0 request_id=74a36ef4-79cc-4689-80f3-fcf674bddeb9
time=2026-05-03T17:48:10.923+05:30 level=INFO msg=request method=GET path=/api/v1/outlets/112453/performance status=429 duration_ms=0 request_id=78bc7d18-5553-4d32-b2b8-8282ed1bc8bb
time=2026-05-03T17:48:10.923+05:30 level=INFO msg=request method=GET path=/api/v1/outlets/112789/performance status=429 duration_ms=0 request_id=dff28859-77c9-41bd-b7fa-eeeaeb7cd148
time=2026-05-03T17:48:10.923+05:30 level=INFO msg=request method=GET path=/api/v1/outlets/112454/performance status=429 duration_ms=0 request_id=f0f8318e-4507-44f8-8111-bc38c3edd699
time=2026-05-03T17:48:10.923+05:30 level=INFO msg=request method=GET path=/api/v1/outlets/114234/performance status=429 duration_ms=0 request_id=a69c2d9d-32d2-4041-b9a9-e1194f85cbb5
time=2026-05-03T17:48:10.923+05:30 level=INFO msg=request method=GET path=/api/v1/outlets/151186/performance status=429 duration_ms=0 request_id=88f9e64e-273d-4a04-85c4-ebc588f204e7
time=2026-05-03T17:48:10.923+05:30 level=INFO msg=request method=GET path=/api/v1/outlets/198868/performance status=429 duration_ms=0 request_id=f61885d5-5bf4-408a-a9cf-c3b677b905d1
time=2026-05-03T17:48:10.923+05:30 level=INFO msg=request method=GET path=/api/v1/outlets/118567/performance status=429 duration_ms=0 request_id=a16d8c25-d76b-4b13-b92a-4d47fdbe9f64
time=2026-05-03T17:48:10.923+05:30 level=INFO msg=request method=GET path=/api/v1/outlets/112402/performance status=429 duration_ms=0 request_id=646d9b8f-16ed-4cc1-a071-c15a30ed6c7f
time=2026-05-03T17:48:10.923+05:30 level=INFO msg=request method=GET path=/api/v1/outlets/118012/performance status=429 duration_ms=0 request_id=39611e05-3cef-441d-8c84-52ea7511e65a
time=2026-05-03T17:48:10.923+05:30 level=INFO msg=request method=GET path=/api/v1/outlets/109251/performance status=429 duration_ms=0 request_id=452d8b46-b049-40a1-ba6a-3f0d0b08ece2
time=2026-05-03T17:48:10.923+05:30 level=INFO msg=request method=GET path=/api/v1/outlets/168006/performance status=429 duration_ms=0 request_id=2c0e8807-50ed-44e1-867a-70a58bb5a77d
time=2026-05-03T17:48:10.923+05:30 level=INFO msg=request method=GET path=/api/v1/outlets/112407/performance status=429 duration_ms=0 request_id=18afefb6-8ff4-4db0-940b-3ad1f27e5818
time=2026-05-03T17:48:10.923+05:30 level=INFO msg=request method=GET path=/api/v1/outlets/148413/performance status=429 duration_ms=0 request_id=ec98eb1e-f28f-40d3-9cf0-f4d2d4ecfb2a
time=2026-05-03T17:48:10.923+05:30 level=INFO msg=request method=GET path=/api/v1/outlets/112415/performance status=429 duration_ms=0 request_id=cca30295-0697-4394-a2c9-bd1bbfa62f5c
time=2026-05-03T17:48:10.923+05:30 level=INFO msg=request method=GET path=/api/v1/outlets/108765/performance status=429 duration_ms=0 request_id=02b42f2b-daf6-4d97-9dbe-e5aead97f2f6
time=2026-05-03T17:48:10.923+05:30 level=INFO msg=request method=GET path=/api/v1/outlets/198751/performance status=429 duration_ms=0 request_id=48008107-3409-4fdd-88cd-88707f89c543
time=2026-05-03T17:48:10.923+05:30 level=INFO msg=request method=GET path=/api/v1/outlets/118901/performance status=429 duration_ms=0 request_id=3b6ee44e-6929-46ed-81b4-13ed7587a881
time=2026-05-03T17:48:10.923+05:30 level=INFO msg=request method=GET path=/api/v1/outlets/112420/performance status=429 duration_ms=0 request_id=6fcbe443-53e3-4368-8cc8-7f45652a9393
time=2026-05-03T17:48:10.923+05:30 level=INFO msg=request method=GET path=/api/v1/outlets/200922/performance status=200 duration_ms=1 request_id=5e583c74-1346-46f1-8f89-208a3bb72059
time=2026-05-03T17:48:10.923+05:30 level=INFO msg=request method=GET path=/api/v1/outlets/117890/performance status=429 duration_ms=0 request_id=b8621c49-2ede-4dc8-b60d-6ee9d94628b3
time=2026-05-03T17:48:10.923+05:30 level=INFO msg=request method=GET path=/api/v1/outlets/136152/performance status=429 duration_ms=0 request_id=3311adfb-e914-4034-bfa7-3e84480f1517
time=2026-05-03T17:48:10.923+05:30 level=INFO msg=request method=GET path=/api/v1/outlets/112446/performance status=429 duration_ms=0 request_id=7dddde4d-cb4b-4396-9221-38e78548f67e
time=2026-05-03T17:48:10.923+05:30 level=INFO msg=request method=GET path=/api/v1/outlets/112384/performance status=429 duration_ms=0 request_id=46d877c6-8285-437f-99f7-50e65e2f344f
time=2026-05-03T17:48:10.923+05:30 level=INFO msg=request method=GET path=/api/v1/outlets/128472/performance status=429 duration_ms=0 request_id=cf3989d9-65ba-49a1-b28a-bc156fa1db96
time=2026-05-03T17:48:10.923+05:30 level=INFO msg=request method=GET path=/api/v1/outlets/112385/performance status=429 duration_ms=0 request_id=9687e451-1228-46a7-aaf3-58fdb4963642
time=2026-05-03T17:48:10.923+05:30 level=INFO msg=request method=GET path=/api/v1/outlets/112389/performance status=429 duration_ms=0 request_id=f8d80f6d-2ffe-41fe-bda3-88db2ac398c0
time=2026-05-03T17:48:10.923+05:30 level=INFO msg=request method=GET path=/api/v1/outlets/112395/performance status=429 duration_ms=0 request_id=f76700cd-7478-45ea-8197-b3136400a864
time=2026-05-03T17:48:10.923+05:30 level=INFO msg=request method=GET path=/api/v1/outlets/115634/performance status=429 duration_ms=0 request_id=99acf62b-1663-453c-8077-baabc8385dc3
time=2026-05-03T17:48:10.923+05:30 level=INFO msg=request method=GET path=/api/v1/outlets/116456/performance status=429 duration_ms=0 request_id=7679f342-df31-4883-87b8-db60344915fc
time=2026-05-03T17:48:10.923+05:30 level=INFO msg=request method=GET path=/api/v1/outlets/112390/performance status=200 duration_ms=2 request_id=0d05b0a2-21ca-47b1-9be2-ca7648dfcb02
time=2026-05-03T17:48:10.924+05:30 level=INFO msg=request method=GET path=/api/v1/outlets/144329/performance status=200 duration_ms=2 request_id=98e02301-198a-4c2e-bc6b-33a7f8fb54c5
time=2026-05-03T17:48:10.924+05:30 level=INFO msg=request method=GET path=/api/v1/outlets/112414/performance status=200 duration_ms=2 request_id=7dd8e141-9cb1-489d-b0fc-0e3cf0a91cca
time=2026-05-03T17:48:10.924+05:30 level=INFO msg=request method=GET path=/api/v1/outlets/149238/performance status=429 duration_ms=0 request_id=96a03028-3b34-4b3f-bfbf-8d77dee8f0f6
time=2026-05-03T17:48:10.924+05:30 level=INFO msg=request method=GET path=/api/v1/outlets/123784/performance status=429 duration_ms=0 request_id=b79edd2c-9991-405f-9ee7-33901f2ad438
time=2026-05-03T17:48:10.924+05:30 level=INFO msg=request method=GET path=/api/v1/outlets/147286/performance status=429 duration_ms=0 request_id=2bd1b773-9d49-4a63-a809-4e793847ebc5
time=2026-05-03T17:48:10.924+05:30 level=INFO msg=request method=GET path=/api/v1/outlets/119012/performance status=429 duration_ms=0 request_id=8ff456e8-e709-4dcb-8ea4-d2d0ec1fb777
time=2026-05-03T17:48:10.924+05:30 level=INFO msg=request method=GET path=/api/v1/outlets/112412/performance status=429 duration_ms=0 request_id=3e1e1999-55e0-469f-942a-28ead5cb6507
time=2026-05-03T17:48:10.924+05:30 level=INFO msg=request method=GET path=/api/v1/outlets/112403/performance status=429 duration_ms=0 request_id=5c1e3437-89c6-430c-b11f-2e17b2e48be8
time=2026-05-03T17:48:10.924+05:30 level=INFO msg=request method=GET path=/api/v1/outlets/112411/performance status=429 duration_ms=0 request_id=e3d22f0f-4316-4f5c-9fcd-240ff025f162
time=2026-05-03T17:48:10.924+05:30 level=INFO msg=request method=GET path=/api/v1/outlets/167171/performance status=429 duration_ms=0 request_id=9cd85f3d-cb0c-422d-b6e1-7cf90034f2c1
time=2026-05-03T17:48:10.924+05:30 level=INFO msg=request method=GET path=/api/v1/outlets/115789/performance status=429 duration_ms=0 request_id=0761190d-5d3a-4f91-8159-e5d4fd2a7c53
time=2026-05-03T17:48:10.924+05:30 level=INFO msg=request method=GET path=/api/v1/outlets/112416/performance status=429 duration_ms=0 request_id=37d4a550-594a-409e-a563-0d2b2026d28a
time=2026-05-03T17:48:10.924+05:30 level=INFO msg=request method=GET path=/api/v1/outlets/112424/performance status=429 duration_ms=0 request_id=0669a235-80b0-441b-a396-63d29a5df5a5
time=2026-05-03T17:48:10.924+05:30 level=INFO msg=request method=GET path=/api/v1/outlets/112419/performance status=429 duration_ms=0 request_id=7014bea1-badc-4d68-98d7-fb99a1f7a25e
time=2026-05-03T17:48:10.924+05:30 level=INFO msg=request method=GET path=/api/v1/outlets/112439/performance status=429 duration_ms=0 request_id=c496071f-6827-4e50-9d8f-2bc4e0ad68b0
time=2026-05-03T17:48:10.924+05:30 level=INFO msg=request method=GET path=/api/v1/outlets/112443/performance status=429 duration_ms=0 request_id=1466fe7f-fff9-4b99-adac-5d7bddea676a
time=2026-05-03T17:48:10.924+05:30 level=INFO msg=request method=GET path=/api/v1/outlets/112428/performance status=429 duration_ms=0 request_id=16835590-24b6-42b8-adf0-beffcee43886
time=2026-05-03T17:48:10.924+05:30 level=INFO msg=request method=GET path=/api/v1/outlets/112442/performance status=429 duration_ms=0 request_id=dfacdeab-9956-4bd4-87b6-1c32d54f90c9
time=2026-05-03T17:48:10.924+05:30 level=INFO msg=request method=GET path=/api/v1/outlets/115901/performance status=200 duration_ms=2 request_id=1fdc583d-12df-4cf2-bb4d-99aae04eff59
time=2026-05-03T17:48:10.924+05:30 level=INFO msg=request method=GET path=/api/v1/outlets/112440/performance status=429 duration_ms=0 request_id=d1ba5f44-99f6-4a75-a795-1d0451cc74cd
time=2026-05-03T17:48:10.924+05:30 level=INFO msg=request method=GET path=/api/v1/outlets/112437/performance status=429 duration_ms=0 request_id=52c137aa-c8df-4773-b658-606c1d64d760
time=2026-05-03T17:48:10.924+05:30 level=INFO msg=request method=GET path=/api/v1/outlets/112422/performance status=429 duration_ms=0 request_id=afb3002e-6ec7-441c-ab2a-22e42bc34f52
time=2026-05-03T17:48:10.924+05:30 level=INFO msg=request method=GET path=/api/v1/outlets/163708/performance status=429 duration_ms=0 request_id=0bb0849c-a1ee-44aa-ac2f-958f416b1973
time=2026-05-03T17:48:10.924+05:30 level=INFO msg=request method=GET path=/api/v1/outlets/115012/performance status=429 duration_ms=0 request_id=b76d9f35-769b-491b-bd61-15cbb191ef52
time=2026-05-03T17:48:10.924+05:30 level=INFO msg=request method=GET path=/api/v1/outlets/112425/performance status=429 duration_ms=0 request_id=c7df6463-67f9-4544-8907-c6ac8312ae48
time=2026-05-03T17:48:10.924+05:30 level=INFO msg=request method=GET path=/api/v1/outlets/111789/performance status=429 duration_ms=0 request_id=dcd01418-a709-44b5-87dd-f2aba214a333
time=2026-05-03T17:48:10.924+05:30 level=INFO msg=request method=GET path=/api/v1/outlets/117567/performance status=200 duration_ms=2 request_id=67edbb6a-2b35-41b3-b6f5-d0c7a7fa0ab0
time=2026-05-03T17:48:10.924+05:30 level=INFO msg=request method=GET path=/api/v1/outlets/112418/performance status=429 duration_ms=0 request_id=cb5b34b7-7c97-4eef-9a78-a2d82fbf44dd
time=2026-05-03T17:48:10.924+05:30 level=INFO msg=request method=GET path=/api/v1/outlets/114678/performance status=429 duration_ms=0 request_id=1796cc24-23af-4926-ae8f-31f79d26b0b9
time=2026-05-03T17:48:10.924+05:30 level=INFO msg=request method=GET path=/api/v1/outlets/109678/performance status=200 duration_ms=2 request_id=0b0bd57f-4de2-4536-9bc9-4dc03af66d1d
time=2026-05-03T17:48:10.929+05:30 level=INFO msg=request method=GET path=/api/v1/outlets/114521/performance status=429 duration_ms=0 request_id=4771b366-5c06-42b5-9fc4-370a23640346
time=2026-05-03T17:48:10.929+05:30 level=INFO msg=request method=GET path=/api/v1/outlets/117234/performance status=429 duration_ms=0 request_id=7ffabff6-d1b6-4c78-9bbd-784723e7df0f
time=2026-05-03T17:48:10.929+05:30 level=INFO msg=request method=GET path=/api/v1/outlets/112455/performance status=429 duration_ms=0 request_id=15a97258-bce9-421d-ab91-2656b6c5263c
time=2026-05-03T17:48:10.929+05:30 level=INFO msg=request method=GET path=/api/v1/outlets/112459/performance status=429 duration_ms=0 request_id=8c7cfed7-84b9-469e-8bde-007300e76266
time=2026-05-03T17:48:10.929+05:30 level=INFO msg=request method=GET path=/api/v1/outlets/112404/performance status=429 duration_ms=0 request_id=d289fa2f-838b-4dcc-aa6f-25c4f5a84cb2
time=2026-05-03T17:48:10.929+05:30 level=INFO msg=request method=GET path=/api/v1/outlets/112461/performance status=429 duration_ms=0 request_id=710ca0bd-953f-4a67-a833-34b478eb31ee
time=2026-05-03T17:48:10.929+05:30 level=INFO msg=request method=GET path=/api/v1/outlets/110567/performance status=429 duration_ms=0 request_id=73041a95-eafe-47ee-a4a6-b3524a30cbf5
time=2026-05-03T17:48:10.929+05:30 level=INFO msg=request method=GET path=/api/v1/outlets/112435/performance status=429 duration_ms=0 request_id=5a0a5952-e927-4bbc-b266-08c8eb5c735e
time=2026-05-03T17:48:10.929+05:30 level=INFO msg=request method=GET path=/api/v1/outlets/112466/performance status=429 duration_ms=0 request_id=125ee3f8-8f3c-48cd-a594-c00e5a04ea5c
time=2026-05-03T17:48:10.929+05:30 level=INFO msg=request method=GET path=/api/v1/outlets/112427/performance status=429 duration_ms=0 request_id=d98c0fea-ce38-4cd6-b7cf-1e83bda44252
time=2026-05-03T17:48:10.929+05:30 level=INFO msg=request method=GET path=/api/v1/outlets/116123/performance status=429 duration_ms=0 request_id=328b132c-9b68-4c84-b101-47e7140fcaf9
time=2026-05-03T17:48:10.929+05:30 level=INFO msg=request method=GET path=/api/v1/outlets/116789/performance status=429 duration_ms=0 request_id=8ec09e72-16fe-47dc-a181-b0e913927036
time=2026-05-03T17:48:10.929+05:30 level=INFO msg=request method=GET path=/api/v1/outlets/116890/performance status=429 duration_ms=0 request_id=73831c48-adf5-4f8a-8f71-ea3c00203cab
time=2026-05-03T17:48:10.929+05:30 level=INFO msg=request method=GET path=/api/v1/outlets/112408/performance status=429 duration_ms=0 request_id=3fe4c2b1-1d3a-46fd-82bb-b6547e1feffa
time=2026-05-03T17:48:10.929+05:30 level=INFO msg=request method=GET path=/api/v1/outlets/163741/performance status=429 duration_ms=0 request_id=32012209-a206-49d4-9fda-cbc2dd0a3f20
time=2026-05-03T17:48:10.929+05:30 level=INFO msg=request method=GET path=/api/v1/outlets/144348/performance status=429 duration_ms=0 request_id=27de488e-3679-4e6d-92f4-927f4b72408a
time=2026-05-03T17:48:10.929+05:30 level=INFO msg=request method=GET path=/api/v1/outlets/256507/performance status=429 duration_ms=0 request_id=20974a68-878d-4e6e-ae21-e5d3863c7c5d
time=2026-05-03T17:48:10.929+05:30 level=INFO msg=request method=GET path=/api/v1/outlets/112410/performance status=429 duration_ms=0 request_id=1feb942e-ce91-4a2b-bd63-5eb871bd3f6a
time=2026-05-03T17:48:10.929+05:30 level=INFO msg=request method=GET path=/api/v1/outlets/113782/performance status=429 duration_ms=0 request_id=a69d0a7f-7802-4fee-85e3-e12cec9a4574
time=2026-05-03T17:48:10.929+05:30 level=INFO msg=request method=GET path=/api/v1/outlets/146411/performance status=429 duration_ms=0 request_id=0409f869-6dab-44f0-9ca9-03afeeef69a6
time=2026-05-03T17:48:10.929+05:30 level=INFO msg=request method=GET path=/api/v1/outlets/147087/performance status=429 duration_ms=0 request_id=6893b8ab-c68e-41f9-b9ee-8eb5e7cdeceb
time=2026-05-03T17:48:10.930+05:30 level=INFO msg=request method=GET path=/api/v1/outlets/112451/performance status=429 duration_ms=0 request_id=78d8e426-3a9a-48af-bb86-aaac604f066d
time=2026-05-03T17:48:10.930+05:30 level=INFO msg=request method=GET path=/api/v1/outlets/119456/performance status=429 duration_ms=0 request_id=2401c38a-8910-4374-a6c7-8aad9b47171a
time=2026-05-03T17:48:10.930+05:30 level=INFO msg=request method=GET path=/api/v1/outlets/149412/performance status=429 duration_ms=0 request_id=0ab74bbf-6a27-4ea0-87c1-a72db612c3ce
time=2026-05-03T17:48:11.175+05:30 level=INFO msg=request method=POST path=/api/v1/auth/login status=429 duration_ms=0 request_id=9dbd59e7-25c9-4ef9-b9ad-eeb6ae79fb23
time=2026-05-03T17:48:13.259+05:30 level=INFO msg=request method=POST path=/api/v1/auth/login status=200 duration_ms=77 request_id=7b730dc4-4ecf-44f2-89ab-d04697df4e9d
time=2026-05-03T17:48:13.267+05:30 level=INFO msg=request method=GET path=/api/v1/territory/outlets status=200 duration_ms=5 request_id=156fadd2-de99-4f05-b807-acd1291e288b
time=2026-05-03T17:48:13.276+05:30 level=INFO msg=request method=GET path=/api/v1/outlets/112386/performance status=200 duration_ms=1 request_id=48b77537-5b0f-4af9-a59e-39b7ddad9476
time=2026-05-03T17:48:13.283+05:30 level=INFO msg=request method=GET path=/api/v1/outlets/112390/performance status=429 duration_ms=0 request_id=38f09609-e68e-4480-ade8-487ff8b46248
time=2026-05-03T17:48:13.283+05:30 level=INFO msg=request method=GET path=/api/v1/outlets/200922/performance status=429 duration_ms=0 request_id=6daf9260-a358-4227-a605-2b5877460a8c
time=2026-05-03T17:48:13.283+05:30 level=INFO msg=request method=GET path=/api/v1/outlets/144329/performance status=429 duration_ms=0 request_id=dfc181e1-6500-444b-97b5-b8805a241fa6
time=2026-05-03T17:48:13.283+05:30 level=INFO msg=request method=GET path=/api/v1/outlets/115901/performance status=429 duration_ms=0 request_id=dae9c5b0-6fa6-47ea-a704-d47c32e4cf24
time=2026-05-03T17:48:13.283+05:30 level=INFO msg=request method=GET path=/api/v1/outlets/117567/performance status=429 duration_ms=0 request_id=da35e274-2022-4310-b3f2-90eb1eb09059
time=2026-05-03T17:48:13.283+05:30 level=INFO msg=request method=GET path=/api/v1/outlets/112414/performance status=429 duration_ms=0 request_id=645d691d-9885-469a-8bcf-450d2f61b3dc
time=2026-05-03T17:48:13.284+05:30 level=INFO msg=request method=GET path=/api/v1/outlets/109678/performance status=429 duration_ms=0 request_id=7b80c8d4-6a3a-4d8a-82e3-dfda37c5a43b
time=2026-05-03T17:48:13.284+05:30 level=INFO msg=request method=GET path=/api/v1/outlets/112417/performance status=429 duration_ms=0 request_id=c1197179-92e6-400b-8837-439c0c85a473
time=2026-05-03T17:48:13.284+05:30 level=INFO msg=request method=GET path=/api/v1/outlets/112847/performance status=429 duration_ms=0 request_id=fb6446d2-424a-44e0-82cd-555dec40f871
time=2026-05-03T17:48:13.284+05:30 level=INFO msg=request method=GET path=/api/v1/outlets/112431/performance status=429 duration_ms=0 request_id=d95f8d6a-a4b8-4dc2-b6b9-2f8b673ef173
time=2026-05-03T17:48:13.284+05:30 level=INFO msg=request method=GET path=/api/v1/outlets/112438/performance status=429 duration_ms=0 request_id=c7227f8a-743b-4114-9c03-10dc8311392b
time=2026-05-03T17:48:13.284+05:30 level=INFO msg=request method=GET path=/api/v1/outlets/127090/performance status=429 duration_ms=0 request_id=56c1e66b-e174-4cfd-b6ee-5029678ffc38
time=2026-05-03T17:48:13.284+05:30 level=INFO msg=request method=GET path=/api/v1/outlets/111234/performance status=429 duration_ms=0 request_id=f65d581b-5415-4298-beb8-9b3907a257d3
time=2026-05-03T17:48:13.284+05:30 level=INFO msg=request method=GET path=/api/v1/outlets/112450/performance status=429 duration_ms=0 request_id=3ea24739-d56d-4ebc-a363-6f11884725ee
time=2026-05-03T17:48:13.284+05:30 level=INFO msg=request method=GET path=/api/v1/outlets/110234/performance status=429 duration_ms=0 request_id=eaad2c0e-8589-4c3d-bd67-d6870804a8f9
time=2026-05-03T17:48:13.284+05:30 level=INFO msg=request method=GET path=/api/v1/outlets/112456/performance status=429 duration_ms=0 request_id=b0dab839-477d-4180-88db-4a1f1d5ca8b0
time=2026-05-03T17:48:13.284+05:30 level=INFO msg=request method=GET path=/api/v1/outlets/112448/performance status=429 duration_ms=0 request_id=846422c9-c411-4cfe-8859-047036a849a6
time=2026-05-03T17:48:13.284+05:30 level=INFO msg=request method=GET path=/api/v1/outlets/131712/performance status=429 duration_ms=0 request_id=707fb7c0-be28-4344-8af6-aaa1c1ec2957
time=2026-05-03T17:48:13.284+05:30 level=INFO msg=request method=GET path=/api/v1/outlets/129151/performance status=429 duration_ms=0 request_id=90ed2937-15ad-4aeb-b996-6075f771ddaa
time=2026-05-03T17:48:13.284+05:30 level=INFO msg=request method=GET path=/api/v1/outlets/113234/performance status=429 duration_ms=0 request_id=1a5070d0-6d3e-4b7c-a7b1-689c7f0af187
time=2026-05-03T17:48:13.284+05:30 level=INFO msg=request method=GET path=/api/v1/outlets/250828/performance status=429 duration_ms=0 request_id=443a9574-6842-46e0-af7a-3a9e14ed9122
time=2026-05-03T17:48:13.284+05:30 level=INFO msg=request method=GET path=/api/v1/outlets/113456/performance status=429 duration_ms=0 request_id=1a58f992-8ad9-4dc7-9fe2-0e8bcf3a4d9c
time=2026-05-03T17:48:13.284+05:30 level=INFO msg=request method=GET path=/api/v1/outlets/244099/performance status=429 duration_ms=0 request_id=28e6d89b-a43c-4f22-99b1-634e6d51d57b
time=2026-05-03T17:48:13.284+05:30 level=INFO msg=request method=GET path=/api/v1/outlets/112458/performance status=429 duration_ms=0 request_id=2697e882-e71a-4993-a4c8-16f3069e404c
time=2026-05-03T17:48:13.284+05:30 level=INFO msg=request method=GET path=/api/v1/outlets/112012/performance status=429 duration_ms=0 request_id=631ac6b6-a4df-4e21-8c3f-d7adb3a82ba6
time=2026-05-03T17:48:13.284+05:30 level=INFO msg=request method=GET path=/api/v1/outlets/111456/performance status=429 duration_ms=0 request_id=d076cd88-61b1-48d3-9d55-9e191f038601
time=2026-05-03T17:48:13.284+05:30 level=INFO msg=request method=GET path=/api/v1/outlets/118345/performance status=429 duration_ms=0 request_id=bfa10851-236b-4c03-a635-019d546e5e69
time=2026-05-03T17:48:13.284+05:30 level=INFO msg=request method=GET path=/api/v1/outlets/113890/performance status=429 duration_ms=0 request_id=e809efa6-f541-4bee-87ca-e44b53632348
time=2026-05-03T17:48:13.284+05:30 level=INFO msg=request method=GET path=/api/v1/outlets/119876/performance status=429 duration_ms=0 request_id=af4a5b76-0e4e-48cb-bca3-ae3b1879dc29
time=2026-05-03T17:48:13.284+05:30 level=INFO msg=request method=GET path=/api/v1/outlets/107634/performance status=429 duration_ms=0 request_id=1911fa12-a803-485c-963c-c744246f2a22
time=2026-05-03T17:48:13.284+05:30 level=INFO msg=request method=GET path=/api/v1/outlets/112457/performance status=429 duration_ms=0 request_id=0ee57eae-6fb6-47fb-9b52-3fafa63e9fd7
time=2026-05-03T17:48:13.284+05:30 level=INFO msg=request method=GET path=/api/v1/outlets/236924/performance status=429 duration_ms=0 request_id=8d068864-6382-43b7-9cbe-a4b4637e582c
time=2026-05-03T17:48:13.284+05:30 level=INFO msg=request method=GET path=/api/v1/outlets/112441/performance status=429 duration_ms=0 request_id=641e6c55-e384-4df6-88f3-737fe35c87ff
time=2026-05-03T17:48:13.284+05:30 level=INFO msg=request method=GET path=/api/v1/outlets/112391/performance status=429 duration_ms=0 request_id=34db838c-682b-45ef-a0fa-5ac2bb738a01
time=2026-05-03T17:48:13.284+05:30 level=INFO msg=request method=GET path=/api/v1/outlets/112383/performance status=429 duration_ms=0 request_id=82898cd9-592a-4af9-90f6-ab77ad5da0b0
time=2026-05-03T17:48:13.284+05:30 level=INFO msg=request method=GET path=/api/v1/outlets/112460/performance status=429 duration_ms=0 request_id=f80093bb-9ecf-4a93-9d84-d9a4d9d7ada6
time=2026-05-03T17:48:13.284+05:30 level=INFO msg=request method=GET path=/api/v1/outlets/112462/performance status=429 duration_ms=0 request_id=ffdc6156-6462-4f92-b4d6-c7004479d71a
time=2026-05-03T17:48:13.284+05:30 level=INFO msg=request method=GET path=/api/v1/outlets/112392/performance status=429 duration_ms=0 request_id=df8d9c36-02c1-41c4-b43c-3bf10a1258d4
time=2026-05-03T17:48:13.284+05:30 level=INFO msg=request method=GET path=/api/v1/outlets/112393/performance status=429 duration_ms=0 request_id=d41584fe-5969-45cb-93ad-a7ed28a35176
time=2026-05-03T17:48:13.284+05:30 level=INFO msg=request method=GET path=/api/v1/outlets/112397/performance status=429 duration_ms=0 request_id=5ece59c5-8186-4050-a160-c4fc6be0fd6d
time=2026-05-03T17:48:13.284+05:30 level=INFO msg=request method=GET path=/api/v1/outlets/112387/performance status=429 duration_ms=0 request_id=e17a9544-91d5-4d6e-99cd-17dad04fd051
time=2026-05-03T17:48:13.284+05:30 level=INFO msg=request method=GET path=/api/v1/outlets/112401/performance status=429 duration_ms=0 request_id=012b72c0-293c-43a2-a1ff-ae6aa6e6577e
time=2026-05-03T17:48:13.284+05:30 level=INFO msg=request method=GET path=/api/v1/outlets/156837/performance status=429 duration_ms=0 request_id=3af48f61-e786-4252-be88-21fffe6860b7
time=2026-05-03T17:48:13.284+05:30 level=INFO msg=request method=GET path=/api/v1/outlets/157172/performance status=429 duration_ms=0 request_id=7c29948a-72c4-4b92-b838-e6b94c82be7c
time=2026-05-03T17:48:13.284+05:30 level=INFO msg=request method=GET path=/api/v1/outlets/112345/performance status=429 duration_ms=0 request_id=5f06347c-ab76-4b2d-b66d-366ec83fd798
time=2026-05-03T17:48:13.284+05:30 level=INFO msg=request method=GET path=/api/v1/outlets/112398/performance status=429 duration_ms=0 request_id=a31f0ebd-0791-4351-a32c-d72ece7a02bf
time=2026-05-03T17:48:13.284+05:30 level=INFO msg=request method=GET path=/api/v1/outlets/255872/performance status=200 duration_ms=1 request_id=de590a73-5564-4241-a0a6-ff3f86555ca5
time=2026-05-03T17:48:13.285+05:30 level=INFO msg=request method=GET path=/api/v1/outlets/112429/performance status=429 duration_ms=0 request_id=5c621069-7cd4-4db0-ae9d-159efd248cfe
time=2026-05-03T17:48:13.285+05:30 level=INFO msg=request method=GET path=/api/v1/outlets/108923/performance status=429 duration_ms=0 request_id=2b6f1dff-8c42-4291-98dc-53f19293d0d7
time=2026-05-03T17:48:13.285+05:30 level=INFO msg=request method=GET path=/api/v1/outlets/112434/performance status=429 duration_ms=0 request_id=08699e4f-1852-47a1-8f97-29e6b114bc0b
time=2026-05-03T17:48:13.285+05:30 level=INFO msg=request method=GET path=/api/v1/outlets/112454/performance status=429 duration_ms=0 request_id=18733c14-391f-43cb-8510-d48373918a84
time=2026-05-03T17:48:13.285+05:30 level=INFO msg=request method=GET path=/api/v1/outlets/112445/performance status=429 duration_ms=0 request_id=703e5623-30e8-4b91-886d-d31d72fbe51d
time=2026-05-03T17:48:13.285+05:30 level=INFO msg=request method=GET path=/api/v1/outlets/112444/performance status=429 duration_ms=0 request_id=e325c809-da2f-4143-a63b-da01eaa5ba70
time=2026-05-03T17:48:13.285+05:30 level=INFO msg=request method=GET path=/api/v1/outlets/112789/performance status=429 duration_ms=0 request_id=088e0419-990a-43ae-a55b-4dfe5e7e3a4e
time=2026-05-03T17:48:13.285+05:30 level=INFO msg=request method=GET path=/api/v1/outlets/112436/performance status=429 duration_ms=0 request_id=94191081-4bef-4229-9dec-53efe414e9ad
time=2026-05-03T17:48:13.285+05:30 level=INFO msg=request method=GET path=/api/v1/outlets/112453/performance status=429 duration_ms=0 request_id=5b800c2e-a27b-46dd-84ab-430f5a082b44
time=2026-05-03T17:48:13.285+05:30 level=INFO msg=request method=GET path=/api/v1/outlets/114234/performance status=429 duration_ms=0 request_id=04b68946-f82f-4f9c-a922-cd7177b892a1
time=2026-05-03T17:48:13.285+05:30 level=INFO msg=request method=GET path=/api/v1/outlets/198868/performance status=429 duration_ms=0 request_id=ca2ae723-1384-4582-9e50-ddba0408051d
time=2026-05-03T17:48:13.285+05:30 level=INFO msg=request method=GET path=/api/v1/outlets/118012/performance status=429 duration_ms=0 request_id=6e5bdecf-ec7d-4376-9713-be110a066982
time=2026-05-03T17:48:13.285+05:30 level=INFO msg=request method=GET path=/api/v1/outlets/109251/performance status=429 duration_ms=0 request_id=64772aff-f708-4e25-a989-32bdc2e22545
time=2026-05-03T17:48:13.285+05:30 level=INFO msg=request method=GET path=/api/v1/outlets/148413/performance status=429 duration_ms=0 request_id=b022e40e-b3d4-4476-89e7-e60b6c16b136
time=2026-05-03T17:48:13.285+05:30 level=INFO msg=request method=GET path=/api/v1/outlets/112415/performance status=429 duration_ms=0 request_id=f2d5c464-af34-4a5b-9070-154630a96617
time=2026-05-03T17:48:13.285+05:30 level=INFO msg=request method=GET path=/api/v1/outlets/118567/performance status=429 duration_ms=0 request_id=153358be-c10c-4813-b046-aef06526a5d0
time=2026-05-03T17:48:13.285+05:30 level=INFO msg=request method=GET path=/api/v1/outlets/112407/performance status=429 duration_ms=0 request_id=b92a01fc-c2d6-4933-8223-9f51b35bc52b
time=2026-05-03T17:48:13.285+05:30 level=INFO msg=request method=GET path=/api/v1/outlets/168006/performance status=429 duration_ms=0 request_id=4fbd6fa4-bdbe-43c4-a7ec-cca914dbf241
time=2026-05-03T17:48:13.285+05:30 level=INFO msg=request method=GET path=/api/v1/outlets/151186/performance status=429 duration_ms=0 request_id=7fa78139-07d2-4607-bedc-f21b6c14cd1c
time=2026-05-03T17:48:13.285+05:30 level=INFO msg=request method=GET path=/api/v1/outlets/112402/performance status=429 duration_ms=0 request_id=ac82eb7a-cc3a-48ce-8042-92453948ad27
time=2026-05-03T17:48:13.285+05:30 level=INFO msg=request method=GET path=/api/v1/outlets/117890/performance status=429 duration_ms=0 request_id=a36a40cb-15fa-4013-ad19-95a49295a2be
time=2026-05-03T17:48:13.285+05:30 level=INFO msg=request method=GET path=/api/v1/outlets/108765/performance status=429 duration_ms=0 request_id=6ff7ee43-d12f-4184-b7ad-f2117f28a911
time=2026-05-03T17:48:13.285+05:30 level=INFO msg=request method=GET path=/api/v1/outlets/198751/performance status=429 duration_ms=0 request_id=6ac3cb50-2fd0-41c9-a889-fb06ea41d36b
time=2026-05-03T17:48:13.285+05:30 level=INFO msg=request method=GET path=/api/v1/outlets/118901/performance status=429 duration_ms=0 request_id=8d745586-f8e3-4043-990b-7209f2400464
time=2026-05-03T17:48:13.285+05:30 level=INFO msg=request method=GET path=/api/v1/outlets/112420/performance status=429 duration_ms=0 request_id=a9a2bf95-9a27-43f0-9d15-a62d23573a30
time=2026-05-03T17:48:13.290+05:30 level=INFO msg=request method=GET path=/api/v1/outlets/136152/performance status=429 duration_ms=0 request_id=4ce58fff-4988-43a2-b937-225e00dde85a
time=2026-05-03T17:48:13.290+05:30 level=INFO msg=request method=GET path=/api/v1/outlets/112446/performance status=429 duration_ms=0 request_id=e585e93c-26ec-4b9e-97fe-8a393b2f4daf
time=2026-05-03T17:48:13.290+05:30 level=INFO msg=request method=GET path=/api/v1/outlets/112384/performance status=429 duration_ms=0 request_id=003f74a3-9dca-4a16-a0aa-cc0ac4be088a
time=2026-05-03T17:48:13.290+05:30 level=INFO msg=request method=GET path=/api/v1/outlets/112385/performance status=429 duration_ms=0 request_id=134c3aac-236a-4ae3-aae8-4abc364ba3be
time=2026-05-03T17:48:13.290+05:30 level=INFO msg=request method=GET path=/api/v1/outlets/128472/performance status=429 duration_ms=0 request_id=2641c42f-a9c5-4193-a097-9c66d4cda17d
time=2026-05-03T17:48:13.290+05:30 level=INFO msg=request method=GET path=/api/v1/outlets/115634/performance status=429 duration_ms=0 request_id=f67a5820-7329-4d81-82cb-3a678bfbf1be
time=2026-05-03T17:48:13.290+05:30 level=INFO msg=request method=GET path=/api/v1/outlets/123784/performance status=429 duration_ms=0 request_id=0d254980-9848-4d8f-ba72-44b9b11b606d
time=2026-05-03T17:48:13.290+05:30 level=INFO msg=request method=GET path=/api/v1/outlets/119012/performance status=429 duration_ms=0 request_id=974efdeb-6a5f-44da-a2ae-fec7ee4c6441
time=2026-05-03T17:48:13.290+05:30 level=INFO msg=request method=GET path=/api/v1/outlets/112389/performance status=429 duration_ms=0 request_id=6a86e252-0c3b-4d50-8035-5fa308aa63f1
time=2026-05-03T17:48:13.290+05:30 level=INFO msg=request method=GET path=/api/v1/outlets/112411/performance status=429 duration_ms=0 request_id=ff4cf2e8-c80e-42ba-bf36-61077f7d0992
time=2026-05-03T17:48:13.290+05:30 level=INFO msg=request method=GET path=/api/v1/outlets/112403/performance status=429 duration_ms=0 request_id=0c011901-243c-4f16-b286-e45d7ba8a47c
time=2026-05-03T17:48:13.290+05:30 level=INFO msg=request method=GET path=/api/v1/outlets/112412/performance status=429 duration_ms=0 request_id=3900df78-a2d2-48b8-bfcf-547a739510e8
time=2026-05-03T17:48:13.290+05:30 level=INFO msg=request method=GET path=/api/v1/outlets/116456/performance status=429 duration_ms=0 request_id=4d621858-045e-4381-a734-af88885f5f9f
time=2026-05-03T17:48:13.290+05:30 level=INFO msg=request method=GET path=/api/v1/outlets/112395/performance status=429 duration_ms=0 request_id=573c7b40-1ccd-4b06-942e-7d39f52764e5
time=2026-05-03T17:48:13.290+05:30 level=INFO msg=request method=GET path=/api/v1/outlets/149238/performance status=429 duration_ms=0 request_id=fd421144-1f2d-4fe6-bee4-e75b8fee0cda
time=2026-05-03T17:48:13.290+05:30 level=INFO msg=request method=GET path=/api/v1/outlets/147286/performance status=429 duration_ms=0 request_id=2730f469-b34f-41ab-8255-89a486370dfd
time=2026-05-03T17:48:13.290+05:30 level=INFO msg=request method=GET path=/api/v1/outlets/115789/performance status=429 duration_ms=0 request_id=56d1b924-bca4-4cdc-9677-d923d6384002
time=2026-05-03T17:48:13.290+05:30 level=INFO msg=request method=GET path=/api/v1/outlets/112416/performance status=429 duration_ms=0 request_id=2f49c67f-1d0a-40c9-b048-c6c2608a3412
time=2026-05-03T17:48:13.290+05:30 level=INFO msg=request method=GET path=/api/v1/outlets/112418/performance status=429 duration_ms=0 request_id=c0d28708-1a67-464e-aa77-e4da955438ba
time=2026-05-03T17:48:13.291+05:30 level=INFO msg=request method=GET path=/api/v1/outlets/167171/performance status=429 duration_ms=0 request_id=7c337314-feae-49b5-8010-8090b6df3ca3
time=2026-05-03T17:48:13.291+05:30 level=INFO msg=request method=GET path=/api/v1/outlets/112419/performance status=429 duration_ms=0 request_id=2155b06b-b6e7-4a8f-8cdb-420559837a03
time=2026-05-03T17:48:13.291+05:30 level=INFO msg=request method=GET path=/api/v1/outlets/115012/performance status=429 duration_ms=0 request_id=04205d5b-7aca-46cb-b877-96a4d21212c0
time=2026-05-03T17:48:13.291+05:30 level=INFO msg=request method=GET path=/api/v1/outlets/112422/performance status=429 duration_ms=0 request_id=10eee9f8-dc5d-453c-8ddf-d26565b40a97
time=2026-05-03T17:48:13.291+05:30 level=INFO msg=request method=GET path=/api/v1/outlets/112424/performance status=429 duration_ms=0 request_id=3d3105b7-64e2-46df-9ad8-81c5a655bbd8
time=2026-05-03T17:48:13.291+05:30 level=INFO msg=request method=GET path=/api/v1/outlets/112425/performance status=429 duration_ms=0 request_id=5813fdd6-2f8e-4a0f-a709-e08f3c94cfbe
time=2026-05-03T17:48:13.291+05:30 level=INFO msg=request method=GET path=/api/v1/outlets/112437/performance status=429 duration_ms=0 request_id=97c3adba-4279-46aa-901b-e503c602fa35
time=2026-05-03T17:48:13.291+05:30 level=INFO msg=request method=GET path=/api/v1/outlets/112428/performance status=429 duration_ms=0 request_id=257616f6-fada-410a-bda0-a6926ec843c1
time=2026-05-03T17:48:13.291+05:30 level=INFO msg=request method=GET path=/api/v1/outlets/112440/performance status=429 duration_ms=0 request_id=20b5b170-aa1d-47ac-b1a0-4666a842bfbb
time=2026-05-03T17:48:13.291+05:30 level=INFO msg=request method=GET path=/api/v1/outlets/114678/performance status=429 duration_ms=0 request_id=6c211893-f067-48d0-982d-12b13f79ed63
time=2026-05-03T17:48:13.291+05:30 level=INFO msg=request method=GET path=/api/v1/outlets/112442/performance status=429 duration_ms=0 request_id=ea4af366-3f2c-455c-a219-46a6eac7f947
time=2026-05-03T17:48:13.291+05:30 level=INFO msg=request method=GET path=/api/v1/outlets/112443/performance status=429 duration_ms=0 request_id=7b700ade-ba86-4b0b-9504-4025271e9469
time=2026-05-03T17:48:13.291+05:30 level=INFO msg=request method=GET path=/api/v1/outlets/111789/performance status=429 duration_ms=0 request_id=c8b2b216-ccdf-4298-b2f7-213d15984c5f
time=2026-05-03T17:48:13.291+05:30 level=INFO msg=request method=GET path=/api/v1/outlets/112439/performance status=429 duration_ms=0 request_id=a453abc3-7e87-4586-9095-f42bae3a5c42
time=2026-05-03T17:48:13.291+05:30 level=INFO msg=request method=GET path=/api/v1/outlets/163708/performance status=429 duration_ms=0 request_id=ded85688-49d8-49fd-8683-956b477e3b23
time=2026-05-03T17:48:13.291+05:30 level=INFO msg=request method=GET path=/api/v1/outlets/114521/performance status=429 duration_ms=0 request_id=93f3fdaf-0823-48a6-9fc9-73eb2b39dba5
time=2026-05-03T17:48:13.291+05:30 level=INFO msg=request method=GET path=/api/v1/outlets/117234/performance status=429 duration_ms=0 request_id=6c457c1a-77b7-474b-8e6e-d7082daae910
time=2026-05-03T17:48:13.291+05:30 level=INFO msg=request method=GET path=/api/v1/outlets/112455/performance status=429 duration_ms=0 request_id=f2746e71-7f39-4161-badb-459f7691b210
time=2026-05-03T17:48:13.291+05:30 level=INFO msg=request method=GET path=/api/v1/outlets/112461/performance status=429 duration_ms=0 request_id=9591fe30-a784-4cc3-8288-bb4c2110c52a
time=2026-05-03T17:48:13.291+05:30 level=INFO msg=request method=GET path=/api/v1/outlets/112459/performance status=429 duration_ms=0 request_id=dbbade74-e1cf-4505-8893-8ade3e82a707
time=2026-05-03T17:48:13.291+05:30 level=INFO msg=request method=GET path=/api/v1/outlets/112404/performance status=429 duration_ms=0 request_id=5ec569ae-5125-478b-a09c-828aa0310ec4
time=2026-05-03T17:48:13.291+05:30 level=INFO msg=request method=GET path=/api/v1/outlets/112466/performance status=429 duration_ms=0 request_id=3c30adf2-34f9-4f0a-8e31-1b73fe7c47ee
time=2026-05-03T17:48:13.291+05:30 level=INFO msg=request method=GET path=/api/v1/outlets/110567/performance status=429 duration_ms=0 request_id=814c7f43-c8e7-4ca2-8ed0-61fc794a1f75
time=2026-05-03T17:48:13.291+05:30 level=INFO msg=request method=GET path=/api/v1/outlets/112427/performance status=429 duration_ms=0 request_id=8f6a877e-00e6-40ac-adb4-c9458aa4a1de
time=2026-05-03T17:48:13.291+05:30 level=INFO msg=request method=GET path=/api/v1/outlets/112435/performance status=429 duration_ms=0 request_id=6f5c4e06-9a34-4592-995e-55a0fb2203b5
time=2026-05-03T17:48:13.291+05:30 level=INFO msg=request method=GET path=/api/v1/outlets/116890/performance status=429 duration_ms=0 request_id=be452799-8ef3-4f31-b905-930f869daa39
time=2026-05-03T17:48:13.291+05:30 level=INFO msg=request method=GET path=/api/v1/outlets/116789/performance status=429 duration_ms=0 request_id=5f0683a1-7d01-41ca-9294-4205cce1225b
time=2026-05-03T17:48:13.291+05:30 level=INFO msg=request method=GET path=/api/v1/outlets/116123/performance status=429 duration_ms=0 request_id=b1e48de8-4241-49db-9e6c-98bdbcdd52a3
time=2026-05-03T17:48:13.291+05:30 level=INFO msg=request method=GET path=/api/v1/outlets/256507/performance status=429 duration_ms=0 request_id=ca63f2eb-f720-4434-a482-2ba655563702
time=2026-05-03T17:48:13.291+05:30 level=INFO msg=request method=GET path=/api/v1/outlets/163741/performance status=429 duration_ms=0 request_id=e2bd497b-10a4-49aa-8a0f-02708c12c90d
time=2026-05-03T17:48:13.291+05:30 level=INFO msg=request method=GET path=/api/v1/outlets/112410/performance status=429 duration_ms=0 request_id=d3d9b9fa-a53c-44b2-87fc-19eb3222a19e
time=2026-05-03T17:48:13.292+05:30 level=INFO msg=request method=GET path=/api/v1/outlets/112408/performance status=429 duration_ms=0 request_id=d626d312-3fab-4eeb-a4d0-29623da934be
time=2026-05-03T17:48:13.292+05:30 level=INFO msg=request method=GET path=/api/v1/outlets/147087/performance status=429 duration_ms=0 request_id=3d17e4a9-f566-44ac-b3fe-508b79ed5cf7
time=2026-05-03T17:48:13.292+05:30 level=INFO msg=request method=GET path=/api/v1/outlets/144348/performance status=429 duration_ms=0 request_id=6f1d6f6e-a2fc-41d9-af45-b0d200ea621f
time=2026-05-03T17:48:13.292+05:30 level=INFO msg=request method=GET path=/api/v1/outlets/146411/performance status=429 duration_ms=0 request_id=43978b04-b948-4c47-977e-ce91d0447eaf
time=2026-05-03T17:48:13.292+05:30 level=INFO msg=request method=GET path=/api/v1/outlets/113782/performance status=429 duration_ms=0 request_id=a9152539-a743-4871-991b-00dba65577db
time=2026-05-03T17:48:13.292+05:30 level=INFO msg=request method=GET path=/api/v1/outlets/149412/performance status=429 duration_ms=0 request_id=35f7b959-8f39-445e-86e8-823348d18d17
time=2026-05-03T17:48:13.292+05:30 level=INFO msg=request method=GET path=/api/v1/outlets/112451/performance status=429 duration_ms=0 request_id=94f89c7b-910c-40e7-90f6-4f7aa5354681
time=2026-05-03T17:48:13.292+05:30 level=INFO msg=request method=GET path=/api/v1/outlets/119456/performance status=429 duration_ms=0 request_id=acf7ee33-4f2a-4462-b17c-c02f6f766403
time=2026-05-03T17:48:13.532+05:30 level=INFO msg=request method=POST path=/api/v1/auth/login status=429 duration_ms=0 request_id=c5af5bba-edaf-4eb3-b5db-0ee097f4cc68
time=2026-05-03T17:48:15.608+05:30 level=INFO msg=request method=POST path=/api/v1/auth/login status=200 duration_ms=69 request_id=32217817-2967-4fc3-8910-6228f27c09af
time=2026-05-03T17:48:15.612+05:30 level=INFO msg=request method=GET path=/api/v1/territory/outlets status=200 duration_ms=2 request_id=9f23b9f7-4f0b-40f5-83bb-8f3ffed8508e
time=2026-05-03T17:48:15.620+05:30 level=INFO msg=request method=GET path=/api/v1/outlets/112386/performance status=200 duration_ms=0 request_id=cbbeb638-3c83-4faf-8c96-7425868eaaf4
time=2026-05-03T17:48:15.913+05:30 level=INFO msg=request method=POST path=/api/v1/auth/login status=200 duration_ms=49 request_id=79ba0bd9-ad1e-4497-826b-6c5deb0d36b5
time=2026-05-03T17:48:15.917+05:30 level=INFO msg=request method=GET path=/api/v1/territory/outlets status=429 duration_ms=0 request_id=f712b03c-6f70-449e-bdab-6fe22e85a12c
time=2026-05-03T17:48:15.926+05:30 level=INFO msg=request method=GET path=/api/v1/competition/leaderboard status=429 duration_ms=0 request_id=8413256e-e40d-4727-8338-a8357427f739
time=2026-05-03T17:48:16.174+05:30 level=INFO msg=request method=POST path=/api/v1/auth/login status=429 duration_ms=0 request_id=59ac8e6a-cea4-42be-9c6a-7c4dbe6c780f
time=2026-05-03T17:48:18.255+05:30 level=INFO msg=request method=POST path=/api/v1/auth/login status=200 duration_ms=73 request_id=d3142f1f-17a4-463d-8abf-8339613f2e05
time=2026-05-03T17:48:18.264+05:30 level=INFO msg=request method=GET path=/api/v1/territory/outlets status=200 duration_ms=6 request_id=32405072-dfea-4ac8-abd0-2d20658b55a9
time=2026-05-03T17:48:18.275+05:30 level=INFO msg=request method=GET path=/api/v1/competition/leaderboard status=200 duration_ms=2 request_id=3897347b-102b-43eb-a551-7f696dd5e886
time=2026-05-03T17:48:18.565+05:30 level=INFO msg=request method=POST path=/api/v1/auth/login status=200 duration_ms=48 request_id=3064750d-bc4d-4298-91c2-2000dc109fd0
time=2026-05-03T17:48:18.573+05:30 level=INFO msg=request method=POST path=/api/v1/auth/login status=429 duration_ms=0 request_id=eb97db0a-28dc-4556-b67e-b65949029a50
time=2026-05-03T17:48:18.885+05:30 level=INFO msg=request method=POST path=/api/v1/auth/login status=200 duration_ms=49 request_id=849720f2-b443-466a-9126-b91af9b9f481
time=2026-05-03T17:48:18.894+05:30 level=INFO msg=request method=POST path=/api/v1/auth/login status=429 duration_ms=0 request_id=02175554-4e79-4dd0-90cb-b9f5e09090b8
time=2026-05-03T17:48:19.156+05:30 level=INFO msg=request method=POST path=/api/v1/auth/login status=429 duration_ms=0 request_id=d7555144-a3bc-4e61-bf07-7f5f662d6b25
time=2026-05-03T17:48:21.236+05:30 level=INFO msg=request method=POST path=/api/v1/auth/login status=200 duration_ms=73 request_id=043aecaa-fb9e-48e8-8d97-89d7b91a4145
time=2026-05-03T17:48:21.290+05:30 level=INFO msg=request method=POST path=/api/v1/auth/login status=401 duration_ms=47 request_id=3eb47419-7756-46f3-a61b-347f3638f347
time=2026-05-03T17:48:21.299+05:30 level=INFO msg=request method=GET path=/api/v1/auth/me status=200 duration_ms=0 request_id=d46487e4-a880-4a01-9e66-855aa80d09f1
time=2026-05-03T17:48:21.304+05:30 level=INFO msg=request method=GET path=/api/v1/auth/me status=401 duration_ms=0 request_id=63aeda3e-f170-4d81-a193-b7c65963ab7e
time=2026-05-03T17:48:21.311+05:30 level=INFO msg=request method=GET path=/api/v1/outlets/112847 status=429 duration_ms=0 request_id=677e5d7e-9546-4932-b167-73836de2b347
time=2026-05-03T17:48:21.556+05:30 level=INFO msg=request method=POST path=/api/v1/auth/login status=429 duration_ms=0 request_id=da52866a-2599-4bdf-990b-324f34a03b97
time=2026-05-03T17:48:23.622+05:30 level=INFO msg=request method=POST path=/api/v1/auth/login status=200 duration_ms=61 request_id=22f0c9a1-9756-48d9-af90-a231d1141d51
time=2026-05-03T17:48:23.633+05:30 level=INFO msg=request method=GET path=/api/v1/outlets/112847 status=200 duration_ms=2 request_id=51adaa68-41bd-4d74-9670-0107dd322c4b
time=2026-05-03T17:48:23.640+05:30 level=INFO msg=request method=GET path=/api/v1/outlets/999999 status=404 duration_ms=0 request_id=4c23b3d9-2e6b-4ef9-8a7d-292db6d9f7e4
time=2026-05-03T17:48:23.649+05:30 level=INFO msg=request method=GET path=/api/v1/outlets/112847/performance status=200 duration_ms=2 request_id=8d872050-cf18-40ac-82dc-065a0832a49e
time=2026-05-03T17:48:23.892+05:30 level=INFO msg=request method=POST path=/api/v1/auth/login status=429 duration_ms=0 request_id=a4a5d6be-c3e3-415c-918e-21e783091dd9
time=2026-05-03T17:48:25.972+05:30 level=INFO msg=request method=POST path=/api/v1/auth/login status=200 duration_ms=72 request_id=f2e65015-6a9c-40fd-9743-d989f4db9b16
time=2026-05-03T17:48:25.982+05:30 level=INFO msg=request method=GET path=/api/v1/outlets/112847/performance status=200 duration_ms=2 request_id=1c8e3beb-398e-4441-9865-46e78e5b4926
time=2026-05-03T17:48:26.280+05:30 level=INFO msg=request method=POST path=/api/v1/auth/login status=200 duration_ms=48 request_id=17e443af-6036-4aa7-a454-c2b04b194d23
time=2026-05-03T17:48:26.292+05:30 level=INFO msg=request method=GET path=/api/v1/outlets/112847/performance status=200 duration_ms=2 request_id=3d87582a-b30d-4f10-a244-47ddeaaaf2ef
time=2026-05-03T17:48:26.609+05:30 level=INFO msg=request method=POST path=/api/v1/auth/login status=200 duration_ms=56 request_id=67543681-8532-4099-b084-011819bc9ece
time=2026-05-03T17:48:26.618+05:30 level=INFO msg=request method=GET path=/api/v1/outlets/112847/performance status=429 duration_ms=0 request_id=cf03a1d3-8c3e-4ddf-ad4f-6379e4264e20
time=2026-05-03T17:48:26.883+05:30 level=INFO msg=request method=POST path=/api/v1/auth/login status=429 duration_ms=0 request_id=c3e7d8fd-0b2b-4a15-a9c8-5667c9d57ae3
time=2026-05-03T17:48:28.964+05:30 level=INFO msg=request method=POST path=/api/v1/auth/login status=200 duration_ms=73 request_id=da1fd6a8-75ca-431d-afb0-741c06da5661
time=2026-05-03T17:48:28.975+05:30 level=INFO msg=request method=GET path=/api/v1/outlets/112847/performance status=200 duration_ms=2 request_id=8ab213cd-3c5a-4c33-be0f-e33f50635eae
time=2026-05-03T17:48:29.274+05:30 level=INFO msg=request method=POST path=/api/v1/auth/login status=200 duration_ms=48 request_id=2cec2157-b8db-4c62-a1f4-1dd93457c76b
time=2026-05-03T17:48:29.285+05:30 level=INFO msg=request method=GET path=/api/v1/outlets/112847/performance status=200 duration_ms=2 request_id=249f9bfc-518b-4844-a51d-0b3b034aeee5
time=2026-05-03T17:48:29.599+05:30 level=INFO msg=request method=POST path=/api/v1/auth/login status=200 duration_ms=49 request_id=0c0d61bd-888b-49b2-8f90-c2ae5ad5d8f3
time=2026-05-03T17:48:29.608+05:30 level=INFO msg=request method=GET path=/api/v1/outlets/112847/performance status=429 duration_ms=0 request_id=711b4a31-9f2f-4bd0-85d1-67c38e8e34c8
time=2026-05-03T17:48:29.873+05:30 level=INFO msg=request method=POST path=/api/v1/auth/login status=429 duration_ms=0 request_id=b8f29f15-18c2-48b8-8a34-30183bd1ec42
time=2026-05-03T17:48:31.952+05:30 level=INFO msg=request method=POST path=/api/v1/auth/login status=200 duration_ms=71 request_id=5a64ad6b-bda6-4012-bc13-57db00d3828b
time=2026-05-03T17:48:31.964+05:30 level=INFO msg=request method=GET path=/api/v1/outlets/112847/performance status=200 duration_ms=2 request_id=d9e548b9-788d-4796-9bdf-9813c5094999
time=2026-05-03T17:48:32.262+05:30 level=INFO msg=request method=POST path=/api/v1/auth/login status=200 duration_ms=49 request_id=846d8b36-a4f3-42eb-a161-2cc2ddeed1c6
time=2026-05-03T17:48:32.274+05:30 level=INFO msg=request method=GET path=/api/v1/outlets/112847/analysis status=200 duration_ms=3 request_id=4d8a6933-1a71-4d62-8efa-6e0d9bc04318
time=2026-05-03T17:48:32.281+05:30 level=INFO msg=request method=GET path=/api/v1/outlets/112847/trend status=429 duration_ms=0 request_id=29655b0a-3f7a-4f5e-9ffa-7ebc650f9872
time=2026-05-03T17:48:32.589+05:30 level=INFO msg=request method=POST path=/api/v1/auth/login status=200 duration_ms=50 request_id=db98fa45-fc19-4ddd-a3d4-7d41eb1a2b23
time=2026-05-03T17:48:32.599+05:30 level=INFO msg=request method=GET path=/api/v1/outlets/112847/trend status=429 duration_ms=0 request_id=ae4d9062-f0d2-41af-b662-cd133d62f574
time=2026-05-03T17:48:32.863+05:30 level=INFO msg=request method=POST path=/api/v1/auth/login status=429 duration_ms=0 request_id=9cac9db0-22ea-4ac5-bbbe-d6c4890cde0f
time=2026-05-03T17:48:34.943+05:30 level=INFO msg=request method=POST path=/api/v1/auth/login status=200 duration_ms=72 request_id=9673621d-d845-424f-b08e-c855780c2c18
time=2026-05-03T17:48:34.954+05:30 level=INFO msg=request method=GET path=/api/v1/outlets/112847/targets status=200 duration_ms=1 request_id=ed2dcd50-1dd5-47e1-9097-a112c18cbee3
time=2026-05-03T17:48:35.011+05:30 level=INFO msg=request method=POST path=/api/v1/auth/login status=200 duration_ms=49 request_id=fa7c8c4b-488d-4438-8bff-700cfed392dc
time=2026-05-03T17:48:35.012+05:30 level=INFO msg=request method=PUT path=/api/v1/outlets/112847/targets status=422 duration_ms=0 request_id=ee25c690-e48f-43f6-a90e-8a975ce387ca
time=2026-05-03T17:48:35.250+05:30 level=INFO msg=request method=POST path=/api/v1/auth/login status=429 duration_ms=0 request_id=d60e287e-6c14-4454-bc63-d7d24d1d7fc5
time=2026-05-03T17:48:37.328+05:30 level=INFO msg=request method=POST path=/api/v1/auth/login status=200 duration_ms=70 request_id=baff624e-48fe-4714-8de0-f905ae16ce97
time=2026-05-03T17:48:37.390+05:30 level=INFO msg=request method=POST path=/api/v1/auth/login status=200 duration_ms=49 request_id=5aae4d71-810e-4139-a21c-9a5012425b7a
time=2026-05-03T17:48:37.391+05:30 level=INFO msg=request method=PUT path=/api/v1/outlets/112847/targets status=422 duration_ms=0 request_id=9244105e-b9ee-4e33-a036-1935252ae4e1
time=2026-05-03T17:48:37.674+05:30 level=INFO msg=request method=POST path=/api/v1/auth/login status=200 duration_ms=49 request_id=34f8b57c-6a0a-4a94-841d-24792c033473
time=2026-05-03T17:48:37.684+05:30 level=INFO msg=request method=GET path=/api/v1/competition/leaderboard status=429 duration_ms=0 request_id=5cb43b75-39e8-44bc-9124-40f567d5c747
time=2026-05-03T17:48:37.990+05:30 level=INFO msg=request method=POST path=/api/v1/auth/login status=200 duration_ms=48 request_id=e8d118da-1289-4787-8fab-231e4080dc8b
time=2026-05-03T17:48:38.001+05:30 level=INFO msg=request method=GET path=/api/v1/competition/leaderboard status=429 duration_ms=0 request_id=72a5e412-ebf1-44c8-8c2d-b3ef34a8c657
time=2026-05-03T17:48:38.257+05:30 level=INFO msg=request method=POST path=/api/v1/auth/login status=429 duration_ms=0 request_id=24772688-2318-494a-9057-2ba6e11adb7c
time=2026-05-03T17:48:40.336+05:30 level=INFO msg=request method=POST path=/api/v1/auth/login status=200 duration_ms=70 request_id=53954296-cc12-46ea-8635-d95ca284e212
time=2026-05-03T17:48:40.346+05:30 level=INFO msg=request method=GET path=/api/v1/competition/leaderboard status=200 duration_ms=3 request_id=4dc6dc39-1d53-4d03-8d45-a23f3e535a7a
time=2026-05-03T17:48:40.358+05:30 level=INFO msg=request method=GET path=/api/v1/competition/leaderboard status=200 duration_ms=3 request_id=3b24c990-ce8a-403d-b296-6370990fbb51
time=2026-05-03T17:48:40.413+05:30 level=INFO msg=request method=POST path=/api/v1/auth/login status=200 duration_ms=48 request_id=ac8ee498-8498-4320-95e8-6791bb563e02
time=2026-05-03T17:48:40.414+05:30 level=INFO msg=request method=GET path=/api/v1/territory/outlets status=429 duration_ms=0 request_id=aaa7d574-5530-47f0-8128-6be138f81068
time=2026-05-03T17:48:40.650+05:30 level=INFO msg=request method=POST path=/api/v1/auth/login status=429 duration_ms=0 request_id=05a0658d-2cfc-4440-afd1-8d833acbaf67
time=2026-05-03T17:48:42.727+05:30 level=INFO msg=request method=POST path=/api/v1/auth/login status=200 duration_ms=71 request_id=6d4d3515-ee4f-4aa4-94ce-c8a2c54bf9a6
time=2026-05-03T17:48:42.785+05:30 level=INFO msg=request method=POST path=/api/v1/auth/login status=200 duration_ms=48 request_id=624f5d4c-7b67-49eb-a364-d16cabeb2e4d
time=2026-05-03T17:48:42.788+05:30 level=INFO msg=request method=GET path=/api/v1/territory/outlets status=200 duration_ms=1 request_id=5f4a8bb7-8fb5-410e-b6d4-ecd6c7a08cd8
time=2026-05-03T17:48:42.842+05:30 level=INFO msg=request method=POST path=/api/v1/auth/login status=200 duration_ms=47 request_id=246f94e7-0907-4aff-b13f-558af0735a77
time=2026-05-03T17:48:42.843+05:30 level=INFO msg=request method=GET path=/api/v1/territory/outlets status=429 duration_ms=0 request_id=328a4646-04ce-408e-b4f5-4796f04b4dd0
time=2026-05-03T17:48:43.079+05:30 level=INFO msg=request method=POST path=/api/v1/auth/login status=429 duration_ms=0 request_id=130f459c-3268-42b7-96e0-c088f8b1427f
time=2026-05-03T17:48:45.157+05:30 level=INFO msg=request method=POST path=/api/v1/auth/login status=200 duration_ms=68 request_id=20f9da5b-7af6-4a4e-94f8-e907742facab
time=2026-05-03T17:48:45.216+05:30 level=INFO msg=request method=POST path=/api/v1/auth/login status=200 duration_ms=49 request_id=b9b93f7e-0f22-4fb7-a3c3-7222815d3baa
time=2026-05-03T17:48:45.217+05:30 level=INFO msg=request method=GET path=/api/v1/territory/outlets status=403 duration_ms=0 request_id=689cfa2d-8f00-447d-b10b-66ad15a9bdb9
time=2026-05-03T17:48:45.226+05:30 level=INFO msg=request method=GET path=/api/v1/admin/users status=200 duration_ms=2 request_id=d11d08f1-a62b-4035-8e34-5d1e23a3722e
time=2026-05-03T17:48:45.462+05:30 level=INFO msg=request method=POST path=/api/v1/auth/login status=429 duration_ms=0 request_id=b8fad1bd-49f6-4b04-a322-ebc31b26e5b6
time=2026-05-03T17:48:47.543+05:30 level=INFO msg=request method=POST path=/api/v1/auth/login status=200 duration_ms=72 request_id=92fd42fa-1c2c-4794-b620-90a16a1691ed
time=2026-05-03T17:48:47.554+05:30 level=INFO msg=request method=GET path=/api/v1/admin/users status=200 duration_ms=1 request_id=4ceb8cfe-0e7c-4890-900b-ed0012233fc1
time=2026-05-03T17:48:47.847+05:30 level=INFO msg=request method=POST path=/api/v1/auth/login status=200 duration_ms=49 request_id=1a468e96-d502-4359-9318-119a2148098b
time=2026-05-03T17:48:47.905+05:30 level=INFO msg=request method=POST path=/api/v1/auth/login status=200 duration_ms=49 request_id=6a104c1a-bb3f-4495-9bb4-20ba459a31b8
time=2026-05-03T17:48:47.906+05:30 level=INFO msg=request method=GET path=/api/v1/admin/users status=429 duration_ms=0 request_id=0bd48325-50fc-4587-b7eb-d537dbf821cb
time=2026-05-03T17:48:48.226+05:30 level=INFO msg=request method=POST path=/api/v1/auth/login status=200 duration_ms=50 request_id=fff515aa-2535-47e7-84b1-25072f40b32c
time=2026-05-03T17:48:48.235+05:30 level=INFO msg=request method=POST path=/api/v1/auth/login status=429 duration_ms=0 request_id=3fe9c190-bf57-4b4f-8f55-f95c6362875e
time=2026-05-03T17:48:50.310+05:30 level=INFO msg=request method=POST path=/api/v1/auth/login status=200 duration_ms=69 request_id=ccca9a2e-592c-4f9c-96a2-b2ff940522ca
time=2026-05-03T17:48:50.311+05:30 level=INFO msg=request method=GET path=/api/v1/admin/users status=403 duration_ms=0 request_id=dc157658-393f-4d63-8ccd-a2b949fc820c
time=2026-05-03T17:48:50.323+05:30 level=INFO msg=request method=GET path=/api/v1/competition/c0000000-0001-0001-0001-000000000001/market-share-status status=200 duration_ms=5 request_id=85373532-d338-409b-a465-757decc9a02f
time=2026-05-03T17:48:50.331+05:30 level=INFO msg=request method=GET path=/health status=429 duration_ms=0 request_id=5e798509-21cd-4c55-bfa8-12703dba48fa
time=2026-05-03T17:48:51.404+05:30 level=INFO msg=request method=OPTIONS path=/api/v1/auth/login status=204 duration_ms=0 request_id=6a8629e2-ba80-42e4-ba3a-6371ed4f0d87
time=2026-05-03T17:48:51.456+05:30 level=INFO msg=request method=POST path=/api/v1/auth/login status=200 duration_ms=51 request_id=7e4ded8d-2990-4e98-9386-59eac9835164
time=2026-05-03T17:48:55.214+05:30 level=INFO msg=request method=OPTIONS path=/api/v1/auth/login status=204 duration_ms=0 request_id=ab078bb0-0bbd-4e41-a57b-dfdc9ddb308a
time=2026-05-03T17:48:55.267+05:30 level=INFO msg=request method=POST path=/api/v1/auth/login status=401 duration_ms=52 request_id=b5d35591-4ac2-4fb1-ac20-870770138ecb
time=2026-05-03T17:48:58.348+05:30 level=INFO msg=request method=OPTIONS path=/api/v1/auth/login status=204 duration_ms=0 request_id=9ddf5ca9-022e-4612-941f-ef38fa0867be
time=2026-05-03T17:48:58.398+05:30 level=INFO msg=request method=POST path=/api/v1/auth/login status=401 duration_ms=49 request_id=1ec87fc3-f553-4121-94c4-26adee54ac20
time=2026-05-03T17:49:01.481+05:30 level=INFO msg=request method=OPTIONS path=/api/v1/auth/login status=204 duration_ms=0 request_id=a6153beb-795e-4b7a-a578-6d1962a45447
time=2026-05-03T17:49:01.536+05:30 level=INFO msg=request method=POST path=/api/v1/auth/login status=200 duration_ms=54 request_id=9b90eb72-de03-46eb-a3b8-d37e456c5404
time=2026-05-03T17:49:05.295+05:30 level=INFO msg=request method=OPTIONS path=/api/v1/auth/login status=204 duration_ms=0 request_id=7eef2326-1cd4-452c-9213-db8ce30f1fe4
time=2026-05-03T17:49:05.350+05:30 level=INFO msg=request method=POST path=/api/v1/auth/login status=200 duration_ms=53 request_id=853f0f94-846c-4407-89d0-5b0f276d1395
time=2026-05-03T17:49:11.465+05:30 level=INFO msg=request method=OPTIONS path=/api/v1/auth/login status=204 duration_ms=0 request_id=c11acc01-9118-4d7f-9c47-6b3dc0782c32
time=2026-05-03T17:49:11.517+05:30 level=INFO msg=request method=POST path=/api/v1/auth/login status=200 duration_ms=51 request_id=76909e2d-de8f-4482-ad0d-64c247f7aa75
time=2026-05-03T17:49:16.901+05:30 level=INFO msg=request method=POST path=/api/v1/auth/login status=200 duration_ms=49 request_id=5cb75987-db44-42c0-9590-4ed5d97c2552
time=2026-05-03T17:49:16.909+05:30 level=INFO msg=request method=GET path=/api/v1/competition/leaderboard status=200 duration_ms=3 request_id=95bf1f62-3e16-46fe-b879-31899de33b23
time=2026-05-03T17:49:16.920+05:30 level=INFO msg=request method=GET path=/api/v1/competition/leaderboard status=200 duration_ms=3 request_id=20b28b71-fb84-4ee7-b5ef-4a73163314b9
time=2026-05-03T17:49:17.715+05:30 level=INFO msg=request method=OPTIONS path=/api/v1/auth/login status=204 duration_ms=0 request_id=b7043415-8ba4-4eff-bed3-6eac29acbfac
time=2026-05-03T17:49:17.769+05:30 level=INFO msg=request method=POST path=/api/v1/auth/login status=200 duration_ms=53 request_id=59aafa80-f6ec-49fe-9e78-8c27b6365399
time=2026-05-03T17:49:20.764+05:30 level=INFO msg=request method=OPTIONS path=/api/v1/outlets/112847 status=204 duration_ms=0 request_id=02b56907-2e6a-47c7-9c9d-eaa2735d585e
time=2026-05-03T17:49:20.764+05:30 level=INFO msg=request method=OPTIONS path=/api/v1/outlets/112847/performance status=204 duration_ms=0 request_id=3d64eae8-4b48-4d27-ae65-8ace0a684d26
time=2026-05-03T17:49:20.766+05:30 level=INFO msg=request method=GET path=/api/v1/outlets/112847/performance status=200 duration_ms=1 request_id=6b66d6a0-f1ab-4c00-8f3c-47ba62ab6e1d
time=2026-05-03T17:49:20.766+05:30 level=INFO msg=request method=GET path=/api/v1/outlets/112847 status=200 duration_ms=2 request_id=bcb00e29-0eff-42ba-8da2-108c90ae0c8a
time=2026-05-03T17:49:20.780+05:30 level=INFO msg=request method=OPTIONS path=/api/v1/outlets/112847/targets status=204 duration_ms=0 request_id=5820738b-60e3-4473-bb2c-790dd1101cea
time=2026-05-03T17:49:20.781+05:30 level=INFO msg=request method=GET path=/api/v1/outlets/112847/targets status=200 duration_ms=0 request_id=74edc20f-0892-433f-9d8d-2c843dd8a91f
time=2026-05-03T17:49:20.782+05:30 level=INFO msg=request method=OPTIONS path=/api/v1/outlets/112847/analysis status=204 duration_ms=0 request_id=b5607c90-1103-407a-b054-cbc743425de4
time=2026-05-03T17:49:20.782+05:30 level=INFO msg=request method=OPTIONS path=/api/v1/competition/leaderboard status=204 duration_ms=0 request_id=96dfd981-5d11-4403-aed6-cd57e77f8743
time=2026-05-03T17:49:20.782+05:30 level=INFO msg=request method=OPTIONS path=/api/v1/competition/c0000000-0001-0001-0001-000000000001/market-share-status status=204 duration_ms=0 request_id=3851ba49-1274-46dd-87db-7e9a868eb2c9
time=2026-05-03T17:49:20.783+05:30 level=INFO msg=request method=GET path=/api/v1/outlets/112847/analysis status=200 duration_ms=1 request_id=c56fd617-220f-47ae-88ba-b45289965bca
time=2026-05-03T17:49:20.784+05:30 level=INFO msg=request method=GET path=/api/v1/competition/leaderboard status=200 duration_ms=2 request_id=f63ae2f1-5ce6-4335-85fb-0f5860f41ed8
time=2026-05-03T17:49:20.785+05:30 level=INFO msg=request method=GET path=/api/v1/competition/c0000000-0001-0001-0001-000000000001/market-share-status status=200 duration_ms=2 request_id=0d174daa-2aa8-4ecc-b951-6e7f8e2ae4d7
time=2026-05-03T17:49:24.581+05:30 level=INFO msg=request method=OPTIONS path=/api/v1/auth/login status=204 duration_ms=0 request_id=ff1d15a0-ed2e-469f-bcbe-ebdeab4e2f08
time=2026-05-03T17:49:24.633+05:30 level=INFO msg=request method=POST path=/api/v1/auth/login status=200 duration_ms=52 request_id=6b7bb21c-b6ae-4fe9-a470-daac9a819926
time=2026-05-03T17:49:27.631+05:30 level=INFO msg=request method=OPTIONS path=/api/v1/outlets/112847 status=204 duration_ms=0 request_id=f1ba58cf-f850-4406-bfd5-987132acefd1
time=2026-05-03T17:49:27.631+05:30 level=INFO msg=request method=OPTIONS path=/api/v1/outlets/112847/performance status=204 duration_ms=0 request_id=cc4bfb15-2acc-41b1-8bac-39d0543f3c3a
time=2026-05-03T17:49:27.634+05:30 level=INFO msg=request method=GET path=/api/v1/outlets/112847/performance status=200 duration_ms=1 request_id=e3093379-97ba-47f7-924d-9b6999ced2b5
time=2026-05-03T17:49:27.634+05:30 level=INFO msg=request method=GET path=/api/v1/outlets/112847 status=200 duration_ms=1 request_id=cc4d8a9c-8941-4fa0-9d80-e5d2befdd9c6
time=2026-05-03T17:49:27.644+05:30 level=INFO msg=request method=OPTIONS path=/api/v1/outlets/112847/targets status=204 duration_ms=0 request_id=bf66bfdf-7ce8-43be-ab0e-78adc87aab27
time=2026-05-03T17:49:27.646+05:30 level=INFO msg=request method=GET path=/api/v1/outlets/112847/targets status=200 duration_ms=1 request_id=f66c745e-fe22-4e5e-a65f-55a84157bdc2
time=2026-05-03T17:49:27.647+05:30 level=INFO msg=request method=OPTIONS path=/api/v1/outlets/112847/analysis status=204 duration_ms=0 request_id=1d9ee343-5448-4d20-a560-2d1a847727fd
time=2026-05-03T17:49:27.647+05:30 level=INFO msg=request method=OPTIONS path=/api/v1/competition/leaderboard status=204 duration_ms=0 request_id=01355917-476e-45a9-9877-664d07f3fcfc
time=2026-05-03T17:49:27.647+05:30 level=INFO msg=request method=OPTIONS path=/api/v1/competition/c0000000-0001-0001-0001-000000000001/market-share-status status=204 duration_ms=0 request_id=f5e46bd3-d247-4924-a744-93f636ac65ce
time=2026-05-03T17:49:27.648+05:30 level=INFO msg=request method=GET path=/api/v1/outlets/112847/analysis status=200 duration_ms=1 request_id=55f1a689-f0a4-44f0-9c18-1bbce2f8508e
time=2026-05-03T17:49:27.649+05:30 level=INFO msg=request method=GET path=/api/v1/competition/leaderboard status=200 duration_ms=2 request_id=e014ed58-9bb1-4353-8531-159767924fa7
time=2026-05-03T17:49:27.650+05:30 level=INFO msg=request method=GET path=/api/v1/competition/c0000000-0001-0001-0001-000000000001/market-share-status status=200 duration_ms=2 request_id=c6a6b85d-8d98-4604-b424-e270bfb082b2
time=2026-05-03T17:49:31.446+05:30 level=INFO msg=request method=OPTIONS path=/api/v1/auth/login status=204 duration_ms=0 request_id=822380ca-1fc7-48f1-aee1-df706c67ec26
time=2026-05-03T17:49:31.499+05:30 level=INFO msg=request method=POST path=/api/v1/auth/login status=200 duration_ms=52 request_id=b5945d2b-aed2-47b3-84e8-d9069be419f0
time=2026-05-03T17:49:34.496+05:30 level=INFO msg=request method=OPTIONS path=/api/v1/outlets/112847/performance status=204 duration_ms=0 request_id=86af9904-7929-47d5-b812-ed4fa72f4ba6
time=2026-05-03T17:49:34.496+05:30 level=INFO msg=request method=OPTIONS path=/api/v1/outlets/112847 status=204 duration_ms=0 request_id=3045c760-e80e-4ef5-947f-65e3d03f44ce
time=2026-05-03T17:49:34.499+05:30 level=INFO msg=request method=GET path=/api/v1/outlets/112847 status=200 duration_ms=1 request_id=9a807983-8f6a-4f30-803d-ebf4f1ab4a11
time=2026-05-03T17:49:34.499+05:30 level=INFO msg=request method=GET path=/api/v1/outlets/112847/performance status=200 duration_ms=1 request_id=1aee52bb-c96a-492e-9993-96a3599cf65c
time=2026-05-03T17:49:34.512+05:30 level=INFO msg=request method=OPTIONS path=/api/v1/outlets/112847/targets status=204 duration_ms=0 request_id=26d59c0a-436c-4e08-966b-d5df2d8d657a
time=2026-05-03T17:49:34.514+05:30 level=INFO msg=request method=GET path=/api/v1/outlets/112847/targets status=200 duration_ms=1 request_id=b4ed67b1-c0cc-436f-bfd6-4a8699e347f3
time=2026-05-03T17:49:34.515+05:30 level=INFO msg=request method=OPTIONS path=/api/v1/outlets/112847/analysis status=204 duration_ms=0 request_id=68ab6982-900e-4a61-aff9-fc507878e053
time=2026-05-03T17:49:34.515+05:30 level=INFO msg=request method=OPTIONS path=/api/v1/competition/leaderboard status=204 duration_ms=0 request_id=dfaff976-0cef-46b4-846c-619b9e804a81
time=2026-05-03T17:49:34.515+05:30 level=INFO msg=request method=OPTIONS path=/api/v1/competition/c0000000-0001-0001-0001-000000000001/market-share-status status=204 duration_ms=0 request_id=df962fac-5856-4fa9-ba44-647e5c8e8675
time=2026-05-03T17:49:34.516+05:30 level=INFO msg=request method=GET path=/api/v1/outlets/112847/analysis status=200 duration_ms=1 request_id=29f4d0af-c30c-4350-9e45-f0b92b2f9083
time=2026-05-03T17:49:34.518+05:30 level=INFO msg=request method=GET path=/api/v1/competition/leaderboard status=200 duration_ms=2 request_id=b385c58a-de94-4dd5-bb50-33edd6cdd7eb
time=2026-05-03T17:49:34.518+05:30 level=INFO msg=request method=GET path=/api/v1/competition/c0000000-0001-0001-0001-000000000001/market-share-status status=200 duration_ms=3 request_id=2e9c2271-5727-4319-a320-307acc6b5db2
time=2026-05-03T17:49:38.297+05:30 level=INFO msg=request method=OPTIONS path=/api/v1/auth/login status=204 duration_ms=0 request_id=e03507d3-5294-4a15-a34a-272e6c1e2023
time=2026-05-03T17:49:38.350+05:30 level=INFO msg=request method=POST path=/api/v1/auth/login status=200 duration_ms=52 request_id=d89d3c53-f6da-47d1-a1be-78eb32a3109c
time=2026-05-03T17:49:41.349+05:30 level=INFO msg=request method=OPTIONS path=/api/v1/outlets/999999 status=204 duration_ms=0 request_id=832b00f0-6bbc-47b5-8bac-0b2873eef43c
time=2026-05-03T17:49:41.349+05:30 level=INFO msg=request method=OPTIONS path=/api/v1/outlets/999999/performance status=204 duration_ms=0 request_id=b2415cf7-7ac0-40c6-938c-74dbd74d4692
time=2026-05-03T17:49:41.351+05:30 level=INFO msg=request method=GET path=/api/v1/outlets/999999 status=404 duration_ms=1 request_id=ae01124c-818e-4953-b7aa-8534a271b86a
time=2026-05-03T17:49:41.351+05:30 level=INFO msg=request method=GET path=/api/v1/outlets/999999/performance status=404 duration_ms=1 request_id=72df2c70-bf63-441b-8725-4dffa14865ee
time=2026-05-03T17:49:43.492+05:30 level=INFO msg=request method=POST path=/api/v1/auth/login status=200 duration_ms=48 request_id=3bf6596a-1869-4795-aca0-1ac52f0ca5ef
time=2026-05-03T17:49:43.495+05:30 level=INFO msg=request method=GET path=/api/v1/territory/outlets status=200 duration_ms=2 request_id=dc105e34-5be1-4156-a551-337414de9e50
time=2026-05-03T17:49:43.551+05:30 level=INFO msg=request method=POST path=/api/v1/auth/login status=200 duration_ms=48 request_id=5c9d8cdb-99a1-4356-9a84-16b83bc86604
time=2026-05-03T17:49:43.552+05:30 level=INFO msg=request method=GET path=/api/v1/territory/outlets status=403 duration_ms=0 request_id=a723d13a-3cc0-480d-9212-821f7eccb906
time=2026-05-03T17:49:43.563+05:30 level=INFO msg=request method=GET path=/api/v1/territory/outlets status=200 duration_ms=7 request_id=b05b7bd9-310b-48f8-b25b-aff99e92f6a5
time=2026-05-03T17:49:43.574+05:30 level=INFO msg=request method=GET path=/api/v1/admin/users status=200 duration_ms=1 request_id=db335b46-5cd7-4cb0-aaba-6e7b72b77da3
time=2026-05-03T17:49:43.625+05:30 level=INFO msg=request method=POST path=/api/v1/admin/users status=500 duration_ms=46 request_id=b3313116-b66b-463b-a38d-e178f7370536
time=2026-05-03T17:49:43.631+05:30 level=INFO msg=request method=GET path=/api/v1/admin/users status=200 duration_ms=0 request_id=70f99bf8-2343-441e-be37-3a2f3aecae67
time=2026-05-03T17:49:43.632+05:30 level=INFO msg=request method=PUT path=/api/v1/admin/users/e6f57628-9453-40d1-8357-1298ab802300 status=500 duration_ms=0 request_id=c7876e7d-eb3b-45ff-8f71-3fb0717e3930
time=2026-05-03T17:49:43.974+05:30 level=INFO msg=request method=POST path=/api/v1/auth/login status=200 duration_ms=48 request_id=f1597844-d2a9-4a77-97c6-2eb6cd9fd49a
time=2026-05-03T17:49:44.031+05:30 level=INFO msg=request method=POST path=/api/v1/admin/users status=500 duration_ms=48 request_id=9d84250b-f2f4-4713-81da-0e63428f0d8e
time=2026-05-03T17:49:44.039+05:30 level=INFO msg=request method=GET path=/api/v1/admin/users status=429 duration_ms=0 request_id=83cbe981-f81c-4a7b-85eb-04821fc592a2
time=2026-05-03T17:49:44.340+05:30 level=INFO msg=request method=POST path=/api/v1/auth/login status=200 duration_ms=49 request_id=dcb0917d-7e04-4856-9cae-2b0f1372f5af
time=2026-05-03T17:49:44.349+05:30 level=INFO msg=request method=POST path=/api/v1/auth/login status=429 duration_ms=0 request_id=72b653c1-80a4-44ae-88dc-76f5bcce1764
time=2026-05-03T17:49:44.353+05:30 level=INFO msg=request method=GET path=/api/v1/admin/users status=429 duration_ms=0 request_id=88045be7-b36d-4425-95b8-e141d925ae6c
time=2026-05-03T17:49:44.362+05:30 level=INFO msg=request method=GET path=/api/v1/competition/c0000000-0001-0001-0001-000000000001/market-share-status status=429 duration_ms=0 request_id=0f3708a5-a1b9-4a49-ae96-512378140a7e
time=2026-05-03T17:49:44.635+05:30 level=INFO msg=request method=POST path=/api/v1/auth/login status=429 duration_ms=0 request_id=ed91b8c9-4888-48ce-81eb-67afb9e5d49d
time=2026-05-03T17:49:46.713+05:30 level=INFO msg=request method=POST path=/api/v1/auth/login status=200 duration_ms=71 request_id=b039c76c-915e-4e8a-957b-8e1df4407c28
time=2026-05-03T17:49:46.717+05:30 level=INFO msg=request method=GET path=/api/v1/competition/c0000000-0001-0001-0001-000000000001/market-share-status status=200 duration_ms=2 request_id=bdc0905e-9933-4402-8c9d-83acdee73c75
time=2026-05-03T17:49:46.729+05:30 level=INFO msg=request method=GET path=/api/v1/competition/leaderboard status=200 duration_ms=2 request_id=87159a12-458c-4e74-82cf-5bdc01fdfe4c
time=2026-05-03T17:49:46.736+05:30 level=INFO msg=request method=GET path=/api/v1/competition/leaderboard status=200 duration_ms=2 request_id=3f6c2113-36be-451a-9107-5b54295fc58c
time=2026-05-03T17:49:47.548+05:30 level=INFO msg=request method=OPTIONS path=/api/v1/auth/login status=204 duration_ms=0 request_id=4dd9e66c-3ea3-4392-8062-51dd86d9a74c
time=2026-05-03T17:49:47.600+05:30 level=INFO msg=request method=POST path=/api/v1/auth/login status=200 duration_ms=51 request_id=9e418fa8-86d1-4898-8dc4-5a94bce91191
time=2026-05-03T17:49:50.597+05:30 level=INFO msg=request method=OPTIONS path=/api/v1/outlets/112847 status=204 duration_ms=0 request_id=d3fbe4b2-3f43-4961-97fb-00ea45e3a520
time=2026-05-03T17:49:50.597+05:30 level=INFO msg=request method=OPTIONS path=/api/v1/outlets/112847/performance status=204 duration_ms=0 request_id=46328c6d-7dc5-4a77-a701-f0253403c266
time=2026-05-03T17:49:50.600+05:30 level=INFO msg=request method=GET path=/api/v1/outlets/112847/performance status=200 duration_ms=2 request_id=92052135-d80c-4b55-889f-718750ca3d2e
time=2026-05-03T17:49:50.600+05:30 level=INFO msg=request method=GET path=/api/v1/outlets/112847 status=200 duration_ms=2 request_id=c11abbba-b952-4916-bb49-a585fa2d00f8
time=2026-05-03T17:49:50.610+05:30 level=INFO msg=request method=OPTIONS path=/api/v1/outlets/112847/targets status=204 duration_ms=0 request_id=2722ecb4-7ed4-4cd7-b630-3afba7fc739c
time=2026-05-03T17:49:50.613+05:30 level=INFO msg=request method=GET path=/api/v1/outlets/112847/targets status=200 duration_ms=1 request_id=3a8eb3be-acab-4064-a6a5-19aee223be24
time=2026-05-03T17:49:50.614+05:30 level=INFO msg=request method=OPTIONS path=/api/v1/outlets/112847/analysis status=204 duration_ms=0 request_id=0d06b422-7e78-471e-a886-05a0b88bd3f4
time=2026-05-03T17:49:50.614+05:30 level=INFO msg=request method=OPTIONS path=/api/v1/competition/leaderboard status=204 duration_ms=0 request_id=11091eea-7835-4001-b2c1-1f70b3a1d014
time=2026-05-03T17:49:50.615+05:30 level=INFO msg=request method=OPTIONS path=/api/v1/competition/c0000000-0001-0001-0001-000000000001/market-share-status status=204 duration_ms=0 request_id=1083394c-8207-420a-9999-5e3559f86e3d
time=2026-05-03T17:49:50.615+05:30 level=INFO msg=request method=GET path=/api/v1/competition/c0000000-0001-0001-0001-000000000001/market-share-status status=429 duration_ms=0 request_id=301aa31e-d836-4200-b5c1-3c98f65931ce
time=2026-05-03T17:49:50.617+05:30 level=INFO msg=request method=GET path=/api/v1/outlets/112847/analysis status=200 duration_ms=2 request_id=0ad58f71-da4e-43d5-a8d7-d705df9d1871
time=2026-05-03T17:49:50.617+05:30 level=INFO msg=request method=GET path=/api/v1/competition/leaderboard status=200 duration_ms=2 request_id=850a0fa7-1fec-42c0-80d4-d5c476245843
time=2026-05-03T17:49:53.414+05:30 level=INFO msg=request method=OPTIONS path=/api/v1/auth/login status=204 duration_ms=0 request_id=f99d891d-b2c9-47a5-9f21-da221b490655
time=2026-05-03T17:49:53.468+05:30 level=INFO msg=request method=POST path=/api/v1/auth/login status=200 duration_ms=53 request_id=2a0052d2-b024-44fb-97a0-2139c1606f33
time=2026-05-03T17:49:56.465+05:30 level=INFO msg=request method=OPTIONS path=/api/v1/outlets/112847 status=204 duration_ms=0 request_id=33e719d2-cf79-4a3e-a1cb-aaffb26d7c43
time=2026-05-03T17:49:56.465+05:30 level=INFO msg=request method=OPTIONS path=/api/v1/outlets/112847/performance status=204 duration_ms=0 request_id=53fef7b6-8177-4943-864f-443c0b19d54e
time=2026-05-03T17:49:56.468+05:30 level=INFO msg=request method=GET path=/api/v1/outlets/112847 status=200 duration_ms=2 request_id=da230a23-9559-4d2f-8b24-90d506e4078e
time=2026-05-03T17:49:56.468+05:30 level=INFO msg=request method=GET path=/api/v1/outlets/112847/performance status=200 duration_ms=2 request_id=1b084921-1c41-412e-823f-1673c726dcbd
time=2026-05-03T17:49:56.479+05:30 level=INFO msg=request method=OPTIONS path=/api/v1/outlets/112847/targets status=204 duration_ms=0 request_id=6c825abc-b25a-47d3-987c-36e2873e909c
time=2026-05-03T17:49:56.481+05:30 level=INFO msg=request method=GET path=/api/v1/outlets/112847/targets status=200 duration_ms=1 request_id=a48f2986-6ff0-47c4-a3ce-f0b1dfd96c11
time=2026-05-03T17:49:56.482+05:30 level=INFO msg=request method=OPTIONS path=/api/v1/outlets/112847/analysis status=204 duration_ms=0 request_id=06732352-94d0-4e8e-b059-c5bd33961887
time=2026-05-03T17:49:56.482+05:30 level=INFO msg=request method=OPTIONS path=/api/v1/competition/leaderboard status=204 duration_ms=0 request_id=333db6aa-3561-4ce5-9c28-63fa44cf91e7
time=2026-05-03T17:49:56.482+05:30 level=INFO msg=request method=OPTIONS path=/api/v1/competition/c0000000-0001-0001-0001-000000000001/market-share-status status=204 duration_ms=0 request_id=2d0a1aa8-da2a-43df-a606-d48c04ab8cf5
time=2026-05-03T17:49:56.484+05:30 level=INFO msg=request method=GET path=/api/v1/outlets/112847/analysis status=200 duration_ms=1 request_id=ef0c7557-1c86-435f-aece-19e5dc9528b8
time=2026-05-03T17:49:56.484+05:30 level=INFO msg=request method=GET path=/api/v1/competition/leaderboard status=200 duration_ms=2 request_id=56f3f215-5bba-43f9-bbc8-b9ad4026e795
time=2026-05-03T17:49:56.485+05:30 level=INFO msg=request method=GET path=/api/v1/competition/c0000000-0001-0001-0001-000000000001/market-share-status status=200 duration_ms=3 request_id=315f8be2-86b8-418a-b7da-9ae9474f5dd6
time=2026-05-03T17:50:00.281+05:30 level=INFO msg=request method=OPTIONS path=/api/v1/auth/login status=204 duration_ms=0 request_id=f77a54a4-b15c-4870-a2de-5ac56adec0f3
time=2026-05-03T17:50:00.334+05:30 level=INFO msg=request method=POST path=/api/v1/auth/login status=200 duration_ms=53 request_id=1d38c3f4-0be6-4af6-a37c-f6e69fce79e1
time=2026-05-03T17:50:05.463+05:30 level=INFO msg=request method=POST path=/api/v1/auth/login status=401 duration_ms=1 request_id=3fa04a94-e32a-40b5-9a14-cc91b9d29f11
time=2026-05-03T17:50:05.468+05:30 level=INFO msg=request method=POST path=/api/v1/auth/login status=401 duration_ms=0 request_id=b705db9a-561a-4574-81d4-7cfe155b7599
time=2026-05-03T17:50:06.710+05:30 level=INFO msg=request method=GET path=/api/v1/auth/me status=401 duration_ms=0 request_id=c027ea61-a646-4e11-8dac-d215ee3c3a10
time=2026-05-03T17:50:06.715+05:30 level=INFO msg=request method=GET path=/api/v1/outlets/112847 status=401 duration_ms=0 request_id=e2d3c5bf-cb89-4c80-aefa-aa93a5b7f51a
time=2026-05-03T17:50:06.770+05:30 level=INFO msg=request method=POST path=/api/v1/auth/login status=200 duration_ms=50 request_id=2453681a-e883-4da4-a103-46a8d8c0ab41
time=2026-05-03T17:50:06.775+05:30 level=INFO msg=request method=GET path=/health status=200 duration_ms=0 request_id=c08ef316-a18e-4e33-8112-603f689ef37b
time=2026-05-03T17:50:11.387+05:30 level=INFO msg=request method=POST path=/api/v1/auth/login status=401 duration_ms=1 request_id=20c16a36-bd30-4c7d-9ab3-e2efa021214b
time=2026-05-03T17:50:11.398+05:30 level=INFO msg=request method=POST path=/api/v1/auth/login status=401 duration_ms=0 request_id=d335a8d9-ea70-4c4a-80a2-cc8b58db144f
time=2026-05-03T17:50:12.741+05:30 level=INFO msg=request method=GET path=/api/v1/auth/me status=401 duration_ms=0 request_id=75a98085-dd6a-44b3-aee2-a012bdd6c2ed
time=2026-05-03T17:50:12.749+05:30 level=INFO msg=request method=GET path=/api/v1/outlets/112847 status=401 duration_ms=0 request_id=ff4d4477-c311-4254-8ac2-7e32761632f4
time=2026-05-03T17:50:12.805+05:30 level=INFO msg=request method=POST path=/api/v1/auth/login status=200 duration_ms=51 request_id=383bc116-a688-4402-b5fa-5a8e3622f6a8
time=2026-05-03T17:50:12.812+05:30 level=INFO msg=request method=GET path=/health status=200 duration_ms=0 request_id=a4aa8bbc-7ded-4b0f-9ff1-cb289ac3610b
time=2026-05-04T08:44:02.912+05:30 level=INFO msg=request method=POST path=/api/v1/auth/login status=200 duration_ms=60 request_id=e6ad5308-7f44-43df-83db-a1f04f841c45
time=2026-05-04T08:44:02.926+05:30 level=INFO msg=request method=GET path=/api/v1/territory/outlets status=200 duration_ms=10 request_id=8b8de63c-fba5-4ed0-887e-d0247aaf1992
time=2026-05-04T08:44:02.942+05:30 level=INFO msg=request method=GET path=/api/v1/outlets/112386/performance status=200 duration_ms=2 request_id=45798fd3-7494-40a9-a574-0632dbc35cff
time=2026-05-04T08:44:02.943+05:30 level=INFO msg=request method=GET path=/api/v1/outlets/255872/performance status=200 duration_ms=3 request_id=99ff93b4-d1c4-461d-9580-413bd30d1d1f
time=2026-05-04T08:44:02.956+05:30 level=INFO msg=request method=GET path=/api/v1/outlets/144329/performance status=200 duration_ms=1 request_id=652ba64b-3994-4807-b538-40bba68b333c
time=2026-05-04T08:44:02.956+05:30 level=INFO msg=request method=GET path=/api/v1/outlets/112438/performance status=429 duration_ms=0 request_id=03e99144-42ac-489c-b69d-6d19f1421ef5
time=2026-05-04T08:44:02.956+05:30 level=INFO msg=request method=GET path=/api/v1/outlets/112458/performance status=429 duration_ms=0 request_id=55911524-1373-4c4a-9fe0-13fd5249100d
time=2026-05-04T08:44:02.956+05:30 level=INFO msg=request method=GET path=/api/v1/outlets/112847/performance status=429 duration_ms=0 request_id=d9eb6d9e-825e-46ce-af5e-33f1dece0a8f
time=2026-05-04T08:44:02.956+05:30 level=INFO msg=request method=GET path=/api/v1/outlets/112417/performance status=429 duration_ms=0 request_id=ee1aca03-08ee-4a0b-97a7-dd9a5334b109
time=2026-05-04T08:44:02.956+05:30 level=INFO msg=request method=GET path=/api/v1/outlets/112431/performance status=429 duration_ms=0 request_id=dbde8ebb-02a0-4f9d-bcdb-985f9bd3e1a6
time=2026-05-04T08:44:02.956+05:30 level=INFO msg=request method=GET path=/api/v1/outlets/111234/performance status=429 duration_ms=0 request_id=8cf6ab94-d587-4acf-a898-a301b5234712
time=2026-05-04T08:44:02.956+05:30 level=INFO msg=request method=GET path=/api/v1/outlets/113234/performance status=429 duration_ms=0 request_id=ef25f945-d9e3-4883-9eb8-dab352aa9463
time=2026-05-04T08:44:02.956+05:30 level=INFO msg=request method=GET path=/api/v1/outlets/112456/performance status=429 duration_ms=0 request_id=363cc158-d510-47c4-9d15-6e6e5b17f80e
time=2026-05-04T08:44:02.956+05:30 level=INFO msg=request method=GET path=/api/v1/outlets/250828/performance status=429 duration_ms=0 request_id=41203a9b-eeb5-442d-aec6-d7f3621460d5
time=2026-05-04T08:44:02.957+05:30 level=INFO msg=request method=GET path=/api/v1/outlets/112012/performance status=429 duration_ms=0 request_id=e4741077-1944-47cf-9298-74099c052f06
time=2026-05-04T08:44:02.957+05:30 level=INFO msg=request method=GET path=/api/v1/outlets/118345/performance status=429 duration_ms=0 request_id=cf330eb5-0baf-40a0-acae-9203163c87db
time=2026-05-04T08:44:02.957+05:30 level=INFO msg=request method=GET path=/api/v1/outlets/119876/performance status=429 duration_ms=0 request_id=3baf488f-4374-446d-9e0b-136cdd8eccee
time=2026-05-04T08:44:02.957+05:30 level=INFO msg=request method=GET path=/api/v1/outlets/112457/performance status=429 duration_ms=0 request_id=cae1dc04-fef3-4530-892c-0b41e5794a61
time=2026-05-04T08:44:02.957+05:30 level=INFO msg=request method=GET path=/api/v1/outlets/111456/performance status=429 duration_ms=0 request_id=5513ddc1-ff33-476c-adbe-592bba594e5f
time=2026-05-04T08:44:02.957+05:30 level=INFO msg=request method=GET path=/api/v1/outlets/113890/performance status=429 duration_ms=0 request_id=2a3f5fdf-eae8-426c-ad5b-e901a8b73472
time=2026-05-04T08:44:02.957+05:30 level=INFO msg=request method=GET path=/api/v1/outlets/112450/performance status=429 duration_ms=0 request_id=d64c7225-be10-4f3b-a3ce-b74c06e3df3b
time=2026-05-04T08:44:02.957+05:30 level=INFO msg=request method=GET path=/api/v1/outlets/112448/performance status=429 duration_ms=0 request_id=2d7fbe31-aca1-4ed8-9ce6-9ce4413b9b7f
time=2026-05-04T08:44:02.957+05:30 level=INFO msg=request method=GET path=/api/v1/outlets/127090/performance status=429 duration_ms=0 request_id=2471924f-fd85-431c-92b3-375145f9df60
time=2026-05-04T08:44:02.957+05:30 level=INFO msg=request method=GET path=/api/v1/outlets/110234/performance status=429 duration_ms=0 request_id=9217f145-da21-4006-b902-e3975f977cd4
time=2026-05-04T08:44:02.957+05:30 level=INFO msg=request method=GET path=/api/v1/outlets/244099/performance status=429 duration_ms=0 request_id=b25c329c-fe96-4233-a622-feb3b28bae5c
time=2026-05-04T08:44:02.957+05:30 level=INFO msg=request method=GET path=/api/v1/outlets/129151/performance status=429 duration_ms=0 request_id=0552495b-7d52-4ca0-8f1c-132af9863e81
time=2026-05-04T08:44:02.957+05:30 level=INFO msg=request method=GET path=/api/v1/outlets/113456/performance status=429 duration_ms=0 request_id=483f0859-f7b8-42d6-a71b-cf71e2e75f6f
time=2026-05-04T08:44:02.957+05:30 level=INFO msg=request method=GET path=/api/v1/outlets/112441/performance status=429 duration_ms=0 request_id=43b506e7-eb6d-45e8-b69f-8820ed5249d5
time=2026-05-04T08:44:02.957+05:30 level=INFO msg=request method=GET path=/api/v1/outlets/112460/performance status=429 duration_ms=0 request_id=24cb211f-4dd4-4dc6-8ad9-76cdc2dbf26f
time=2026-05-04T08:44:02.957+05:30 level=INFO msg=request method=GET path=/api/v1/outlets/112390/performance status=200 duration_ms=3 request_id=9f892e0d-bbda-43e8-bb64-b299b44181f9
time=2026-05-04T08:44:02.957+05:30 level=INFO msg=request method=GET path=/api/v1/outlets/131712/performance status=429 duration_ms=0 request_id=f31e3cd9-8e6a-4762-994b-a7a2010bfd94
time=2026-05-04T08:44:02.957+05:30 level=INFO msg=request method=GET path=/api/v1/outlets/107634/performance status=429 duration_ms=0 request_id=83e835ac-d114-465e-a8d9-800bd0663069
time=2026-05-04T08:44:02.957+05:30 level=INFO msg=request method=GET path=/api/v1/outlets/112414/performance status=200 duration_ms=2 request_id=c6d11989-22c3-4785-a860-de5779bfdf95
time=2026-05-04T08:44:02.957+05:30 level=INFO msg=request method=GET path=/api/v1/outlets/112462/performance status=429 duration_ms=0 request_id=9f51830b-e661-424c-a3a2-f0b068b65b9e
time=2026-05-04T08:44:02.957+05:30 level=INFO msg=request method=GET path=/api/v1/outlets/112383/performance status=429 duration_ms=0 request_id=248bc6c8-6add-4bc9-9def-f3a877e273c7
time=2026-05-04T08:44:02.957+05:30 level=INFO msg=request method=GET path=/api/v1/outlets/236924/performance status=429 duration_ms=0 request_id=8f963b98-ed5b-4142-8536-72a084c0fbea
time=2026-05-04T08:44:02.958+05:30 level=INFO msg=request method=GET path=/api/v1/outlets/112387/performance status=429 duration_ms=0 request_id=7b3faccb-5655-4c96-a44d-9b0dc8eed197
time=2026-05-04T08:44:02.958+05:30 level=INFO msg=request method=GET path=/api/v1/outlets/112392/performance status=429 duration_ms=0 request_id=4e7a7294-b286-4995-8cd5-1b2fdf10eddd
time=2026-05-04T08:44:02.958+05:30 level=INFO msg=request method=GET path=/api/v1/outlets/112391/performance status=429 duration_ms=0 request_id=ed4e325f-60ba-4ff3-a1a4-13d23390d4f2
time=2026-05-04T08:44:02.958+05:30 level=INFO msg=request method=GET path=/api/v1/outlets/112393/performance status=429 duration_ms=0 request_id=05a31822-ff6a-4a6e-ba12-c8b1b58d4f1d
time=2026-05-04T08:44:02.958+05:30 level=INFO msg=request method=GET path=/api/v1/outlets/112397/performance status=429 duration_ms=0 request_id=5fe58c00-2da9-46d5-ace1-7b6ecc9eff8c
time=2026-05-04T08:44:02.958+05:30 level=INFO msg=request method=GET path=/api/v1/outlets/112398/performance status=429 duration_ms=0 request_id=609c7b48-30db-4611-9c3c-7ac9a52b7221
time=2026-05-04T08:44:02.958+05:30 level=INFO msg=request method=GET path=/api/v1/outlets/112401/performance status=429 duration_ms=0 request_id=5d1d0785-9ee5-4b2a-b281-d9e03961ca4c
time=2026-05-04T08:44:02.958+05:30 level=INFO msg=request method=GET path=/api/v1/outlets/112345/performance status=429 duration_ms=0 request_id=a1920396-e4ed-41bc-8176-9787248dd18d
time=2026-05-04T08:44:02.958+05:30 level=INFO msg=request method=GET path=/api/v1/outlets/156837/performance status=429 duration_ms=0 request_id=58bb97fa-d404-4a7e-8245-df7f853ad412
time=2026-05-04T08:44:02.958+05:30 level=INFO msg=request method=GET path=/api/v1/outlets/157172/performance status=429 duration_ms=0 request_id=d9298ae7-016b-4ce1-87b6-07b0662aa67f
time=2026-05-04T08:44:02.958+05:30 level=INFO msg=request method=GET path=/api/v1/outlets/112429/performance status=429 duration_ms=0 request_id=b48a30b2-8e6b-4b4b-8666-85501926a540
time=2026-05-04T08:44:02.958+05:30 level=INFO msg=request method=GET path=/api/v1/outlets/112434/performance status=429 duration_ms=0 request_id=62ad26e4-4eda-461a-a3fa-2b16c27c0b9d
time=2026-05-04T08:44:02.958+05:30 level=INFO msg=request method=GET path=/api/v1/outlets/112444/performance status=429 duration_ms=0 request_id=8dae00b9-e962-4e6a-9549-2e7fd2bf76b4
time=2026-05-04T08:44:02.958+05:30 level=INFO msg=request method=GET path=/api/v1/outlets/112436/performance status=429 duration_ms=0 request_id=62965f2c-5733-4adc-ab2d-77c7fda150d6
time=2026-05-04T08:44:02.958+05:30 level=INFO msg=request method=GET path=/api/v1/outlets/112445/performance status=429 duration_ms=0 request_id=37148dbe-d7d5-42da-bcbe-c8aff449183e
time=2026-05-04T08:44:02.958+05:30 level=INFO msg=request method=GET path=/api/v1/outlets/108923/performance status=429 duration_ms=0 request_id=81d4eb42-3182-4920-a62f-b891268db0f1
time=2026-05-04T08:44:02.958+05:30 level=INFO msg=request method=GET path=/api/v1/outlets/112789/performance status=429 duration_ms=0 request_id=2d9b1e4b-daf0-41f1-9765-4f03053fe537
time=2026-05-04T08:44:02.958+05:30 level=INFO msg=request method=GET path=/api/v1/outlets/112453/performance status=429 duration_ms=0 request_id=32c5b11e-64cc-4217-b655-7ad2ffa375ca
time=2026-05-04T08:44:02.958+05:30 level=INFO msg=request method=GET path=/api/v1/outlets/112454/performance status=429 duration_ms=0 request_id=f00ea15e-6aae-41ed-81e0-c0c412109a9f
time=2026-05-04T08:44:02.958+05:30 level=INFO msg=request method=GET path=/api/v1/outlets/151186/performance status=429 duration_ms=0 request_id=0ec7ccc5-c37b-414e-9466-134978474852
time=2026-05-04T08:44:02.958+05:30 level=INFO msg=request method=GET path=/api/v1/outlets/114234/performance status=429 duration_ms=0 request_id=63e31cac-a757-4981-8e9c-c1453a983a73
time=2026-05-04T08:44:02.958+05:30 level=INFO msg=request method=GET path=/api/v1/outlets/198868/performance status=429 duration_ms=0 request_id=5cefc6a3-43ad-4fe8-b325-383a673e6999
time=2026-05-04T08:44:02.958+05:30 level=INFO msg=request method=GET path=/api/v1/outlets/118567/performance status=429 duration_ms=0 request_id=6cb58799-bc25-4119-b7b7-ac2a4b8ae80e
time=2026-05-04T08:44:02.958+05:30 level=INFO msg=request method=GET path=/api/v1/outlets/112402/performance status=429 duration_ms=0 request_id=5f454c36-cf45-4952-8550-53e918394147
time=2026-05-04T08:44:02.958+05:30 level=INFO msg=request method=GET path=/api/v1/outlets/118012/performance status=429 duration_ms=0 request_id=1b8d03ff-6c3a-453e-8760-fbd1762c04aa
time=2026-05-04T08:44:02.958+05:30 level=INFO msg=request method=GET path=/api/v1/outlets/168006/performance status=429 duration_ms=0 request_id=722384bd-d29d-45af-8f90-a298f956b4ce
time=2026-05-04T08:44:02.958+05:30 level=INFO msg=request method=GET path=/api/v1/outlets/109251/performance status=429 duration_ms=0 request_id=2330783c-b1ae-4cee-be4d-664090ab227b
time=2026-05-04T08:44:02.958+05:30 level=INFO msg=request method=GET path=/api/v1/outlets/148413/performance status=429 duration_ms=0 request_id=25a46a0d-5ee5-4791-a7cc-8ae55f753b8b
time=2026-05-04T08:44:02.958+05:30 level=INFO msg=request method=GET path=/api/v1/outlets/112407/performance status=429 duration_ms=0 request_id=30b2be77-93c9-419c-8179-6e396f7b48f8
time=2026-05-04T08:44:02.958+05:30 level=INFO msg=request method=GET path=/api/v1/outlets/198751/performance status=429 duration_ms=0 request_id=0556331a-b3e2-434d-b27e-8083d8097cc9
time=2026-05-04T08:44:02.958+05:30 level=INFO msg=request method=GET path=/api/v1/outlets/112415/performance status=429 duration_ms=0 request_id=f3ae34db-5dcd-4d69-bf42-b0e5b0e001c1
time=2026-05-04T08:44:02.958+05:30 level=INFO msg=request method=GET path=/api/v1/outlets/108765/performance status=429 duration_ms=0 request_id=b9af4f66-ffda-4f3e-97b0-b27ea8ff6e9f
time=2026-05-04T08:44:02.958+05:30 level=INFO msg=request method=GET path=/api/v1/outlets/118901/performance status=429 duration_ms=0 request_id=a846e9e6-77df-47c7-b722-f64afc4c1522
time=2026-05-04T08:44:02.958+05:30 level=INFO msg=request method=GET path=/api/v1/outlets/117890/performance status=429 duration_ms=0 request_id=c4d02441-219b-4878-839f-bfe280fd769c
time=2026-05-04T08:44:02.959+05:30 level=INFO msg=request method=GET path=/api/v1/outlets/112446/performance status=429 duration_ms=0 request_id=ca72b36b-12b5-47e6-9a08-dc02faedcf61
time=2026-05-04T08:44:02.959+05:30 level=INFO msg=request method=GET path=/api/v1/outlets/112420/performance status=429 duration_ms=0 request_id=5d799b34-6791-40ba-8d3b-89c610ec3a55
time=2026-05-04T08:44:02.959+05:30 level=INFO msg=request method=GET path=/api/v1/outlets/136152/performance status=429 duration_ms=0 request_id=ff864a2e-d2eb-495b-a6d5-c1c7895c2e3e
time=2026-05-04T08:44:02.959+05:30 level=INFO msg=request method=GET path=/api/v1/outlets/112384/performance status=429 duration_ms=0 request_id=9241ca44-1e22-4ce7-bb87-3442c5fa4560
time=2026-05-04T08:44:02.959+05:30 level=INFO msg=request method=GET path=/api/v1/outlets/128472/performance status=429 duration_ms=0 request_id=53e6b568-3c28-4dce-b761-9a81f6f48705
time=2026-05-04T08:44:02.959+05:30 level=INFO msg=request method=GET path=/api/v1/outlets/112389/performance status=429 duration_ms=0 request_id=bc93e22a-62aa-4a7b-836b-fcfeb9639fa5
time=2026-05-04T08:44:02.959+05:30 level=INFO msg=request method=GET path=/api/v1/outlets/112385/performance status=429 duration_ms=0 request_id=945117c9-123a-4ced-b532-f68405b67dcd
time=2026-05-04T08:44:02.959+05:30 level=INFO msg=request method=GET path=/api/v1/outlets/115634/performance status=429 duration_ms=0 request_id=410b8f7b-9794-4780-bdf6-4b0668c90fd0
time=2026-05-04T08:44:02.959+05:30 level=INFO msg=request method=GET path=/api/v1/outlets/112395/performance status=429 duration_ms=0 request_id=2f7a9a1a-c7c1-40d0-a7e5-0432e6f5e2da
time=2026-05-04T08:44:02.959+05:30 level=INFO msg=request method=GET path=/api/v1/outlets/116456/performance status=429 duration_ms=0 request_id=f115054e-11ab-451c-b7ac-59e05975f29a
time=2026-05-04T08:44:02.959+05:30 level=INFO msg=request method=GET path=/api/v1/outlets/149238/performance status=429 duration_ms=0 request_id=1913389f-f4c4-42f1-b44f-f7f2eec497cc
time=2026-05-04T08:44:02.959+05:30 level=INFO msg=request method=GET path=/api/v1/outlets/147286/performance status=429 duration_ms=0 request_id=3912a3ec-fc07-41e2-8d58-b9f192f40c79
time=2026-05-04T08:44:02.959+05:30 level=INFO msg=request method=GET path=/api/v1/outlets/123784/performance status=429 duration_ms=0 request_id=650f6305-24f5-45c7-ad0c-78a21bf2f267
time=2026-05-04T08:44:02.959+05:30 level=INFO msg=request method=GET path=/api/v1/outlets/119012/performance status=429 duration_ms=0 request_id=5c59e5e4-3d22-43c9-b1df-3cec0e659eaa
time=2026-05-04T08:44:02.960+05:30 level=INFO msg=request method=GET path=/api/v1/outlets/112411/performance status=429 duration_ms=0 request_id=4942d005-3573-4245-a550-e4f6a4014d64
time=2026-05-04T08:44:02.960+05:30 level=INFO msg=request method=GET path=/api/v1/outlets/112403/performance status=429 duration_ms=0 request_id=269684c3-a057-432d-832d-78bcad603d49
time=2026-05-04T08:44:02.960+05:30 level=INFO msg=request method=GET path=/api/v1/outlets/167171/performance status=429 duration_ms=0 request_id=e47d0f21-9860-4ae0-aa78-5a4110060339
time=2026-05-04T08:44:02.960+05:30 level=INFO msg=request method=GET path=/api/v1/outlets/112412/performance status=429 duration_ms=0 request_id=ad44bc71-3496-45f2-abd3-66ae3fa3665e
time=2026-05-04T08:44:02.960+05:30 level=INFO msg=request method=GET path=/api/v1/outlets/115789/performance status=429 duration_ms=0 request_id=59d113df-361b-4264-a913-45cfd025f083
time=2026-05-04T08:44:02.960+05:30 level=INFO msg=request method=GET path=/api/v1/outlets/112419/performance status=429 duration_ms=0 request_id=72db0d54-330c-4c8a-82ed-11c1edd3270c
time=2026-05-04T08:44:02.960+05:30 level=INFO msg=request method=GET path=/api/v1/outlets/112416/performance status=429 duration_ms=0 request_id=e4086e68-dad5-4ac1-8d29-5990bf1b0459
time=2026-05-04T08:44:02.960+05:30 level=INFO msg=request method=GET path=/api/v1/outlets/112418/performance status=429 duration_ms=0 request_id=209e75ad-1c04-4ae3-ae26-524d053c9039
time=2026-05-04T08:44:02.960+05:30 level=INFO msg=request method=GET path=/api/v1/outlets/115012/performance status=429 duration_ms=0 request_id=5ebd4c34-26b2-4d38-b7a1-6aea03f8ef48
time=2026-05-04T08:44:02.960+05:30 level=INFO msg=request method=GET path=/api/v1/outlets/112424/performance status=429 duration_ms=0 request_id=6e64607b-3dbf-4eec-bfff-823cb48f3b05
time=2026-05-04T08:44:02.960+05:30 level=INFO msg=request method=GET path=/api/v1/outlets/112422/performance status=429 duration_ms=0 request_id=45c11405-e0ae-49f6-8440-30fcd4997557
time=2026-05-04T08:44:02.960+05:30 level=INFO msg=request method=GET path=/api/v1/outlets/112425/performance status=429 duration_ms=0 request_id=177148b4-291a-4255-96b0-59d2006c7dd7
time=2026-05-04T08:44:02.960+05:30 level=INFO msg=request method=GET path=/api/v1/outlets/112440/performance status=429 duration_ms=0 request_id=6f8ca105-816b-4672-ac90-5c05940652af
time=2026-05-04T08:44:02.960+05:30 level=INFO msg=request method=GET path=/api/v1/outlets/114678/performance status=429 duration_ms=0 request_id=e22f8f93-2d98-4104-b6a0-d752254c9d33
time=2026-05-04T08:44:02.960+05:30 level=INFO msg=request method=GET path=/api/v1/outlets/112437/performance status=429 duration_ms=0 request_id=64ffe11e-4878-48ac-a101-cb28415a9f71
time=2026-05-04T08:44:02.960+05:30 level=INFO msg=request method=GET path=/api/v1/outlets/111789/performance status=429 duration_ms=0 request_id=c9845720-4ed1-4ff7-8d45-d57e6b603876
time=2026-05-04T08:44:02.960+05:30 level=INFO msg=request method=GET path=/api/v1/outlets/163708/performance status=429 duration_ms=0 request_id=448de454-0190-47a8-ac81-cb19f77ff3d9
time=2026-05-04T08:44:02.960+05:30 level=INFO msg=request method=GET path=/api/v1/outlets/112443/performance status=429 duration_ms=0 request_id=0674b967-61e3-4db0-98a8-b691feb572af
time=2026-05-04T08:44:02.960+05:30 level=INFO msg=request method=GET path=/api/v1/outlets/112439/performance status=429 duration_ms=0 request_id=493cd7d3-f2ae-4983-badb-e220465e0330
time=2026-05-04T08:44:02.960+05:30 level=INFO msg=request method=GET path=/api/v1/outlets/112442/performance status=429 duration_ms=0 request_id=61fb58d8-74cb-41fa-a610-f5d74d23f88d
time=2026-05-04T08:44:02.960+05:30 level=INFO msg=request method=GET path=/api/v1/outlets/112455/performance status=429 duration_ms=0 request_id=68c53245-30ef-4a0a-a5c8-c9a174441b5d
time=2026-05-04T08:44:02.960+05:30 level=INFO msg=request method=GET path=/api/v1/outlets/114521/performance status=429 duration_ms=0 request_id=e9010ed8-ba4d-49ef-9a15-abd7472489fb
time=2026-05-04T08:44:02.960+05:30 level=INFO msg=request method=GET path=/api/v1/outlets/112428/performance status=429 duration_ms=0 request_id=23bd9a38-5321-4fc3-a1fd-824b34ee714f
time=2026-05-04T08:44:02.960+05:30 level=INFO msg=request method=GET path=/api/v1/outlets/117234/performance status=429 duration_ms=0 request_id=024adc03-ead6-449d-b15b-af2e24d8e93b
time=2026-05-04T08:44:02.961+05:30 level=INFO msg=request method=GET path=/api/v1/outlets/112461/performance status=429 duration_ms=0 request_id=6caaa338-c8f5-4f63-8376-2c61394d3af7
time=2026-05-04T08:44:02.961+05:30 level=INFO msg=request method=GET path=/api/v1/outlets/112459/performance status=429 duration_ms=0 request_id=ddd4bc38-0dbb-4bce-9be7-1a89071b5ff4
time=2026-05-04T08:44:02.962+05:30 level=INFO msg=request method=GET path=/api/v1/outlets/200922/performance status=200 duration_ms=8 request_id=bf510d8f-c999-41c4-aa4e-5a8e94a888d5
time=2026-05-04T08:44:02.962+05:30 level=INFO msg=request method=GET path=/api/v1/outlets/117567/performance status=200 duration_ms=8 request_id=413de61a-1762-4a48-8df5-c61aa579dc0e
time=2026-05-04T08:44:02.962+05:30 level=INFO msg=request method=GET path=/api/v1/outlets/115901/performance status=200 duration_ms=8 request_id=c032c60c-2fa8-4e89-b97e-4d088be568d0
time=2026-05-04T08:44:02.963+05:30 level=INFO msg=request method=GET path=/api/v1/outlets/109678/performance status=200 duration_ms=7 request_id=f11bf8bf-a3ed-45b6-9b60-c1a668534dcb
time=2026-05-04T08:44:02.965+05:30 level=INFO msg=request method=GET path=/api/v1/outlets/112404/performance status=429 duration_ms=0 request_id=7bb7ae8a-b332-40d8-b1ad-c4173fb3be7d
time=2026-05-04T08:44:02.965+05:30 level=INFO msg=request method=GET path=/api/v1/outlets/112466/performance status=429 duration_ms=0 request_id=b9b57704-8446-4dc0-8282-eef5a3c1a23c
time=2026-05-04T08:44:02.965+05:30 level=INFO msg=request method=GET path=/api/v1/outlets/112427/performance status=429 duration_ms=0 request_id=346fbe7c-ed3b-4b14-b418-948b00a467e4
time=2026-05-04T08:44:02.965+05:30 level=INFO msg=request method=GET path=/api/v1/outlets/112435/performance status=429 duration_ms=0 request_id=24ed16b0-da08-4f13-9b05-54ca96549d78
time=2026-05-04T08:44:02.965+05:30 level=INFO msg=request method=GET path=/api/v1/outlets/110567/performance status=429 duration_ms=0 request_id=8bc983ba-8e5d-49d1-babd-d6134da342ea
time=2026-05-04T08:44:02.965+05:30 level=INFO msg=request method=GET path=/api/v1/outlets/116890/performance status=429 duration_ms=0 request_id=f91391d6-7904-4069-b464-f0762035dd58
time=2026-05-04T08:44:02.965+05:30 level=INFO msg=request method=GET path=/api/v1/outlets/116789/performance status=429 duration_ms=0 request_id=f1a1f1de-d36b-4fc9-b3e0-40bb97023a93
time=2026-05-04T08:44:02.965+05:30 level=INFO msg=request method=GET path=/api/v1/outlets/116123/performance status=429 duration_ms=0 request_id=2fe7343b-69fc-4d02-a58d-e5c3ea1f1d14
time=2026-05-04T08:44:02.966+05:30 level=INFO msg=request method=GET path=/api/v1/outlets/163741/performance status=429 duration_ms=0 request_id=881a025d-5325-4c1a-8d15-d97ccbc6d188
time=2026-05-04T08:44:02.966+05:30 level=INFO msg=request method=GET path=/api/v1/outlets/256507/performance status=429 duration_ms=0 request_id=41f23c14-0199-41a5-9d6a-466e97d98478
time=2026-05-04T08:44:02.966+05:30 level=INFO msg=request method=GET path=/api/v1/outlets/112408/performance status=429 duration_ms=0 request_id=bdd85c01-b4da-4884-9481-029e36a7af28
time=2026-05-04T08:44:02.966+05:30 level=INFO msg=request method=GET path=/api/v1/outlets/112410/performance status=429 duration_ms=0 request_id=d1a474ff-24ca-407a-ba0c-55d0ec61a748
time=2026-05-04T08:44:02.966+05:30 level=INFO msg=request method=GET path=/api/v1/outlets/147087/performance status=429 duration_ms=0 request_id=269eac8f-1079-492d-a0ec-13b56d0305be
time=2026-05-04T08:44:02.966+05:30 level=INFO msg=request method=GET path=/api/v1/outlets/146411/performance status=429 duration_ms=0 request_id=bfba9bc1-23cc-4769-b52c-b0414bb1e935
time=2026-05-04T08:44:02.966+05:30 level=INFO msg=request method=GET path=/api/v1/outlets/113782/performance status=429 duration_ms=0 request_id=e1f88d9e-0aaa-491e-aa59-8f47ce05a62e
time=2026-05-04T08:44:02.966+05:30 level=INFO msg=request method=GET path=/api/v1/outlets/144348/performance status=429 duration_ms=0 request_id=a9cf895c-8797-472e-8016-71ddc9062e39
time=2026-05-04T08:44:02.966+05:30 level=INFO msg=request method=GET path=/api/v1/outlets/149412/performance status=429 duration_ms=0 request_id=678f895f-29cf-4037-99ac-6b84062f2d25
time=2026-05-04T08:44:02.966+05:30 level=INFO msg=request method=GET path=/api/v1/outlets/119456/performance status=429 duration_ms=0 request_id=7a858f92-93ba-4eeb-8bcf-721e55db74b1
time=2026-05-04T08:44:02.966+05:30 level=INFO msg=request method=GET path=/api/v1/outlets/112451/performance status=429 duration_ms=0 request_id=fa893c0a-0ab2-492b-b76d-95bf05edcc7f
time=2026-05-04T08:44:03.204+05:30 level=INFO msg=request method=POST path=/api/v1/auth/login status=429 duration_ms=0 request_id=5726f9e6-a991-4ae2-ab6d-0bf08c03ae33
time=2026-05-04T08:44:05.279+05:30 level=INFO msg=request method=POST path=/api/v1/auth/login status=200 duration_ms=68 request_id=1367324d-eafd-4358-a75e-818fb3ba2b8b
time=2026-05-04T08:44:05.294+05:30 level=INFO msg=request method=GET path=/api/v1/territory/outlets status=200 duration_ms=13 request_id=a4a010ef-196d-40ef-9f00-b8151f7e8ef4
time=2026-05-04T08:44:05.302+05:30 level=INFO msg=request method=GET path=/api/v1/outlets/112386/performance status=200 duration_ms=1 request_id=28b81299-6d39-4478-90f5-4ef416c10d5d
time=2026-05-04T08:44:05.310+05:30 level=INFO msg=request method=GET path=/api/v1/outlets/112390/performance status=429 duration_ms=0 request_id=90c9de93-6653-47e4-b803-6235ac3a284c
time=2026-05-04T08:44:05.310+05:30 level=INFO msg=request method=GET path=/api/v1/outlets/200922/performance status=429 duration_ms=0 request_id=74d34224-bb1a-42be-a970-74e6dc755875
time=2026-05-04T08:44:05.310+05:30 level=INFO msg=request method=GET path=/api/v1/outlets/144329/performance status=429 duration_ms=0 request_id=fb7510ed-ba0b-44cf-b4cc-f62460b39eb7
time=2026-05-04T08:44:05.310+05:30 level=INFO msg=request method=GET path=/api/v1/outlets/115901/performance status=429 duration_ms=0 request_id=2c7a2348-8823-47ae-9cb3-38d04d0a19d9
time=2026-05-04T08:44:05.310+05:30 level=INFO msg=request method=GET path=/api/v1/outlets/117567/performance status=429 duration_ms=0 request_id=9525a6dc-3c00-4ac0-be68-c2bfb6f590b3
time=2026-05-04T08:44:05.310+05:30 level=INFO msg=request method=GET path=/api/v1/outlets/112414/performance status=429 duration_ms=0 request_id=94c36398-5825-4b95-93a0-6ea760923c1a
time=2026-05-04T08:44:05.311+05:30 level=INFO msg=request method=GET path=/api/v1/outlets/112417/performance status=429 duration_ms=0 request_id=e8c32e60-af12-4c02-b59e-872f91cc3f99
time=2026-05-04T08:44:05.311+05:30 level=INFO msg=request method=GET path=/api/v1/outlets/112431/performance status=429 duration_ms=0 request_id=c4e5761d-f95f-4ffe-bd13-b31fbf4f13c6
time=2026-05-04T08:44:05.311+05:30 level=INFO msg=request method=GET path=/api/v1/outlets/109678/performance status=429 duration_ms=0 request_id=f38fed51-8975-4ac8-a089-bf0c29bc7e7a
time=2026-05-04T08:44:05.311+05:30 level=INFO msg=request method=GET path=/api/v1/outlets/112847/performance status=429 duration_ms=0 request_id=404a53c8-3fce-427d-b78d-28c14962eca6
time=2026-05-04T08:44:05.311+05:30 level=INFO msg=request method=GET path=/api/v1/outlets/127090/performance status=429 duration_ms=0 request_id=711028dc-0532-4cf2-a658-df8588b83f0f
time=2026-05-04T08:44:05.311+05:30 level=INFO msg=request method=GET path=/api/v1/outlets/112438/performance status=429 duration_ms=0 request_id=4a8cfc25-93d5-406c-891c-2e3eb0d2f33c
time=2026-05-04T08:44:05.311+05:30 level=INFO msg=request method=GET path=/api/v1/outlets/111234/performance status=429 duration_ms=0 request_id=f15341ed-cc3a-48ac-8d6d-1c5d4ca3b2e0
time=2026-05-04T08:44:05.311+05:30 level=INFO msg=request method=GET path=/api/v1/outlets/112448/performance status=429 duration_ms=0 request_id=34f15b1c-9e28-47a6-9743-9400245bc4e0
time=2026-05-04T08:44:05.311+05:30 level=INFO msg=request method=GET path=/api/v1/outlets/112450/performance status=429 duration_ms=0 request_id=59dcd445-4cb5-413d-bf2d-094654863676
time=2026-05-04T08:44:05.311+05:30 level=INFO msg=request method=GET path=/api/v1/outlets/112456/performance status=429 duration_ms=0 request_id=57e8079a-cf40-40c0-9d07-111b8c28b191
time=2026-05-04T08:44:05.311+05:30 level=INFO msg=request method=GET path=/api/v1/outlets/110234/performance status=429 duration_ms=0 request_id=f4025021-5e19-469c-ac87-aceb13aa5b36
time=2026-05-04T08:44:05.311+05:30 level=INFO msg=request method=GET path=/api/v1/outlets/244099/performance status=429 duration_ms=0 request_id=10ad674b-8f0d-48e5-877c-6567247314b4
time=2026-05-04T08:44:05.311+05:30 level=INFO msg=request method=GET path=/api/v1/outlets/112458/performance status=429 duration_ms=0 request_id=9ea8424b-6e62-4966-826a-7622665a680b
time=2026-05-04T08:44:05.311+05:30 level=INFO msg=request method=GET path=/api/v1/outlets/129151/performance status=429 duration_ms=0 request_id=00ee28da-24fd-47cc-9718-23bce23c90a4
time=2026-05-04T08:44:05.311+05:30 level=INFO msg=request method=GET path=/api/v1/outlets/131712/performance status=429 duration_ms=0 request_id=a90d72d3-e9f7-4d5c-87b3-c9231fccf5f6
time=2026-05-04T08:44:05.311+05:30 level=INFO msg=request method=GET path=/api/v1/outlets/113234/performance status=429 duration_ms=0 request_id=cd99e4f9-eb26-458e-8e9d-399bcf8b453a
time=2026-05-04T08:44:05.311+05:30 level=INFO msg=request method=GET path=/api/v1/outlets/250828/performance status=429 duration_ms=0 request_id=dec1b4ab-d12e-4c7f-a4d2-83462f79eb48
time=2026-05-04T08:44:05.311+05:30 level=INFO msg=request method=GET path=/api/v1/outlets/113456/performance status=429 duration_ms=0 request_id=662261a5-3442-49c0-9da4-52500706ac64
time=2026-05-04T08:44:05.311+05:30 level=INFO msg=request method=GET path=/api/v1/outlets/111456/performance status=429 duration_ms=0 request_id=07bb58fc-cc7b-4b76-a624-eb9381d67625
time=2026-05-04T08:44:05.311+05:30 level=INFO msg=request method=GET path=/api/v1/outlets/112012/performance status=429 duration_ms=0 request_id=3485a9a6-652c-43ab-9e02-555010dd1d18
time=2026-05-04T08:44:05.311+05:30 level=INFO msg=request method=GET path=/api/v1/outlets/119876/performance status=429 duration_ms=0 request_id=25c41bb2-e9b8-4467-ac6f-ace3e03cbdae
time=2026-05-04T08:44:05.311+05:30 level=INFO msg=request method=GET path=/api/v1/outlets/113890/performance status=429 duration_ms=0 request_id=379ee157-9fac-4068-9648-01e80e1728ef
time=2026-05-04T08:44:05.311+05:30 level=INFO msg=request method=GET path=/api/v1/outlets/118345/performance status=429 duration_ms=0 request_id=5994c140-d167-4244-99f6-666a5adf4edf
time=2026-05-04T08:44:05.311+05:30 level=INFO msg=request method=GET path=/api/v1/outlets/112441/performance status=429 duration_ms=0 request_id=61e923e6-a70d-421a-b2e4-8405196605ef
time=2026-05-04T08:44:05.311+05:30 level=INFO msg=request method=GET path=/api/v1/outlets/112457/performance status=429 duration_ms=0 request_id=d363d078-f57d-445a-939a-06ba80030ccd
time=2026-05-04T08:44:05.311+05:30 level=INFO msg=request method=GET path=/api/v1/outlets/107634/performance status=429 duration_ms=0 request_id=012d9e18-0acf-44c0-8653-0dc462de5099
time=2026-05-04T08:44:05.311+05:30 level=INFO msg=request method=GET path=/api/v1/outlets/112460/performance status=429 duration_ms=0 request_id=b6d31820-a7b4-40c5-848c-37c89c6322a0
time=2026-05-04T08:44:05.311+05:30 level=INFO msg=request method=GET path=/api/v1/outlets/112462/performance status=429 duration_ms=0 request_id=5c82e485-1000-4008-9cbc-f58c68c1ef4d
time=2026-05-04T08:44:05.311+05:30 level=INFO msg=request method=GET path=/api/v1/outlets/236924/performance status=429 duration_ms=0 request_id=4e84ecc0-096e-4ac8-9c74-f6f0fcece7f9
time=2026-05-04T08:44:05.311+05:30 level=INFO msg=request method=GET path=/api/v1/outlets/112383/performance status=429 duration_ms=0 request_id=53a88c4e-9c94-486f-a4b1-9f168d796267
time=2026-05-04T08:44:05.311+05:30 level=INFO msg=request method=GET path=/api/v1/outlets/112387/performance status=429 duration_ms=0 request_id=9ebf1b8d-8873-4c03-bc6b-3ddd516ce56e
time=2026-05-04T08:44:05.311+05:30 level=INFO msg=request method=GET path=/api/v1/outlets/255872/performance status=200 duration_ms=1 request_id=ecce1183-5bd0-40cd-9615-48821253b928
time=2026-05-04T08:44:05.311+05:30 level=INFO msg=request method=GET path=/api/v1/outlets/112392/performance status=429 duration_ms=0 request_id=781099c3-92a2-455e-a417-adcfe4b8a2bd
time=2026-05-04T08:44:05.311+05:30 level=INFO msg=request method=GET path=/api/v1/outlets/156837/performance status=429 duration_ms=0 request_id=55e073e2-a8e2-4c57-8d6f-e60231220759
time=2026-05-04T08:44:05.311+05:30 level=INFO msg=request method=GET path=/api/v1/outlets/112393/performance status=429 duration_ms=0 request_id=d0791f1e-d09d-4e20-b171-ac2f2e4b059b
time=2026-05-04T08:44:05.311+05:30 level=INFO msg=request method=GET path=/api/v1/outlets/112391/performance status=429 duration_ms=0 request_id=24ab9050-44d6-48ce-88eb-26890c124505
time=2026-05-04T08:44:05.311+05:30 level=INFO msg=request method=GET path=/api/v1/outlets/112398/performance status=429 duration_ms=0 request_id=44bba4da-5960-4076-8830-b9446f195132
time=2026-05-04T08:44:05.311+05:30 level=INFO msg=request method=GET path=/api/v1/outlets/112401/performance status=429 duration_ms=0 request_id=6805fe9a-9bb2-4ad0-99b2-a5ca401e5bb7
time=2026-05-04T08:44:05.311+05:30 level=INFO msg=request method=GET path=/api/v1/outlets/112345/performance status=429 duration_ms=0 request_id=25684bee-9e3c-4b29-bb04-76bd122d5d82
time=2026-05-04T08:44:05.311+05:30 level=INFO msg=request method=GET path=/api/v1/outlets/112397/performance status=429 duration_ms=0 request_id=06ef99dc-9210-4bbc-90b3-a237dfbadc09
time=2026-05-04T08:44:05.311+05:30 level=INFO msg=request method=GET path=/api/v1/outlets/157172/performance status=429 duration_ms=0 request_id=560feec9-001f-4959-9a21-bb7d4a55f5bc
time=2026-05-04T08:44:05.311+05:30 level=INFO msg=request method=GET path=/api/v1/outlets/112429/performance status=429 duration_ms=0 request_id=a9fa74a1-7d98-421f-a604-e8b152073065
time=2026-05-04T08:44:05.311+05:30 level=INFO msg=request method=GET path=/api/v1/outlets/112434/performance status=429 duration_ms=0 request_id=b836a5b4-1234-4132-ab46-277f88f24799
time=2026-05-04T08:44:05.311+05:30 level=INFO msg=request method=GET path=/api/v1/outlets/112444/performance status=429 duration_ms=0 request_id=0f19aa2a-387c-4392-b741-739049d59df4
time=2026-05-04T08:44:05.312+05:30 level=INFO msg=request method=GET path=/api/v1/outlets/112436/performance status=429 duration_ms=0 request_id=31bad07c-aca7-4997-bf58-c1264556f63a
time=2026-05-04T08:44:05.312+05:30 level=INFO msg=request method=GET path=/api/v1/outlets/108923/performance status=429 duration_ms=0 request_id=17c86969-ba29-439e-8ef5-99ee6a6632fb
time=2026-05-04T08:44:05.312+05:30 level=INFO msg=request method=GET path=/api/v1/outlets/112445/performance status=429 duration_ms=0 request_id=fc914076-2444-4053-960e-338d02c62d25
time=2026-05-04T08:44:05.312+05:30 level=INFO msg=request method=GET path=/api/v1/outlets/112789/performance status=429 duration_ms=0 request_id=56521b44-05f5-4f95-8207-e603d93d7367
time=2026-05-04T08:44:05.312+05:30 level=INFO msg=request method=GET path=/api/v1/outlets/112454/performance status=429 duration_ms=0 request_id=2687a9d3-955f-412f-9e18-82ddb002b993
time=2026-05-04T08:44:05.312+05:30 level=INFO msg=request method=GET path=/api/v1/outlets/112453/performance status=429 duration_ms=0 request_id=790b6c50-6197-4fa9-85ab-357b70781b44
time=2026-05-04T08:44:05.312+05:30 level=INFO msg=request method=GET path=/api/v1/outlets/114234/performance status=429 duration_ms=0 request_id=f52ff310-aecb-4bfe-9226-2e86238251c7
time=2026-05-04T08:44:05.312+05:30 level=INFO msg=request method=GET path=/api/v1/outlets/151186/performance status=429 duration_ms=0 request_id=fe9d0514-8403-4eb4-aadc-fd5d69f7478f
time=2026-05-04T08:44:05.312+05:30 level=INFO msg=request method=GET path=/api/v1/outlets/198868/performance status=429 duration_ms=0 request_id=9342ab86-6b46-464f-b8ea-51ca7cfddb8d
time=2026-05-04T08:44:05.312+05:30 level=INFO msg=request method=GET path=/api/v1/outlets/118012/performance status=429 duration_ms=0 request_id=0bbd2ce8-0c86-4ae5-90bf-121cbc407135
time=2026-05-04T08:44:05.312+05:30 level=INFO msg=request method=GET path=/api/v1/outlets/118567/performance status=429 duration_ms=0 request_id=556e5718-75ba-48ce-a06e-81b81fbfa831
time=2026-05-04T08:44:05.312+05:30 level=INFO msg=request method=GET path=/api/v1/outlets/109251/performance status=429 duration_ms=0 request_id=fc8c10a9-3388-454e-9982-1e5f2676dfcd
time=2026-05-04T08:44:05.312+05:30 level=INFO msg=request method=GET path=/api/v1/outlets/112402/performance status=429 duration_ms=0 request_id=813bef1c-f817-4761-a564-8ff5c9a60677
time=2026-05-04T08:44:05.312+05:30 level=INFO msg=request method=GET path=/api/v1/outlets/168006/performance status=429 duration_ms=0 request_id=339bdebd-75ce-4066-94f4-4ebe2bf4870b
time=2026-05-04T08:44:05.312+05:30 level=INFO msg=request method=GET path=/api/v1/outlets/112407/performance status=429 duration_ms=0 request_id=91112527-146f-4824-8f9a-c689235d9128
time=2026-05-04T08:44:05.312+05:30 level=INFO msg=request method=GET path=/api/v1/outlets/148413/performance status=429 duration_ms=0 request_id=8e6855d0-d688-4f11-8c53-08bbf7338d21
time=2026-05-04T08:44:05.313+05:30 level=INFO msg=request method=GET path=/api/v1/outlets/108765/performance status=429 duration_ms=0 request_id=36314188-b211-4dba-9db1-4f06fc4ead16
time=2026-05-04T08:44:05.313+05:30 level=INFO msg=request method=GET path=/api/v1/outlets/112415/performance status=429 duration_ms=0 request_id=7d5e0e10-5167-491a-a5a9-68b0711ec7fa
time=2026-05-04T08:44:05.313+05:30 level=INFO msg=request method=GET path=/api/v1/outlets/118901/performance status=429 duration_ms=0 request_id=b7c6ba25-20ca-45e7-b2ad-96b8fa7f8f00
time=2026-05-04T08:44:05.313+05:30 level=INFO msg=request method=GET path=/api/v1/outlets/198751/performance status=429 duration_ms=0 request_id=d4a6d568-c7a7-4fbc-84aa-f7e86cd32957
time=2026-05-04T08:44:05.313+05:30 level=INFO msg=request method=GET path=/api/v1/outlets/117890/performance status=429 duration_ms=0 request_id=481417ea-8483-4944-a346-0da55a71344e
time=2026-05-04T08:44:05.313+05:30 level=INFO msg=request method=GET path=/api/v1/outlets/112420/performance status=429 duration_ms=0 request_id=39f598f6-f697-458a-bc62-4f9a47ccd789
time=2026-05-04T08:44:05.313+05:30 level=INFO msg=request method=GET path=/api/v1/outlets/112446/performance status=429 duration_ms=0 request_id=53ffa4e6-8974-42a9-a71d-4988598f1130
time=2026-05-04T08:44:05.313+05:30 level=INFO msg=request method=GET path=/api/v1/outlets/136152/performance status=429 duration_ms=0 request_id=129a0e59-33d9-426e-b003-a67afd4a92ff
time=2026-05-04T08:44:05.313+05:30 level=INFO msg=request method=GET path=/api/v1/outlets/128472/performance status=429 duration_ms=0 request_id=f6c37a25-10bd-4077-bc02-8e5d2aaf6584
time=2026-05-04T08:44:05.313+05:30 level=INFO msg=request method=GET path=/api/v1/outlets/112384/performance status=429 duration_ms=0 request_id=ace1155c-c4cc-475f-a676-f14f655102c8
time=2026-05-04T08:44:05.317+05:30 level=INFO msg=request method=GET path=/api/v1/outlets/112389/performance status=429 duration_ms=0 request_id=6ef9c462-b06f-407e-adac-2ddebc28885c
time=2026-05-04T08:44:05.317+05:30 level=INFO msg=request method=GET path=/api/v1/outlets/112385/performance status=429 duration_ms=0 request_id=0bc76d10-52fc-491e-bb4b-071a1009c41c
time=2026-05-04T08:44:05.317+05:30 level=INFO msg=request method=GET path=/api/v1/outlets/112395/performance status=429 duration_ms=0 request_id=6620c040-67c3-4971-b1cf-61216ba27151
time=2026-05-04T08:44:05.317+05:30 level=INFO msg=request method=GET path=/api/v1/outlets/115634/performance status=429 duration_ms=0 request_id=694b2489-d8d3-4840-aed7-9bab0a7c0177
time=2026-05-04T08:44:05.317+05:30 level=INFO msg=request method=GET path=/api/v1/outlets/116456/performance status=429 duration_ms=0 request_id=860cd8a1-d160-4167-af57-eb72d443e023
time=2026-05-04T08:44:05.317+05:30 level=INFO msg=request method=GET path=/api/v1/outlets/149238/performance status=429 duration_ms=0 request_id=03103421-a90a-47ea-9cba-c8a628cce07c
time=2026-05-04T08:44:05.317+05:30 level=INFO msg=request method=GET path=/api/v1/outlets/123784/performance status=429 duration_ms=0 request_id=45914745-20ca-4a7a-99ae-06965d1bca08
time=2026-05-04T08:44:05.317+05:30 level=INFO msg=request method=GET path=/api/v1/outlets/112403/performance status=429 duration_ms=0 request_id=d31428d0-f8cc-460b-a8b1-6ebaec8794c2
time=2026-05-04T08:44:05.317+05:30 level=INFO msg=request method=GET path=/api/v1/outlets/147286/performance status=429 duration_ms=0 request_id=e01a17ab-3240-40e8-8464-84a860230b8f
time=2026-05-04T08:44:05.317+05:30 level=INFO msg=request method=GET path=/api/v1/outlets/112411/performance status=429 duration_ms=0 request_id=84cda183-9355-4968-91f2-45ee9a547546
time=2026-05-04T08:44:05.317+05:30 level=INFO msg=request method=GET path=/api/v1/outlets/112412/performance status=429 duration_ms=0 request_id=3752b3f9-8cec-4e4f-a78b-b9faa59d5448
time=2026-05-04T08:44:05.317+05:30 level=INFO msg=request method=GET path=/api/v1/outlets/119012/performance status=429 duration_ms=0 request_id=512fe93b-c46d-4013-aa07-96f1e0e24152
time=2026-05-04T08:44:05.317+05:30 level=INFO msg=request method=GET path=/api/v1/outlets/115789/performance status=429 duration_ms=0 request_id=8eae3a69-df17-434e-882e-260bb98f14d4
time=2026-05-04T08:44:05.317+05:30 level=INFO msg=request method=GET path=/api/v1/outlets/112416/performance status=429 duration_ms=0 request_id=df4ed12e-1b80-435c-bc31-0dabd387f0d0
time=2026-05-04T08:44:05.317+05:30 level=INFO msg=request method=GET path=/api/v1/outlets/167171/performance status=429 duration_ms=0 request_id=f6927baa-6208-424e-ba1d-f2790e815ac6
time=2026-05-04T08:44:05.317+05:30 level=INFO msg=request method=GET path=/api/v1/outlets/112419/performance status=429 duration_ms=0 request_id=28002046-c6e0-4c17-b75b-6dab9bdfe0a3
time=2026-05-04T08:44:05.317+05:30 level=INFO msg=request method=GET path=/api/v1/outlets/112422/performance status=429 duration_ms=0 request_id=9f407a9c-f4c1-47ea-ac2b-f2be71429f63
time=2026-05-04T08:44:05.317+05:30 level=INFO msg=request method=GET path=/api/v1/outlets/112418/performance status=429 duration_ms=0 request_id=7de9a636-1fc7-4a90-826a-8c342036d965
time=2026-05-04T08:44:05.317+05:30 level=INFO msg=request method=GET path=/api/v1/outlets/112424/performance status=429 duration_ms=0 request_id=60c2ee33-615d-4036-ad91-9c4111a578e6
time=2026-05-04T08:44:05.317+05:30 level=INFO msg=request method=GET path=/api/v1/outlets/112425/performance status=429 duration_ms=0 request_id=750a95b8-02eb-4c24-b6f3-97602db54709
time=2026-05-04T08:44:05.317+05:30 level=INFO msg=request method=GET path=/api/v1/outlets/115012/performance status=429 duration_ms=0 request_id=1114ec32-6ad2-43d4-be50-c4a1ef62cedf
time=2026-05-04T08:44:05.317+05:30 level=INFO msg=request method=GET path=/api/v1/outlets/112440/performance status=429 duration_ms=0 request_id=5f52a346-ac1d-4b44-b2fa-1c4b7c40e774
time=2026-05-04T08:44:05.317+05:30 level=INFO msg=request method=GET path=/api/v1/outlets/112428/performance status=429 duration_ms=0 request_id=9c103e0e-e479-4be0-a2bb-0298f3f24e0d
time=2026-05-04T08:44:05.317+05:30 level=INFO msg=request method=GET path=/api/v1/outlets/112437/performance status=429 duration_ms=0 request_id=1734f37a-f87f-4806-9fa1-007a52d4890d
time=2026-05-04T08:44:05.317+05:30 level=INFO msg=request method=GET path=/api/v1/outlets/114678/performance status=429 duration_ms=0 request_id=427c598a-9629-4e4f-9d16-c89acbe63991
time=2026-05-04T08:44:05.317+05:30 level=INFO msg=request method=GET path=/api/v1/outlets/112442/performance status=429 duration_ms=0 request_id=e372378b-9a0b-4ebf-b03b-5fe677808856
time=2026-05-04T08:44:05.318+05:30 level=INFO msg=request method=GET path=/api/v1/outlets/111789/performance status=429 duration_ms=0 request_id=9faeac03-ee14-43d1-8a7b-b7d06e1bf7b4
time=2026-05-04T08:44:05.318+05:30 level=INFO msg=request method=GET path=/api/v1/outlets/112443/performance status=429 duration_ms=0 request_id=049f7ceb-8a61-49c4-8f99-7879c3e0c98a
time=2026-05-04T08:44:05.318+05:30 level=INFO msg=request method=GET path=/api/v1/outlets/163708/performance status=429 duration_ms=0 request_id=34797095-8a70-433b-8fe4-c6ce2246edb2
time=2026-05-04T08:44:05.318+05:30 level=INFO msg=request method=GET path=/api/v1/outlets/112439/performance status=429 duration_ms=0 request_id=15e06880-26f5-4d56-85de-f95b34e3f4c9
time=2026-05-04T08:44:05.318+05:30 level=INFO msg=request method=GET path=/api/v1/outlets/114521/performance status=429 duration_ms=0 request_id=fd199b05-47fe-43b3-b1f6-b5f51b5aec51
time=2026-05-04T08:44:05.318+05:30 level=INFO msg=request method=GET path=/api/v1/outlets/112455/performance status=429 duration_ms=0 request_id=b44f2d4b-2013-468f-99f7-824f818908a4
time=2026-05-04T08:44:05.318+05:30 level=INFO msg=request method=GET path=/api/v1/outlets/117234/performance status=429 duration_ms=0 request_id=91fe1ae1-5923-4087-985a-44b056e2a7dc
time=2026-05-04T08:44:05.318+05:30 level=INFO msg=request method=GET path=/api/v1/outlets/112461/performance status=429 duration_ms=0 request_id=71ac1193-95e7-4724-8727-9317e2ae426b
time=2026-05-04T08:44:05.318+05:30 level=INFO msg=request method=GET path=/api/v1/outlets/112459/performance status=429 duration_ms=0 request_id=79c918cb-92c4-4996-8fae-1c4bbb9ad4ef
time=2026-05-04T08:44:05.318+05:30 level=INFO msg=request method=GET path=/api/v1/outlets/112404/performance status=429 duration_ms=0 request_id=63f03b90-b11b-448e-913c-8249d588ed66
time=2026-05-04T08:44:05.318+05:30 level=INFO msg=request method=GET path=/api/v1/outlets/112466/performance status=429 duration_ms=0 request_id=3a8c22e3-909a-466e-8380-d42211824246
time=2026-05-04T08:44:05.318+05:30 level=INFO msg=request method=GET path=/api/v1/outlets/110567/performance status=429 duration_ms=0 request_id=ddf2e839-2355-471d-a3b4-5907ae85da3e
time=2026-05-04T08:44:05.318+05:30 level=INFO msg=request method=GET path=/api/v1/outlets/112427/performance status=429 duration_ms=0 request_id=8c30221d-22ca-4299-8c1c-33dd87ef60cf
time=2026-05-04T08:44:05.318+05:30 level=INFO msg=request method=GET path=/api/v1/outlets/116890/performance status=429 duration_ms=0 request_id=0dba2f10-ae00-48f3-9b1e-7a176103e271
time=2026-05-04T08:44:05.318+05:30 level=INFO msg=request method=GET path=/api/v1/outlets/112435/performance status=429 duration_ms=0 request_id=d750a4e6-c55a-424a-9f77-0aa091e3c971
time=2026-05-04T08:44:05.318+05:30 level=INFO msg=request method=GET path=/api/v1/outlets/112410/performance status=429 duration_ms=0 request_id=273f5dc9-1e3b-458f-bdc9-03800c064dcf
time=2026-05-04T08:44:05.318+05:30 level=INFO msg=request method=GET path=/api/v1/outlets/256507/performance status=429 duration_ms=0 request_id=0559ab8c-5950-420a-901f-b374e8c464c1
time=2026-05-04T08:44:05.318+05:30 level=INFO msg=request method=GET path=/api/v1/outlets/112408/performance status=429 duration_ms=0 request_id=5f986f32-8e69-44fc-9ac0-03381e48a0bd
time=2026-05-04T08:44:05.318+05:30 level=INFO msg=request method=GET path=/api/v1/outlets/144348/performance status=429 duration_ms=0 request_id=aa702a9e-f965-43c3-a330-58f58303e289
time=2026-05-04T08:44:05.318+05:30 level=INFO msg=request method=GET path=/api/v1/outlets/113782/performance status=429 duration_ms=0 request_id=6c1724d3-5453-454f-9b37-97132f615988
time=2026-05-04T08:44:05.318+05:30 level=INFO msg=request method=GET path=/api/v1/outlets/116789/performance status=429 duration_ms=0 request_id=bdda617f-fad4-4ab6-a9da-ba2c1f4cf390
time=2026-05-04T08:44:05.318+05:30 level=INFO msg=request method=GET path=/api/v1/outlets/147087/performance status=429 duration_ms=0 request_id=a0b728ad-01d8-4b9f-8d75-6feb5d729725
time=2026-05-04T08:44:05.318+05:30 level=INFO msg=request method=GET path=/api/v1/outlets/119456/performance status=429 duration_ms=0 request_id=fa8eec4a-3e45-4520-b40b-b59363eb2c5d
time=2026-05-04T08:44:05.318+05:30 level=INFO msg=request method=GET path=/api/v1/outlets/112451/performance status=429 duration_ms=0 request_id=d21fcaaf-310a-4247-9005-975aa4ac90a6
time=2026-05-04T08:44:05.318+05:30 level=INFO msg=request method=GET path=/api/v1/outlets/149412/performance status=429 duration_ms=0 request_id=1a8ebedf-6665-436f-b3fd-3e18fa0e716f
time=2026-05-04T08:44:05.318+05:30 level=INFO msg=request method=GET path=/api/v1/outlets/146411/performance status=429 duration_ms=0 request_id=f4f8a0fd-5bff-43fc-8d31-420cfe7b7561
time=2026-05-04T08:44:05.318+05:30 level=INFO msg=request method=GET path=/api/v1/outlets/163741/performance status=429 duration_ms=0 request_id=80e1000f-1682-4d2e-a691-7b873dbf707b
time=2026-05-04T08:44:05.318+05:30 level=INFO msg=request method=GET path=/api/v1/outlets/116123/performance status=429 duration_ms=0 request_id=14ff0bba-1ad7-4050-bc53-f1eaf071e788
time=2026-05-04T08:44:05.540+05:30 level=INFO msg=request method=POST path=/api/v1/auth/login status=429 duration_ms=0 request_id=954fad96-faa6-4b50-a471-fde1186a1f6d
time=2026-05-04T08:44:07.619+05:30 level=INFO msg=request method=POST path=/api/v1/auth/login status=200 duration_ms=73 request_id=3696301e-cd5f-4779-8050-4a0bd0165dc0
time=2026-05-04T08:44:07.626+05:30 level=INFO msg=request method=GET path=/api/v1/territory/outlets status=200 duration_ms=5 request_id=fdf1f1e4-5f1c-45ff-b5fa-556d6265fff5
time=2026-05-04T08:44:07.635+05:30 level=INFO msg=request method=GET path=/api/v1/outlets/112386/performance status=200 duration_ms=1 request_id=ca0092b6-a37a-4ba9-bbad-df8acb2733ff
time=2026-05-04T08:44:07.910+05:30 level=INFO msg=request method=POST path=/api/v1/auth/login status=200 duration_ms=49 request_id=982438f6-943b-4a40-8f09-59a4140e4843
time=2026-05-04T08:44:07.913+05:30 level=INFO msg=request method=GET path=/api/v1/territory/outlets status=429 duration_ms=0 request_id=7d9f3eb3-07f6-4a37-970a-dda04df4a492
time=2026-05-04T08:44:07.923+05:30 level=INFO msg=request method=GET path=/api/v1/competition/leaderboard status=429 duration_ms=0 request_id=c94a014f-a6a6-4a3e-8279-f00245cd0af2
time=2026-05-04T08:44:08.155+05:30 level=INFO msg=request method=POST path=/api/v1/auth/login status=429 duration_ms=0 request_id=039c9fc7-cc09-46d7-b78f-af2a58b972f6
time=2026-05-04T08:44:10.235+05:30 level=INFO msg=request method=POST path=/api/v1/auth/login status=200 duration_ms=73 request_id=f30485e6-03c5-43a9-baa4-d524f4cda97f
time=2026-05-04T08:44:10.242+05:30 level=INFO msg=request method=GET path=/api/v1/territory/outlets status=200 duration_ms=5 request_id=00bb3a61-05b9-4546-9d47-82ce33825d0e
time=2026-05-04T08:44:10.254+05:30 level=INFO msg=request method=GET path=/api/v1/competition/leaderboard status=200 duration_ms=4 request_id=0f0f417b-a19e-4cde-811e-7ad9af38b4fb
time=2026-05-04T08:44:10.528+05:30 level=INFO msg=request method=POST path=/api/v1/auth/login status=200 duration_ms=47 request_id=e71724bd-2d82-493c-b28e-c8d8d6196b84
time=2026-05-04T08:44:10.536+05:30 level=INFO msg=request method=POST path=/api/v1/auth/login status=429 duration_ms=0 request_id=a4b776db-fc74-491c-b200-8dc97b91e770
time=2026-05-04T08:44:10.826+05:30 level=INFO msg=request method=POST path=/api/v1/auth/login status=200 duration_ms=49 request_id=349d254e-805f-49e0-9db9-bb008760b16e
time=2026-05-04T08:44:10.835+05:30 level=INFO msg=request method=POST path=/api/v1/auth/login status=429 duration_ms=0 request_id=7228776d-0779-45c6-8717-8f41eb0537d5
time=2026-05-04T08:44:11.076+05:30 level=INFO msg=request method=POST path=/api/v1/auth/login status=429 duration_ms=0 request_id=4baed653-adc9-4faa-af25-46bbd0bfb8f0
time=2026-05-04T08:44:13.163+05:30 level=INFO msg=request method=POST path=/api/v1/auth/login status=200 duration_ms=79 request_id=08949f3f-935e-4d7e-8217-61b7e73594b3
time=2026-05-04T08:44:13.220+05:30 level=INFO msg=request method=POST path=/api/v1/auth/login status=401 duration_ms=47 request_id=3d671064-7976-459c-a665-4f119c0ea243
time=2026-05-04T08:44:13.226+05:30 level=INFO msg=request method=GET path=/api/v1/auth/me status=200 duration_ms=0 request_id=f0823289-a795-44b6-bfeb-4bfcc330b28b
time=2026-05-04T08:44:13.232+05:30 level=INFO msg=request method=GET path=/api/v1/auth/me status=401 duration_ms=0 request_id=bf173539-989f-4203-a876-bd5ef8bfb139
time=2026-05-04T08:44:13.237+05:30 level=INFO msg=request method=GET path=/api/v1/outlets/112847 status=429 duration_ms=0 request_id=eb5d8995-9c9e-4557-9ca5-45c3ecd293b9
time=2026-05-04T08:44:13.462+05:30 level=INFO msg=request method=POST path=/api/v1/auth/login status=429 duration_ms=0 request_id=95c6e379-8040-4cef-b363-30363f7a3345
time=2026-05-04T08:44:15.529+05:30 level=INFO msg=request method=POST path=/api/v1/auth/login status=200 duration_ms=61 request_id=57572d9c-8446-4bdf-a548-07b95ec3d043
time=2026-05-04T08:44:15.543+05:30 level=INFO msg=request method=GET path=/api/v1/outlets/112847 status=200 duration_ms=3 request_id=49833335-1c18-4bc3-a47f-d8f20800ab9f
time=2026-05-04T08:44:15.554+05:30 level=INFO msg=request method=GET path=/api/v1/outlets/999999 status=404 duration_ms=0 request_id=c84bc2dc-5d6d-4dcc-9ba8-5a54d135c7a0
time=2026-05-04T08:44:15.566+05:30 level=INFO msg=request method=GET path=/api/v1/outlets/112847/performance status=200 duration_ms=2 request_id=9994e710-eb88-46b3-85ad-2bb0adc3085b
time=2026-05-04T08:44:15.818+05:30 level=INFO msg=request method=POST path=/api/v1/auth/login status=429 duration_ms=0 request_id=888c3b0e-464a-462b-b196-a1756be1863d
time=2026-05-04T08:44:17.902+05:30 level=INFO msg=request method=POST path=/api/v1/auth/login status=200 duration_ms=77 request_id=477a0410-489d-4d60-b3e1-b4778da624b5
time=2026-05-04T08:44:17.913+05:30 level=INFO msg=request method=GET path=/api/v1/outlets/112847/performance status=200 duration_ms=1 request_id=bb473bb6-cf52-448a-9e6e-96e641f1279a
time=2026-05-04T08:44:18.190+05:30 level=INFO msg=request method=POST path=/api/v1/auth/login status=200 duration_ms=48 request_id=fdb7fcb1-b999-47ca-9b8d-d0f44c630812
time=2026-05-04T08:44:18.201+05:30 level=INFO msg=request method=GET path=/api/v1/outlets/112847/performance status=200 duration_ms=2 request_id=4c29da65-f6f9-4e5b-950c-07a3a8129f55
time=2026-05-04T08:44:18.443+05:30 level=INFO msg=request method=POST path=/api/v1/auth/login status=429 duration_ms=0 request_id=c1b8ed82-313c-4150-b4fb-2f120f663ee1
time=2026-05-04T08:44:20.526+05:30 level=INFO msg=request method=POST path=/api/v1/auth/login status=200 duration_ms=73 request_id=319f122d-4486-402b-aaf4-df37f890d23c
time=2026-05-04T08:44:20.536+05:30 level=INFO msg=request method=GET path=/api/v1/outlets/112847/performance status=200 duration_ms=2 request_id=fcfcf988-0ab3-4aa9-b600-0ec0ba335577
time=2026-05-04T08:44:20.814+05:30 level=INFO msg=request method=POST path=/api/v1/auth/login status=200 duration_ms=48 request_id=2a962def-6edc-41e4-8583-7eaa83a61540
time=2026-05-04T08:44:20.825+05:30 level=INFO msg=request method=GET path=/api/v1/outlets/112847/performance status=200 duration_ms=2 request_id=ef23e659-a2d8-4599-b5fc-bb9e0874c4c3
time=2026-05-04T08:44:21.111+05:30 level=INFO msg=request method=POST path=/api/v1/auth/login status=200 duration_ms=47 request_id=94e3ddfc-3366-4e37-9896-5d67c14f23fe
time=2026-05-04T08:44:21.119+05:30 level=INFO msg=request method=GET path=/api/v1/outlets/112847/performance status=429 duration_ms=0 request_id=9e3dd1da-68dd-4c6f-8d66-48f3fa5ab3a5
time=2026-05-04T08:44:21.369+05:30 level=INFO msg=request method=POST path=/api/v1/auth/login status=429 duration_ms=0 request_id=f7ca8d61-9605-407f-a67d-2e826d44ea74
time=2026-05-04T08:44:23.454+05:30 level=INFO msg=request method=POST path=/api/v1/auth/login status=200 duration_ms=78 request_id=d3c02e61-8e84-44de-9a5b-9a61579989f8
time=2026-05-04T08:44:23.464+05:30 level=INFO msg=request method=GET path=/api/v1/outlets/112847/performance status=200 duration_ms=2 request_id=8357cc9e-fa91-45c1-b10b-56dc2e92a217
time=2026-05-04T08:44:23.742+05:30 level=INFO msg=request method=POST path=/api/v1/auth/login status=200 duration_ms=48 request_id=97193490-81fc-4b0a-944c-e0fd638648e5
time=2026-05-04T08:44:23.752+05:30 level=INFO msg=request method=GET path=/api/v1/outlets/112847/performance status=200 duration_ms=1 request_id=60326b9d-f7d8-4345-a6be-5a8a38a27972
time=2026-05-04T08:44:24.037+05:30 level=INFO msg=request method=POST path=/api/v1/auth/login status=200 duration_ms=48 request_id=b0cfd3c2-8798-4e54-a3eb-66a8fcb8b583
time=2026-05-04T08:44:24.045+05:30 level=INFO msg=request method=GET path=/api/v1/outlets/112847/analysis status=429 duration_ms=0 request_id=52d2e8ad-e3e7-4938-89b0-74f770edee2b
time=2026-05-04T08:44:24.282+05:30 level=INFO msg=request method=POST path=/api/v1/auth/login status=429 duration_ms=0 request_id=c4c299c3-0e93-4703-a7f6-fd9f7bf55c94
time=2026-05-04T08:44:26.363+05:30 level=INFO msg=request method=POST path=/api/v1/auth/login status=200 duration_ms=73 request_id=6721d4b1-f05f-460a-9ef5-0547fc1e161f
time=2026-05-04T08:44:26.375+05:30 level=INFO msg=request method=GET path=/api/v1/outlets/112847/analysis status=200 duration_ms=3 request_id=236f8166-fb6a-4346-b7e4-6894de3f6d25
time=2026-05-04T08:44:26.384+05:30 level=INFO msg=request method=GET path=/api/v1/outlets/112847/trend status=200 duration_ms=2 request_id=87193835-8edc-4d84-8526-6497f5341af7
time=2026-05-04T08:44:26.657+05:30 level=INFO msg=request method=POST path=/api/v1/auth/login status=200 duration_ms=47 request_id=2462a94a-eea3-4e22-9c50-82b69ec0d577
time=2026-05-04T08:44:26.665+05:30 level=INFO msg=request method=GET path=/api/v1/outlets/112847/trend status=429 duration_ms=0 request_id=2d138562-e3aa-40e4-814b-3c05ba97cd83
time=2026-05-04T08:44:26.952+05:30 level=INFO msg=request method=POST path=/api/v1/auth/login status=200 duration_ms=48 request_id=a8518cd1-3044-4204-ac3a-a71cc937fbc8
time=2026-05-04T08:44:26.960+05:30 level=INFO msg=request method=GET path=/api/v1/outlets/112847/targets status=429 duration_ms=0 request_id=c0bc905c-d3a2-47f8-b3a9-6fee2b1ed584
time=2026-05-04T08:44:27.198+05:30 level=INFO msg=request method=POST path=/api/v1/auth/login status=429 duration_ms=0 request_id=b5c1da55-6386-4f5a-8b1b-30db3ff81a5a
time=2026-05-04T08:44:29.284+05:30 level=INFO msg=request method=POST path=/api/v1/auth/login status=200 duration_ms=79 request_id=55bdc015-3f4c-4817-88ac-a1d7fd3501cf
time=2026-05-04T08:44:29.294+05:30 level=INFO msg=request method=GET path=/api/v1/outlets/112847/targets status=200 duration_ms=1 request_id=2ab5a937-f5b4-44a0-8ff8-c78d59b741f0
time=2026-05-04T08:44:29.350+05:30 level=INFO msg=request method=POST path=/api/v1/auth/login status=200 duration_ms=49 request_id=5d749fd5-c36e-46b9-873a-984ea3c3113a
time=2026-05-04T08:44:29.351+05:30 level=INFO msg=request method=PUT path=/api/v1/outlets/112847/targets status=422 duration_ms=0 request_id=bb760a4f-b0fc-4461-95ac-a391f58a3eaf
time=2026-05-04T08:44:29.572+05:30 level=INFO msg=request method=POST path=/api/v1/auth/login status=429 duration_ms=0 request_id=c11deb7d-279a-45d9-a300-da0fe4ca53ad
time=2026-05-04T08:44:31.640+05:30 level=INFO msg=request method=POST path=/api/v1/auth/login status=200 duration_ms=61 request_id=72ed9195-1592-4355-b347-011662ac0539
time=2026-05-04T08:44:31.695+05:30 level=INFO msg=request method=POST path=/api/v1/auth/login status=200 duration_ms=47 request_id=c4b71c23-0761-4e41-a65d-9facc0e40067
time=2026-05-04T08:44:31.696+05:30 level=INFO msg=request method=PUT path=/api/v1/outlets/112847/targets status=422 duration_ms=0 request_id=ae2d726c-1b23-45b2-8890-56ec1c8cd679
time=2026-05-04T08:44:31.964+05:30 level=INFO msg=request method=POST path=/api/v1/auth/login status=200 duration_ms=48 request_id=8035af55-2286-4940-967e-d98f7f0e27ef
time=2026-05-04T08:44:31.973+05:30 level=INFO msg=request method=GET path=/api/v1/competition/leaderboard status=429 duration_ms=0 request_id=a15c4e22-0974-47ca-915f-cfc5ff377607
time=2026-05-04T08:44:32.208+05:30 level=INFO msg=request method=POST path=/api/v1/auth/login status=429 duration_ms=0 request_id=0ad6754e-b699-462b-be47-19a2d0385286
time=2026-05-04T08:44:34.291+05:30 level=INFO msg=request method=POST path=/api/v1/auth/login status=200 duration_ms=75 request_id=78500f25-1ada-44d8-961c-2ca5b972c94f
time=2026-05-04T08:44:34.303+05:30 level=INFO msg=request method=GET path=/api/v1/competition/leaderboard status=200 duration_ms=3 request_id=a7755196-8a1c-4cb1-b8ae-d4f67ae99f86
time=2026-05-04T08:44:34.313+05:30 level=INFO msg=request method=GET path=/api/v1/competition/leaderboard status=200 duration_ms=3 request_id=b2c803d1-3888-485d-8c79-bb3389e9e6bd
time=2026-05-04T08:44:34.325+05:30 level=INFO msg=request method=GET path=/api/v1/competition/leaderboard status=200 duration_ms=3 request_id=2c48d56f-5c49-41b5-99fd-30ef3a803aa7
time=2026-05-04T08:44:34.331+05:30 level=INFO msg=request method=POST path=/api/v1/auth/login status=429 duration_ms=0 request_id=1cd34fef-3b56-465b-a088-55cf98382b79
time=2026-05-04T08:44:36.412+05:30 level=INFO msg=request method=POST path=/api/v1/auth/login status=200 duration_ms=75 request_id=956aa075-9910-4b27-9894-3fe602c322a6
time=2026-05-04T08:44:36.415+05:30 level=INFO msg=request method=GET path=/api/v1/territory/outlets status=200 duration_ms=2 request_id=7b70c8da-6239-4450-b8b7-f8c325a94f3c
time=2026-05-04T08:44:36.471+05:30 level=INFO msg=request method=POST path=/api/v1/auth/login status=200 duration_ms=49 request_id=8e629a1f-343d-4498-9328-112cea7a502c
time=2026-05-04T08:44:36.472+05:30 level=INFO msg=request method=GET path=/api/v1/territory/outlets status=403 duration_ms=0 request_id=1f26e1b5-1986-42bd-918a-1e498f810d2e
time=2026-05-04T08:44:36.477+05:30 level=INFO msg=request method=GET path=/api/v1/admin/users status=429 duration_ms=0 request_id=c4e066e7-c63f-4514-a7c3-fec3c862d165
time=2026-05-04T08:44:36.696+05:30 level=INFO msg=request method=POST path=/api/v1/auth/login status=429 duration_ms=0 request_id=37ad0ab1-a78b-4a69-8169-2c5182a4c827
time=2026-05-04T08:44:38.777+05:30 level=INFO msg=request method=POST path=/api/v1/auth/login status=200 duration_ms=72 request_id=2e5fc0ee-66c4-4d08-ad13-6c4e6e85e06e
time=2026-05-04T08:44:38.788+05:30 level=INFO msg=request method=GET path=/api/v1/admin/users status=200 duration_ms=2 request_id=8cd5fb4c-a2de-476a-b6e2-f3f7ae327e1f
time=2026-05-04T08:44:39.063+05:30 level=INFO msg=request method=POST path=/api/v1/auth/login status=200 duration_ms=48 request_id=e1318935-2c1e-49e3-adc3-3c8e89a6aa0c
time=2026-05-04T08:44:39.120+05:30 level=INFO msg=request method=POST path=/api/v1/auth/login status=200 duration_ms=48 request_id=4c0d3bc2-7b46-446c-b62e-23a73c1d832e
time=2026-05-04T08:44:39.121+05:30 level=INFO msg=request method=GET path=/api/v1/admin/users status=429 duration_ms=0 request_id=be6c42d3-4678-4613-bd9d-cc178b1f6667
time=2026-05-04T08:44:39.356+05:30 level=INFO msg=request method=POST path=/api/v1/auth/login status=429 duration_ms=0 request_id=e92cf8b6-482b-4337-9f44-4623eb0146f6
time=2026-05-04T08:44:41.442+05:30 level=INFO msg=request method=POST path=/api/v1/auth/login status=200 duration_ms=78 request_id=b2f6dcdc-f859-4060-b084-6691ab4c197a
time=2026-05-04T08:44:41.500+05:30 level=INFO msg=request method=POST path=/api/v1/auth/login status=200 duration_ms=49 request_id=7d524a43-de51-4545-b3f1-c80a83f44775
time=2026-05-04T08:44:41.501+05:30 level=INFO msg=request method=GET path=/api/v1/admin/users status=403 duration_ms=0 request_id=0422cd54-1171-48b3-b049-2d2e0798a13d
time=2026-05-04T08:44:41.512+05:30 level=INFO msg=request method=GET path=/api/v1/competition/c0000000-0001-0001-0001-000000000001/market-share-status status=200 duration_ms=6 request_id=187255a8-6918-4943-b788-d6714f25acfc
time=2026-05-04T08:44:41.519+05:30 level=INFO msg=request method=GET path=/health status=429 duration_ms=0 request_id=2885b104-636b-4039-b01a-8620b1d11f00
time=2026-05-04T08:44:42.569+05:30 level=INFO msg=request method=OPTIONS path=/api/v1/auth/login status=204 duration_ms=0 request_id=b1daa590-4906-4d70-b882-8b0796e5f394
time=2026-05-04T08:44:42.623+05:30 level=INFO msg=request method=POST path=/api/v1/auth/login status=200 duration_ms=53 request_id=027bb116-a26f-4eed-a16e-439b72cdf92c
time=2026-05-04T08:44:46.381+05:30 level=INFO msg=request method=OPTIONS path=/api/v1/auth/login status=204 duration_ms=0 request_id=4ee83dfc-a8f3-47cc-8932-1653af13a840
time=2026-05-04T08:44:46.435+05:30 level=INFO msg=request method=POST path=/api/v1/auth/login status=401 duration_ms=53 request_id=8c6ed604-12fc-4f77-8656-056284779fae
time=2026-05-04T08:44:49.482+05:30 level=INFO msg=request method=OPTIONS path=/api/v1/auth/login status=204 duration_ms=0 request_id=1fe73e8d-6816-40a3-a1f7-a1bd5422cca4
time=2026-05-04T08:44:49.535+05:30 level=INFO msg=request method=POST path=/api/v1/auth/login status=401 duration_ms=52 request_id=3d011ca3-93a2-4cea-847f-8de33a37003b
time=2026-05-04T08:44:52.548+05:30 level=INFO msg=request method=OPTIONS path=/api/v1/auth/login status=204 duration_ms=0 request_id=18274eaa-7563-4beb-90d7-9f1b7a1543be
time=2026-05-04T08:44:52.601+05:30 level=INFO msg=request method=POST path=/api/v1/auth/login status=200 duration_ms=53 request_id=6300b0b0-66f0-4320-a028-d707bc0479a6
time=2026-05-04T08:44:56.364+05:30 level=INFO msg=request method=OPTIONS path=/api/v1/auth/login status=204 duration_ms=0 request_id=92d03fab-73f7-409e-ab3e-003bf1a12269
time=2026-05-04T08:44:56.420+05:30 level=INFO msg=request method=POST path=/api/v1/auth/login status=200 duration_ms=55 request_id=3de1c5ff-9541-4e7e-826e-e98f72911bd3
time=2026-05-04T08:45:02.531+05:30 level=INFO msg=request method=OPTIONS path=/api/v1/auth/login status=204 duration_ms=0 request_id=72d04635-fbbb-4638-b937-529238e43403
time=2026-05-04T08:45:02.587+05:30 level=INFO msg=request method=POST path=/api/v1/auth/login status=200 duration_ms=55 request_id=7f3964a2-ebbd-4238-a682-ddc8e0bf8ede
time=2026-05-04T08:45:07.989+05:30 level=INFO msg=request method=POST path=/api/v1/auth/login status=200 duration_ms=49 request_id=9ae42489-564d-404d-a9af-8361e50f46bf
time=2026-05-04T08:45:07.998+05:30 level=INFO msg=request method=GET path=/api/v1/competition/leaderboard status=200 duration_ms=5 request_id=ef85ae57-8eeb-4cf0-a639-aece0e9175f7
time=2026-05-04T08:45:08.008+05:30 level=INFO msg=request method=GET path=/api/v1/competition/leaderboard status=200 duration_ms=2 request_id=179d4583-79d6-4009-af8f-474b5b06a301
time=2026-05-04T08:45:08.781+05:30 level=INFO msg=request method=OPTIONS path=/api/v1/auth/login status=204 duration_ms=0 request_id=c059c317-fb87-4436-86b9-bae3f954e797
time=2026-05-04T08:45:08.834+05:30 level=INFO msg=request method=POST path=/api/v1/auth/login status=200 duration_ms=52 request_id=5c778b61-f236-48ab-ad01-a31c69fd8db3
time=2026-05-04T08:45:11.831+05:30 level=INFO msg=request method=OPTIONS path=/api/v1/outlets/112847 status=204 duration_ms=0 request_id=fcd3dea7-8dc9-4fcd-be46-e8c0c13899e9
time=2026-05-04T08:45:11.831+05:30 level=INFO msg=request method=OPTIONS path=/api/v1/outlets/112847/performance status=204 duration_ms=0 request_id=e827ec5f-287a-4ca1-a4ee-07796202d2bb
time=2026-05-04T08:45:11.833+05:30 level=INFO msg=request method=GET path=/api/v1/outlets/112847/performance status=200 duration_ms=1 request_id=b1eabb9b-c247-4297-9de4-77c7a5603c90
time=2026-05-04T08:45:11.834+05:30 level=INFO msg=request method=GET path=/api/v1/outlets/112847 status=200 duration_ms=2 request_id=9124d839-5e74-4951-b22a-cab36823738e
time=2026-05-04T08:45:11.845+05:30 level=INFO msg=request method=OPTIONS path=/api/v1/outlets/112847/targets status=204 duration_ms=0 request_id=31e4f6ea-4044-4306-9c26-e9f0e2e1a03c
time=2026-05-04T08:45:11.847+05:30 level=INFO msg=request method=GET path=/api/v1/outlets/112847/targets status=200 duration_ms=0 request_id=b691d976-c469-4408-94d9-fc8645fcc0bb
time=2026-05-04T08:45:11.848+05:30 level=INFO msg=request method=OPTIONS path=/api/v1/outlets/112847/analysis status=204 duration_ms=0 request_id=9a0735bc-c6bd-4a09-9039-6515f71b1a55
time=2026-05-04T08:45:11.848+05:30 level=INFO msg=request method=OPTIONS path=/api/v1/competition/leaderboard status=204 duration_ms=0 request_id=71a8da38-cb84-4c3e-8e0b-65eb81ce1647
time=2026-05-04T08:45:11.848+05:30 level=INFO msg=request method=OPTIONS path=/api/v1/competition/c0000000-0001-0001-0001-000000000001/market-share-status status=204 duration_ms=0 request_id=759dc1ec-419e-4cc5-9e87-4215a6978a1f
time=2026-05-04T08:45:11.850+05:30 level=INFO msg=request method=GET path=/api/v1/competition/leaderboard status=200 duration_ms=1 request_id=62047b3b-aef9-4b5c-8d12-0ff22d7f14a9
time=2026-05-04T08:45:11.850+05:30 level=INFO msg=request method=GET path=/api/v1/outlets/112847/analysis status=200 duration_ms=1 request_id=4bc012be-8e32-4113-ae79-1d45c4c71d97
time=2026-05-04T08:45:11.853+05:30 level=INFO msg=request method=GET path=/api/v1/competition/c0000000-0001-0001-0001-000000000001/market-share-status status=200 duration_ms=4 request_id=472156a2-6ece-4dcf-bb23-12cd69c49b83
time=2026-05-04T08:45:15.631+05:30 level=INFO msg=request method=OPTIONS path=/api/v1/auth/login status=204 duration_ms=0 request_id=3cf41542-4a86-4960-9b77-88bac1771a2d
time=2026-05-04T08:45:15.692+05:30 level=INFO msg=request method=POST path=/api/v1/auth/login status=200 duration_ms=60 request_id=d686e2d8-3907-4d14-91db-c0bb1407e59a
time=2026-05-04T08:45:18.681+05:30 level=INFO msg=request method=OPTIONS path=/api/v1/outlets/112847 status=204 duration_ms=0 request_id=00cfd0d3-0725-43ea-908d-978ae209ba09
time=2026-05-04T08:45:18.681+05:30 level=INFO msg=request method=OPTIONS path=/api/v1/outlets/112847/performance status=204 duration_ms=0 request_id=f771dfb4-3661-47c1-beaf-522382a7c5d1
time=2026-05-04T08:45:18.683+05:30 level=INFO msg=request method=GET path=/api/v1/outlets/112847/performance status=200 duration_ms=1 request_id=a3e93ad6-e20f-4a17-adb1-1a1ac4210065
time=2026-05-04T08:45:18.684+05:30 level=INFO msg=request method=GET path=/api/v1/outlets/112847 status=200 duration_ms=2 request_id=fe42f9ae-bcd0-41ba-93b9-8017f035d76b
time=2026-05-04T08:45:18.695+05:30 level=INFO msg=request method=OPTIONS path=/api/v1/outlets/112847/targets status=204 duration_ms=0 request_id=59d76e68-fa1b-49e8-8bb7-87a505744aba
time=2026-05-04T08:45:18.696+05:30 level=INFO msg=request method=GET path=/api/v1/outlets/112847/targets status=200 duration_ms=0 request_id=f1faf2d7-0e85-4c5b-a7ef-59be949f337c
time=2026-05-04T08:45:18.697+05:30 level=INFO msg=request method=OPTIONS path=/api/v1/outlets/112847/analysis status=204 duration_ms=0 request_id=8d8d4633-8f35-45e2-9a0e-f94df875e8ca
time=2026-05-04T08:45:18.697+05:30 level=INFO msg=request method=OPTIONS path=/api/v1/competition/leaderboard status=204 duration_ms=0 request_id=0c361323-639c-422b-bddc-d27e5e8c57dd
time=2026-05-04T08:45:18.698+05:30 level=INFO msg=request method=OPTIONS path=/api/v1/competition/c0000000-0001-0001-0001-000000000001/market-share-status status=204 duration_ms=0 request_id=b355b359-3be7-46f1-b783-30b039a7e91f
time=2026-05-04T08:45:18.700+05:30 level=INFO msg=request method=GET path=/api/v1/outlets/112847/analysis status=200 duration_ms=2 request_id=b0a3de28-7172-486c-9791-c5b1c65c023c
time=2026-05-04T08:45:18.701+05:30 level=INFO msg=request method=GET path=/api/v1/competition/leaderboard status=200 duration_ms=3 request_id=1de36c3d-456c-4802-8ee3-afe3dd5af0df
time=2026-05-04T08:45:18.702+05:30 level=INFO msg=request method=GET path=/api/v1/competition/c0000000-0001-0001-0001-000000000001/market-share-status status=200 duration_ms=4 request_id=6594caf2-3140-4a29-a7e3-a3086289f6fe
time=2026-05-04T08:45:22.481+05:30 level=INFO msg=request method=OPTIONS path=/api/v1/auth/login status=204 duration_ms=0 request_id=91c6490a-c5c4-4ecf-9e5e-14b852eeebbb
time=2026-05-04T08:45:22.534+05:30 level=INFO msg=request method=POST path=/api/v1/auth/login status=200 duration_ms=53 request_id=d035032a-ad37-4051-94eb-ccd2a4f03070
time=2026-05-04T08:45:25.531+05:30 level=INFO msg=request method=OPTIONS path=/api/v1/outlets/112847 status=204 duration_ms=0 request_id=acb860fc-f4f5-430e-a3fa-3f0ed69e36ce
time=2026-05-04T08:45:25.531+05:30 level=INFO msg=request method=OPTIONS path=/api/v1/outlets/112847/performance status=204 duration_ms=0 request_id=df6bc895-1443-4f5b-93d4-de650e025660
time=2026-05-04T08:45:25.534+05:30 level=INFO msg=request method=GET path=/api/v1/outlets/112847/performance status=200 duration_ms=1 request_id=dc63c508-2480-44a3-ac16-98c24edb34f1
time=2026-05-04T08:45:25.534+05:30 level=INFO msg=request method=GET path=/api/v1/outlets/112847 status=200 duration_ms=2 request_id=cd02cc85-6ef0-4c22-89f2-655fa605aa89
time=2026-05-04T08:45:25.545+05:30 level=INFO msg=request method=OPTIONS path=/api/v1/outlets/112847/targets status=204 duration_ms=0 request_id=062f164c-09e1-408b-aa8e-3f2f78a02488
time=2026-05-04T08:45:25.547+05:30 level=INFO msg=request method=GET path=/api/v1/outlets/112847/targets status=200 duration_ms=0 request_id=ac6dc251-f3f2-4a6b-8d5d-81d8164ad586
time=2026-05-04T08:45:25.547+05:30 level=INFO msg=request method=OPTIONS path=/api/v1/outlets/112847/analysis status=204 duration_ms=0 request_id=1c23336d-528d-4717-86e2-79b112754603
time=2026-05-04T08:45:25.548+05:30 level=INFO msg=request method=OPTIONS path=/api/v1/competition/leaderboard status=204 duration_ms=0 request_id=e14b6ffc-e69f-4d92-a243-da9335cde961
time=2026-05-04T08:45:25.548+05:30 level=INFO msg=request method=OPTIONS path=/api/v1/competition/c0000000-0001-0001-0001-000000000001/market-share-status status=204 duration_ms=0 request_id=ec9be06c-297e-45f3-a3e0-715b5e43cf4f
time=2026-05-04T08:45:25.550+05:30 level=INFO msg=request method=GET path=/api/v1/outlets/112847/analysis status=200 duration_ms=1 request_id=eda6ec8f-8c48-4525-86b3-24cc7be3cc10
time=2026-05-04T08:45:25.550+05:30 level=INFO msg=request method=GET path=/api/v1/competition/leaderboard status=200 duration_ms=2 request_id=93d9a79a-0aa7-4241-8c8a-4d856b8d09ac
time=2026-05-04T08:45:25.552+05:30 level=INFO msg=request method=GET path=/api/v1/competition/c0000000-0001-0001-0001-000000000001/market-share-status status=200 duration_ms=2 request_id=79cb11f9-b6de-4394-9879-e39b337b155f
time=2026-05-04T08:45:29.347+05:30 level=INFO msg=request method=OPTIONS path=/api/v1/auth/login status=204 duration_ms=0 request_id=e7129fea-8bba-4bee-9bb3-8518a21dff3e
time=2026-05-04T08:45:29.402+05:30 level=INFO msg=request method=POST path=/api/v1/auth/login status=200 duration_ms=54 request_id=07f8d8a4-c01a-4fb4-ab3b-8641a5316810
time=2026-05-04T08:45:32.398+05:30 level=INFO msg=request method=OPTIONS path=/api/v1/outlets/999999 status=204 duration_ms=0 request_id=36de6909-def2-4707-94fe-6bd7008fefa0
time=2026-05-04T08:45:32.398+05:30 level=INFO msg=request method=OPTIONS path=/api/v1/outlets/999999/performance status=204 duration_ms=0 request_id=58f3d6cc-fe7a-4f72-9ee3-a33d82cf60b1
time=2026-05-04T08:45:32.400+05:30 level=INFO msg=request method=GET path=/api/v1/outlets/999999 status=404 duration_ms=0 request_id=808013fc-d680-485d-adb4-02847065eed6
time=2026-05-04T08:45:32.400+05:30 level=INFO msg=request method=GET path=/api/v1/outlets/999999/performance status=404 duration_ms=0 request_id=fab6f7ab-ab73-4380-80a7-f42a962c8fdf
time=2026-05-04T08:45:34.548+05:30 level=INFO msg=request method=POST path=/api/v1/auth/login status=200 duration_ms=48 request_id=65a3a04c-75c8-4050-b127-56c6d0af3d62
time=2026-05-04T08:45:34.555+05:30 level=INFO msg=request method=GET path=/api/v1/territory/outlets status=200 duration_ms=5 request_id=4b4d246a-e341-4392-9a6b-f3a38b0b141e
time=2026-05-04T08:45:34.612+05:30 level=INFO msg=request method=POST path=/api/v1/auth/login status=200 duration_ms=48 request_id=b28acdef-e739-4082-9086-1d1241389ccc
time=2026-05-04T08:45:34.613+05:30 level=INFO msg=request method=GET path=/api/v1/territory/outlets status=403 duration_ms=0 request_id=a0716532-fe27-4f2c-a18b-4b658176aca2
time=2026-05-04T08:45:34.630+05:30 level=INFO msg=request method=GET path=/api/v1/territory/outlets status=200 duration_ms=12 request_id=13b3e8fc-59eb-4a4d-8961-85b331843277
time=2026-05-04T08:45:34.642+05:30 level=INFO msg=request method=GET path=/api/v1/admin/users status=200 duration_ms=1 request_id=2e5f29d9-6f8b-4d3e-931f-3c0f62428205
time=2026-05-04T08:45:34.693+05:30 level=INFO msg=request method=POST path=/api/v1/admin/users status=500 duration_ms=46 request_id=c25a10a6-b421-402f-a238-1b5a9772e016
time=2026-05-04T08:45:34.700+05:30 level=INFO msg=request method=GET path=/api/v1/admin/users status=200 duration_ms=1 request_id=a4193508-7f45-488f-8d8b-66a188339d0c
time=2026-05-04T08:45:34.703+05:30 level=INFO msg=request method=PUT path=/api/v1/admin/users/e6f57628-9453-40d1-8357-1298ab802300 status=500 duration_ms=2 request_id=981867d3-6f0d-46cc-a792-c3afb7736a95
time=2026-05-04T08:45:34.977+05:30 level=INFO msg=request method=POST path=/api/v1/auth/login status=200 duration_ms=48 request_id=01cd9bba-4839-489a-9781-49d556b4695f
time=2026-05-04T08:45:35.030+05:30 level=INFO msg=request method=POST path=/api/v1/admin/users status=500 duration_ms=45 request_id=1f560ab4-f145-47ac-b0ef-327d1337ce38
time=2026-05-04T08:45:35.038+05:30 level=INFO msg=request method=GET path=/api/v1/admin/users status=429 duration_ms=0 request_id=4e7c182f-301b-4f46-9295-28562f471fde
time=2026-05-04T08:45:35.317+05:30 level=INFO msg=request method=POST path=/api/v1/auth/login status=200 duration_ms=48 request_id=42e6adb5-3988-439c-88d5-ba33a68d75c1
time=2026-05-04T08:45:35.325+05:30 level=INFO msg=request method=POST path=/api/v1/auth/login status=429 duration_ms=0 request_id=28f2c5a3-ee81-49f7-8d3c-d62dafdab23a
time=2026-05-04T08:45:35.329+05:30 level=INFO msg=request method=GET path=/api/v1/admin/users status=429 duration_ms=0 request_id=c46d0bee-4367-4cef-ab0b-f70169c2a707
time=2026-05-04T08:45:35.337+05:30 level=INFO msg=request method=GET path=/api/v1/competition/c0000000-0001-0001-0001-000000000001/market-share-status status=429 duration_ms=0 request_id=b335d06c-80b2-4099-8ed9-3e2c98fa5905
time=2026-05-04T08:45:35.563+05:30 level=INFO msg=request method=POST path=/api/v1/auth/login status=429 duration_ms=0 request_id=c3b4a329-12a6-4fb6-b059-ae78f6be5e34
time=2026-05-04T08:45:37.645+05:30 level=INFO msg=request method=POST path=/api/v1/auth/login status=200 duration_ms=73 request_id=aeb8b781-86b2-4e69-83cd-094998ce7a50
time=2026-05-04T08:45:37.649+05:30 level=INFO msg=request method=GET path=/api/v1/competition/c0000000-0001-0001-0001-000000000001/market-share-status status=200 duration_ms=2 request_id=68780b41-17a9-4267-b67d-39839b1b9954
time=2026-05-04T08:45:37.660+05:30 level=INFO msg=request method=GET path=/api/v1/competition/leaderboard status=200 duration_ms=3 request_id=8894686c-aa6b-4ec2-a5ac-8539683fcd0c
time=2026-05-04T08:45:37.667+05:30 level=INFO msg=request method=GET path=/api/v1/competition/leaderboard status=200 duration_ms=1 request_id=189ab4a5-0924-44fa-9ccf-6609a249d1d1
time=2026-05-04T08:45:38.465+05:30 level=INFO msg=request method=OPTIONS path=/api/v1/auth/login status=204 duration_ms=0 request_id=fdac69d3-5b3a-4333-9d39-f6f4c5bb7c2b
time=2026-05-04T08:45:38.518+05:30 level=INFO msg=request method=POST path=/api/v1/auth/login status=200 duration_ms=53 request_id=03a6f7c8-d4b1-4a35-b0e2-bbe527399011
time=2026-05-04T08:45:41.515+05:30 level=INFO msg=request method=OPTIONS path=/api/v1/outlets/112847 status=204 duration_ms=0 request_id=9a53221e-7cfe-4788-9711-2229ee23ccd7
time=2026-05-04T08:45:41.515+05:30 level=INFO msg=request method=OPTIONS path=/api/v1/outlets/112847/performance status=204 duration_ms=0 request_id=b90f2aaf-59d7-45a5-9537-97d6282c4e8c
time=2026-05-04T08:45:41.517+05:30 level=INFO msg=request method=GET path=/api/v1/outlets/112847/performance status=200 duration_ms=1 request_id=5af455fa-01d3-46df-bffa-8ee203151e59
time=2026-05-04T08:45:41.518+05:30 level=INFO msg=request method=GET path=/api/v1/outlets/112847 status=200 duration_ms=1 request_id=fb5dc378-4d8a-499c-b390-9b096c61c15d
time=2026-05-04T08:45:41.529+05:30 level=INFO msg=request method=OPTIONS path=/api/v1/outlets/112847/targets status=204 duration_ms=0 request_id=c02ab07f-38ad-4297-ab34-eaed3c8106ba
time=2026-05-04T08:45:41.530+05:30 level=INFO msg=request method=GET path=/api/v1/outlets/112847/targets status=200 duration_ms=0 request_id=d55e0885-acf9-4e7e-8321-8ac936c29e05
time=2026-05-04T08:45:41.531+05:30 level=INFO msg=request method=OPTIONS path=/api/v1/outlets/112847/analysis status=204 duration_ms=0 request_id=9f0336d3-391d-492a-a8f1-4d51c5d43803
time=2026-05-04T08:45:41.531+05:30 level=INFO msg=request method=OPTIONS path=/api/v1/competition/leaderboard status=204 duration_ms=0 request_id=175f52ca-a57f-4ea0-ad0b-56931916d920
time=2026-05-04T08:45:41.532+05:30 level=INFO msg=request method=OPTIONS path=/api/v1/competition/c0000000-0001-0001-0001-000000000001/market-share-status status=204 duration_ms=0 request_id=cf583b21-3fe0-4fed-a455-6bc4b9662c0f
time=2026-05-04T08:45:41.532+05:30 level=INFO msg=request method=GET path=/api/v1/competition/c0000000-0001-0001-0001-000000000001/market-share-status status=429 duration_ms=0 request_id=a0afc5dc-d69b-4102-af88-cfec9ca801b6
time=2026-05-04T08:45:41.533+05:30 level=INFO msg=request method=GET path=/api/v1/outlets/112847/analysis status=200 duration_ms=1 request_id=4d33da6a-754b-423e-a734-387e13ebd0c0
time=2026-05-04T08:45:41.535+05:30 level=INFO msg=request method=GET path=/api/v1/competition/leaderboard status=200 duration_ms=3 request_id=e553b30e-c860-4874-a09f-c05d24a2275d
time=2026-05-04T08:45:44.297+05:30 level=INFO msg=request method=OPTIONS path=/api/v1/auth/login status=204 duration_ms=0 request_id=c9de24f1-a092-4908-b052-7d2287cf7b8c
time=2026-05-04T08:45:44.352+05:30 level=INFO msg=request method=POST path=/api/v1/auth/login status=200 duration_ms=54 request_id=b0e37e75-502b-41af-8eef-744d6637b5bf
time=2026-05-04T08:45:47.348+05:30 level=INFO msg=request method=OPTIONS path=/api/v1/outlets/112847 status=204 duration_ms=0 request_id=9a413f2a-62dd-4016-bc7c-23a5c01912ba
time=2026-05-04T08:45:47.348+05:30 level=INFO msg=request method=OPTIONS path=/api/v1/outlets/112847/performance status=204 duration_ms=0 request_id=ef87db09-b076-4fd4-a02d-766acc553317
time=2026-05-04T08:45:47.350+05:30 level=INFO msg=request method=GET path=/api/v1/outlets/112847/performance status=200 duration_ms=1 request_id=1419fc7b-82c2-47f4-a1c4-da95f9dd87c1
time=2026-05-04T08:45:47.350+05:30 level=INFO msg=request method=GET path=/api/v1/outlets/112847 status=200 duration_ms=2 request_id=c6e810c9-b43d-4a84-b419-4d8199001ce3
time=2026-05-04T08:45:47.362+05:30 level=INFO msg=request method=OPTIONS path=/api/v1/outlets/112847/targets status=204 duration_ms=0 request_id=3310e29d-e98c-4262-888f-2ab20f342556
time=2026-05-04T08:45:47.363+05:30 level=INFO msg=request method=GET path=/api/v1/outlets/112847/targets status=200 duration_ms=0 request_id=2ea7617a-6cbe-4690-8c27-f086e3b63b0c
time=2026-05-04T08:45:47.364+05:30 level=INFO msg=request method=OPTIONS path=/api/v1/outlets/112847/analysis status=204 duration_ms=0 request_id=6f7c62db-a0ae-4f22-86b3-44c87fb0ff45
time=2026-05-04T08:45:47.365+05:30 level=INFO msg=request method=OPTIONS path=/api/v1/competition/leaderboard status=204 duration_ms=0 request_id=65b61758-6160-470e-8981-628c440ddb2a
time=2026-05-04T08:45:47.365+05:30 level=INFO msg=request method=OPTIONS path=/api/v1/competition/c0000000-0001-0001-0001-000000000001/market-share-status status=204 duration_ms=0 request_id=6376bdd3-fab1-436b-8fd2-6c24aae7d484
time=2026-05-04T08:45:47.366+05:30 level=INFO msg=request method=GET path=/api/v1/outlets/112847/analysis status=200 duration_ms=1 request_id=66398c6c-a70a-4e95-a947-4721fd9427da
time=2026-05-04T08:45:47.369+05:30 level=INFO msg=request method=GET path=/api/v1/competition/leaderboard status=200 duration_ms=4 request_id=8a9e0c07-0784-4e5f-90f6-0bafd4b9aabd
time=2026-05-04T08:45:47.370+05:30 level=INFO msg=request method=GET path=/api/v1/competition/c0000000-0001-0001-0001-000000000001/market-share-status status=200 duration_ms=4 request_id=88888d21-6fb2-43fc-a9a7-616ecf69d787
time=2026-05-04T08:45:51.164+05:30 level=INFO msg=request method=OPTIONS path=/api/v1/auth/login status=204 duration_ms=0 request_id=af1b6864-1ce2-442b-a722-2987695bc638
time=2026-05-04T08:45:51.222+05:30 level=INFO msg=request method=POST path=/api/v1/auth/login status=200 duration_ms=57 request_id=e3d572e5-e19d-40a7-8344-82511676908c
time=2026-05-04T08:45:56.350+05:30 level=INFO msg=request method=POST path=/api/v1/auth/login status=401 duration_ms=1 request_id=ec7ade27-71d9-475f-90b8-a45bae703cdd
time=2026-05-04T08:45:56.355+05:30 level=INFO msg=request method=POST path=/api/v1/auth/login status=401 duration_ms=0 request_id=1704e741-8f0e-4858-bbcb-8089c148582e
time=2026-05-04T08:45:57.598+05:30 level=INFO msg=request method=GET path=/api/v1/auth/me status=401 duration_ms=0 request_id=c9dbe0a5-431a-4f5c-939c-9a0572ae9e7e
time=2026-05-04T08:45:57.601+05:30 level=INFO msg=request method=GET path=/api/v1/outlets/112847 status=401 duration_ms=0 request_id=60d2466e-e75b-42d9-9499-d4d9ae572498
time=2026-05-04T08:45:57.658+05:30 level=INFO msg=request method=POST path=/api/v1/auth/login status=200 duration_ms=50 request_id=6d14084e-f3f8-4ee9-af57-68ac6c4701ac
time=2026-05-04T08:45:57.663+05:30 level=INFO msg=request method=GET path=/health status=200 duration_ms=0 request_id=3e4e6bb2-df31-4a2c-87f9-67c364f2d439
time=2026-05-04T08:55:15.781+05:30 level=INFO msg=request method=POST path=/api/v1/auth/login status=200 duration_ms=57 request_id=b2134f33-ba1d-4906-b40e-67ca1b842f11
time=2026-05-04T08:55:15.791+05:30 level=INFO msg=request method=GET path=/api/v1/territory/outlets status=200 duration_ms=6 request_id=25ab6a39-08eb-40f3-9a22-ab02eae237d4
time=2026-05-04T08:55:15.806+05:30 level=INFO msg=request method=GET path=/api/v1/outlets/112386/performance status=200 duration_ms=1 request_id=e2edc261-6192-4d3c-9f6c-bd7a45afd0e2
time=2026-05-04T08:55:15.806+05:30 level=INFO msg=request method=GET path=/api/v1/outlets/255872/performance status=200 duration_ms=1 request_id=63fb4471-2e96-4b8e-acfd-5d63aea0b424
time=2026-05-04T08:55:15.819+05:30 level=INFO msg=request method=GET path=/api/v1/outlets/112847/performance status=429 duration_ms=0 request_id=32148dd1-504a-45b6-a951-6fdc800369ff
time=2026-05-04T08:55:15.820+05:30 level=INFO msg=request method=GET path=/api/v1/outlets/112431/performance status=429 duration_ms=0 request_id=0590ad73-11be-49b1-a756-011a08e49d26
time=2026-05-04T08:55:15.820+05:30 level=INFO msg=request method=GET path=/api/v1/outlets/112438/performance status=429 duration_ms=0 request_id=0b763410-7ff6-4b34-8cc1-807b49a3ff89
time=2026-05-04T08:55:15.820+05:30 level=INFO msg=request method=GET path=/api/v1/outlets/112417/performance status=429 duration_ms=0 request_id=ecf6cc42-ffb0-45e1-afbf-2b6dd5a7e1cf
time=2026-05-04T08:55:15.820+05:30 level=INFO msg=request method=GET path=/api/v1/outlets/112448/performance status=429 duration_ms=0 request_id=e4b36151-1793-41e0-90d9-3d7541ac54f4
time=2026-05-04T08:55:15.820+05:30 level=INFO msg=request method=GET path=/api/v1/outlets/111234/performance status=429 duration_ms=0 request_id=2a4a1285-7fb6-4d96-b601-4d91423ecb2c
time=2026-05-04T08:55:15.820+05:30 level=INFO msg=request method=GET path=/api/v1/outlets/127090/performance status=429 duration_ms=0 request_id=e9e86e79-bd58-49bc-94ce-f3255149305c
time=2026-05-04T08:55:15.820+05:30 level=INFO msg=request method=GET path=/api/v1/outlets/244099/performance status=429 duration_ms=0 request_id=49a055aa-ad0a-476b-bdb9-d7a0eff29d1b
time=2026-05-04T08:55:15.820+05:30 level=INFO msg=request method=GET path=/api/v1/outlets/112456/performance status=429 duration_ms=0 request_id=2052e306-63eb-4164-afca-ca21ec52d8eb
time=2026-05-04T08:55:15.820+05:30 level=INFO msg=request method=GET path=/api/v1/outlets/112450/performance status=429 duration_ms=0 request_id=b626b027-b627-4284-9856-957e270c5bd8
time=2026-05-04T08:55:15.820+05:30 level=INFO msg=request method=GET path=/api/v1/outlets/110234/performance status=429 duration_ms=0 request_id=7d1b9c97-c35c-47fc-80c1-d4589fa96490
time=2026-05-04T08:55:15.820+05:30 level=INFO msg=request method=GET path=/api/v1/outlets/250828/performance status=429 duration_ms=0 request_id=9f2dc443-d116-470a-bede-9b4ff17c408a
time=2026-05-04T08:55:15.820+05:30 level=INFO msg=request method=GET path=/api/v1/outlets/131712/performance status=429 duration_ms=0 request_id=e35705aa-1ceb-4882-bbf1-e55d15483a12
time=2026-05-04T08:55:15.820+05:30 level=INFO msg=request method=GET path=/api/v1/outlets/112390/performance status=200 duration_ms=1 request_id=f057faf7-e515-4e88-bccc-472681fab877
time=2026-05-04T08:55:15.820+05:30 level=INFO msg=request method=GET path=/api/v1/outlets/129151/performance status=429 duration_ms=0 request_id=c1775e5e-a235-4a65-a63d-ac4e3fc47a23
time=2026-05-04T08:55:15.820+05:30 level=INFO msg=request method=GET path=/api/v1/outlets/113234/performance status=429 duration_ms=0 request_id=216fc580-ad1d-4f04-8c30-d64c2813a91b
time=2026-05-04T08:55:15.820+05:30 level=INFO msg=request method=GET path=/api/v1/outlets/112441/performance status=429 duration_ms=0 request_id=7848f218-44a7-4caf-b112-008daed66153
time=2026-05-04T08:55:15.820+05:30 level=INFO msg=request method=GET path=/api/v1/outlets/112458/performance status=429 duration_ms=0 request_id=3fefa101-232c-4c1c-89a9-4c056386975a
time=2026-05-04T08:55:15.820+05:30 level=INFO msg=request method=GET path=/api/v1/outlets/200922/performance status=200 duration_ms=1 request_id=5f15b6d1-f8aa-4d51-a4d5-6b6879cd1185
time=2026-05-04T08:55:15.820+05:30 level=INFO msg=request method=GET path=/api/v1/outlets/119876/performance status=429 duration_ms=0 request_id=047aa6d2-e357-4189-a8c9-d866ea98ee66
time=2026-05-04T08:55:15.820+05:30 level=INFO msg=request method=GET path=/api/v1/outlets/107634/performance status=429 duration_ms=0 request_id=4740f249-7eac-41b5-b7c5-879fb962df52
time=2026-05-04T08:55:15.820+05:30 level=INFO msg=request method=GET path=/api/v1/outlets/118345/performance status=429 duration_ms=0 request_id=2c532516-c73d-46c4-a182-e20300b76f5f
time=2026-05-04T08:55:15.820+05:30 level=INFO msg=request method=GET path=/api/v1/outlets/112457/performance status=429 duration_ms=0 request_id=449621cd-2909-4cd2-846d-113867385f83
time=2026-05-04T08:55:15.820+05:30 level=INFO msg=request method=GET path=/api/v1/outlets/112012/performance status=429 duration_ms=0 request_id=9ba838d1-2174-4350-a42e-17825758fb7d
time=2026-05-04T08:55:15.820+05:30 level=INFO msg=request method=GET path=/api/v1/outlets/113456/performance status=429 duration_ms=0 request_id=d56d08cd-102a-4bb0-b172-1ffb84569503
time=2026-05-04T08:55:15.820+05:30 level=INFO msg=request method=GET path=/api/v1/outlets/112392/performance status=429 duration_ms=0 request_id=314dabc2-5bf2-4170-bc7e-95768435bb0f
time=2026-05-04T08:55:15.820+05:30 level=INFO msg=request method=GET path=/api/v1/outlets/112462/performance status=429 duration_ms=0 request_id=7f5a6ae7-fdf8-4d36-a073-5a2d9c10df4e
time=2026-05-04T08:55:15.820+05:30 level=INFO msg=request method=GET path=/api/v1/outlets/236924/performance status=429 duration_ms=0 request_id=1ff47b96-6a4f-4083-bb58-a9cccac7d69b
time=2026-05-04T08:55:15.820+05:30 level=INFO msg=request method=GET path=/api/v1/outlets/112387/performance status=429 duration_ms=0 request_id=996414a3-e7f1-4aee-97e8-f37bf85c81fc
time=2026-05-04T08:55:15.820+05:30 level=INFO msg=request method=GET path=/api/v1/outlets/112460/performance status=429 duration_ms=0 request_id=f946ad96-a4b0-404a-acae-b5a1b5c4be38
time=2026-05-04T08:55:15.820+05:30 level=INFO msg=request method=GET path=/api/v1/outlets/113890/performance status=429 duration_ms=0 request_id=5b5d2a7e-e8ad-4b11-9362-91fa72efe5e9
time=2026-05-04T08:55:15.820+05:30 level=INFO msg=request method=GET path=/api/v1/outlets/112383/performance status=429 duration_ms=0 request_id=6006dea2-d38b-414f-a548-480c2c68f347
time=2026-05-04T08:55:15.820+05:30 level=INFO msg=request method=GET path=/api/v1/outlets/156837/performance status=429 duration_ms=0 request_id=3016ba61-a0c6-4455-b456-1fe7ba786aeb
time=2026-05-04T08:55:15.820+05:30 level=INFO msg=request method=GET path=/api/v1/outlets/112393/performance status=429 duration_ms=0 request_id=440ca82e-0bb7-45cd-9b9a-58834c9daa43
time=2026-05-04T08:55:15.820+05:30 level=INFO msg=request method=GET path=/api/v1/outlets/112391/performance status=429 duration_ms=0 request_id=5799ba88-eba3-4d48-b270-f00681c22866
time=2026-05-04T08:55:15.820+05:30 level=INFO msg=request method=GET path=/api/v1/outlets/112397/performance status=429 duration_ms=0 request_id=ae86b580-1ccf-44cb-b9bc-8468b75abe7d
time=2026-05-04T08:55:15.820+05:30 level=INFO msg=request method=GET path=/api/v1/outlets/111456/performance status=429 duration_ms=0 request_id=3896a497-b8f6-4e92-a875-3fc811474ff6
time=2026-05-04T08:55:15.820+05:30 level=INFO msg=request method=GET path=/api/v1/outlets/112345/performance status=429 duration_ms=0 request_id=343a0245-4034-4511-82db-3aff12180d32
time=2026-05-04T08:55:15.820+05:30 level=INFO msg=request method=GET path=/api/v1/outlets/112398/performance status=429 duration_ms=0 request_id=d1076f89-e9c2-4a7f-bcb1-6d630b08a7cd
time=2026-05-04T08:55:15.820+05:30 level=INFO msg=request method=GET path=/api/v1/outlets/157172/performance status=429 duration_ms=0 request_id=05a6bcf6-b017-47e9-a6a0-b5f40c3b8b9a
time=2026-05-04T08:55:15.820+05:30 level=INFO msg=request method=GET path=/api/v1/outlets/112429/performance status=429 duration_ms=0 request_id=eef015e1-01e2-4ba4-9195-b2eac57d8bba
time=2026-05-04T08:55:15.820+05:30 level=INFO msg=request method=GET path=/api/v1/outlets/112401/performance status=429 duration_ms=0 request_id=f6902ea4-ceac-400b-a9d8-bf82ac1ba590
time=2026-05-04T08:55:15.820+05:30 level=INFO msg=request method=GET path=/api/v1/outlets/112445/performance status=429 duration_ms=0 request_id=63250c2c-e8db-4347-936c-954a4db295af
time=2026-05-04T08:55:15.820+05:30 level=INFO msg=request method=GET path=/api/v1/outlets/112444/performance status=429 duration_ms=0 request_id=76aa1b1d-5be1-439d-a0a3-eb6031091c99
time=2026-05-04T08:55:15.820+05:30 level=INFO msg=request method=GET path=/api/v1/outlets/108923/performance status=429 duration_ms=0 request_id=65bf1e3d-4f9d-4bc5-82f1-e9b0098f91b3
time=2026-05-04T08:55:15.820+05:30 level=INFO msg=request method=GET path=/api/v1/outlets/112436/performance status=429 duration_ms=0 request_id=bd193306-8133-45e2-9f33-44a4bf86ef0a
time=2026-05-04T08:55:15.820+05:30 level=INFO msg=request method=GET path=/api/v1/outlets/112434/performance status=429 duration_ms=0 request_id=ae442950-dc64-4902-9810-ba2630ce7c3c
time=2026-05-04T08:55:15.820+05:30 level=INFO msg=request method=GET path=/api/v1/outlets/112453/performance status=429 duration_ms=0 request_id=48c42148-c268-433b-8db1-bb7841b9359e
time=2026-05-04T08:55:15.820+05:30 level=INFO msg=request method=GET path=/api/v1/outlets/112789/performance status=429 duration_ms=0 request_id=d81485d5-d8a4-4ffd-b797-55f8d31e0a3a
time=2026-05-04T08:55:15.820+05:30 level=INFO msg=request method=GET path=/api/v1/outlets/112454/performance status=429 duration_ms=0 request_id=6f7f5a5e-5ea3-48e7-85da-a7698f9934e0
time=2026-05-04T08:55:15.820+05:30 level=INFO msg=request method=GET path=/api/v1/outlets/114234/performance status=429 duration_ms=0 request_id=92600ff2-8ad6-49f5-9c43-f687bb5789b0
time=2026-05-04T08:55:15.820+05:30 level=INFO msg=request method=GET path=/api/v1/outlets/151186/performance status=429 duration_ms=0 request_id=12e4b7dc-1d48-44cc-b47a-9282fc0499df
time=2026-05-04T08:55:15.821+05:30 level=INFO msg=request method=GET path=/api/v1/outlets/198868/performance status=429 duration_ms=0 request_id=1a0961fa-f600-427b-9244-763df4852b1a
time=2026-05-04T08:55:15.821+05:30 level=INFO msg=request method=GET path=/api/v1/outlets/118567/performance status=429 duration_ms=0 request_id=01c69555-e3dd-4043-98ff-3e3adc9c4899
time=2026-05-04T08:55:15.821+05:30 level=INFO msg=request method=GET path=/api/v1/outlets/109251/performance status=429 duration_ms=0 request_id=2d314ef9-fd95-4050-98e5-5bee6916e2d4
time=2026-05-04T08:55:15.821+05:30 level=INFO msg=request method=GET path=/api/v1/outlets/118012/performance status=429 duration_ms=0 request_id=94f4f7d1-3e99-480d-b091-00684076040b
time=2026-05-04T08:55:15.821+05:30 level=INFO msg=request method=GET path=/api/v1/outlets/112402/performance status=429 duration_ms=0 request_id=855360fc-35aa-4ce3-b76c-67101e481dd2
time=2026-05-04T08:55:15.821+05:30 level=INFO msg=request method=GET path=/api/v1/outlets/168006/performance status=429 duration_ms=0 request_id=394d1109-4c4c-4d36-a6ec-86338d159def
time=2026-05-04T08:55:15.821+05:30 level=INFO msg=request method=GET path=/api/v1/outlets/148413/performance status=429 duration_ms=0 request_id=f6ad3414-37b2-4687-9b00-299cff0e2bb9
time=2026-05-04T08:55:15.821+05:30 level=INFO msg=request method=GET path=/api/v1/outlets/112407/performance status=429 duration_ms=0 request_id=8e6d6d89-a312-46ed-8739-f571295a5237
time=2026-05-04T08:55:15.821+05:30 level=INFO msg=request method=GET path=/api/v1/outlets/108765/performance status=429 duration_ms=0 request_id=e3601129-0814-45eb-bf74-7836f99e0422
time=2026-05-04T08:55:15.821+05:30 level=INFO msg=request method=GET path=/api/v1/outlets/112415/performance status=429 duration_ms=0 request_id=a1bbd3d6-a283-4d47-b2d7-47e859529fde
time=2026-05-04T08:55:15.821+05:30 level=INFO msg=request method=GET path=/api/v1/outlets/118901/performance status=429 duration_ms=0 request_id=3b96e8ab-af52-48ed-9179-498d7c5c1b7a
time=2026-05-04T08:55:15.821+05:30 level=INFO msg=request method=GET path=/api/v1/outlets/198751/performance status=429 duration_ms=0 request_id=300d9d04-c607-4e4c-9537-206a6a16b024
time=2026-05-04T08:55:15.821+05:30 level=INFO msg=request method=GET path=/api/v1/outlets/117890/performance status=429 duration_ms=0 request_id=919a7e2c-8f49-420c-8d9b-8305ee2b3239
time=2026-05-04T08:55:15.821+05:30 level=INFO msg=request method=GET path=/api/v1/outlets/112420/performance status=429 duration_ms=0 request_id=48c71637-4ce8-4783-8bce-715d517c6cba
time=2026-05-04T08:55:15.821+05:30 level=INFO msg=request method=GET path=/api/v1/outlets/136152/performance status=429 duration_ms=0 request_id=1e696629-15a4-4065-9de1-1345fde7fef4
time=2026-05-04T08:55:15.821+05:30 level=INFO msg=request method=GET path=/api/v1/outlets/112446/performance status=429 duration_ms=0 request_id=759d0c0c-a4ec-4dfb-b51e-891fc26f1bd9
time=2026-05-04T08:55:15.821+05:30 level=INFO msg=request method=GET path=/api/v1/outlets/112384/performance status=429 duration_ms=0 request_id=0b86a4a6-3e2f-4cfe-9530-6d342c79c883
time=2026-05-04T08:55:15.821+05:30 level=INFO msg=request method=GET path=/api/v1/outlets/128472/performance status=429 duration_ms=0 request_id=a4c5fe13-c408-460a-b824-c4bd2c4fe256
time=2026-05-04T08:55:15.821+05:30 level=INFO msg=request method=GET path=/api/v1/outlets/112389/performance status=429 duration_ms=0 request_id=daf95da2-9dcf-467a-9335-a61ce2552b36
time=2026-05-04T08:55:15.821+05:30 level=INFO msg=request method=GET path=/api/v1/outlets/112385/performance status=429 duration_ms=0 request_id=4475a522-3dc6-471e-aa36-bf5c2495ce2e
time=2026-05-04T08:55:15.821+05:30 level=INFO msg=request method=GET path=/api/v1/outlets/115901/performance status=200 duration_ms=2 request_id=c801fde5-4342-4983-bcba-4663a53a4805
time=2026-05-04T08:55:15.821+05:30 level=INFO msg=request method=GET path=/api/v1/outlets/112395/performance status=429 duration_ms=0 request_id=0ee41e20-2d13-4d54-ae23-36c73023738e
time=2026-05-04T08:55:15.821+05:30 level=INFO msg=request method=GET path=/api/v1/outlets/115634/performance status=429 duration_ms=0 request_id=e447119c-06bc-4df3-bd76-c4ccfff9c10a
time=2026-05-04T08:55:15.821+05:30 level=INFO msg=request method=GET path=/api/v1/outlets/123784/performance status=429 duration_ms=0 request_id=63b5c11f-0b2f-46f8-8085-73839ba646f0
time=2026-05-04T08:55:15.821+05:30 level=INFO msg=request method=GET path=/api/v1/outlets/116456/performance status=429 duration_ms=0 request_id=2eb46450-1d3b-4643-91ed-f2b3f12db41e
time=2026-05-04T08:55:15.821+05:30 level=INFO msg=request method=GET path=/api/v1/outlets/119012/performance status=429 duration_ms=0 request_id=062e4fa3-82fc-4ec1-8e25-7eafc338048b
time=2026-05-04T08:55:15.821+05:30 level=INFO msg=request method=GET path=/api/v1/outlets/149238/performance status=429 duration_ms=0 request_id=f890a055-db9a-4aa6-bc66-df0119f0de2d
time=2026-05-04T08:55:15.821+05:30 level=INFO msg=request method=GET path=/api/v1/outlets/144329/performance status=200 duration_ms=2 request_id=a64cfc18-d55f-478d-b25a-5d0e76bf02f1
time=2026-05-04T08:55:15.821+05:30 level=INFO msg=request method=GET path=/api/v1/outlets/112414/performance status=200 duration_ms=2 request_id=49bed3e1-66dc-4279-8ea6-6739318f3e27
time=2026-05-04T08:55:15.821+05:30 level=INFO msg=request method=GET path=/api/v1/outlets/147286/performance status=429 duration_ms=0 request_id=0ca8e96e-d5fc-46ea-8f01-cc7349783eb3
time=2026-05-04T08:55:15.821+05:30 level=INFO msg=request method=GET path=/api/v1/outlets/117567/performance status=200 duration_ms=2 request_id=68b0ffed-d4b1-4a71-9b9a-d3ba813a89d4
time=2026-05-04T08:55:15.821+05:30 level=INFO msg=request method=GET path=/api/v1/outlets/167171/performance status=429 duration_ms=0 request_id=de767ef7-76af-4ad9-95bb-27604e47946f
time=2026-05-04T08:55:15.821+05:30 level=INFO msg=request method=GET path=/api/v1/outlets/112403/performance status=429 duration_ms=0 request_id=42df3ac2-25c5-4194-9320-79073bfb4ac5
time=2026-05-04T08:55:15.821+05:30 level=INFO msg=request method=GET path=/api/v1/outlets/112411/performance status=429 duration_ms=0 request_id=8b903609-7596-4aa3-9597-d0e6dd1f657d
time=2026-05-04T08:55:15.822+05:30 level=INFO msg=request method=GET path=/api/v1/outlets/112412/performance status=429 duration_ms=0 request_id=9086f945-bc2d-43ef-8315-e5156243eae3
time=2026-05-04T08:55:15.822+05:30 level=INFO msg=request method=GET path=/api/v1/outlets/112416/performance status=429 duration_ms=0 request_id=7c5032bf-b4c7-4a6b-93dc-314d065cf702
time=2026-05-04T08:55:15.822+05:30 level=INFO msg=request method=GET path=/api/v1/outlets/112418/performance status=429 duration_ms=0 request_id=526d1b26-89ee-4ddc-97b8-9c2a0fb7824f
time=2026-05-04T08:55:15.822+05:30 level=INFO msg=request method=GET path=/api/v1/outlets/115789/performance status=429 duration_ms=0 request_id=a6adbb36-8d00-4827-86ef-d1db1d2b3ff6
time=2026-05-04T08:55:15.822+05:30 level=INFO msg=request method=GET path=/api/v1/outlets/112419/performance status=429 duration_ms=0 request_id=bcbd9e3a-b95d-4a36-9046-cac6c2bf11c7
time=2026-05-04T08:55:15.822+05:30 level=INFO msg=request method=GET path=/api/v1/outlets/112422/performance status=429 duration_ms=0 request_id=806c89c8-5d91-491c-a910-25097faec712
time=2026-05-04T08:55:15.822+05:30 level=INFO msg=request method=GET path=/api/v1/outlets/115012/performance status=429 duration_ms=0 request_id=b6ed1df0-05bd-4e80-aa71-d8fb76d4d86e
time=2026-05-04T08:55:15.822+05:30 level=INFO msg=request method=GET path=/api/v1/outlets/112424/performance status=429 duration_ms=0 request_id=34d99683-a0e8-4e2d-9fa4-86d53d83d43c
time=2026-05-04T08:55:15.822+05:30 level=INFO msg=request method=GET path=/api/v1/outlets/112425/performance status=429 duration_ms=0 request_id=2e3dc40f-f340-41e4-b032-e4fc03af560b
time=2026-05-04T08:55:15.822+05:30 level=INFO msg=request method=GET path=/api/v1/outlets/112428/performance status=429 duration_ms=0 request_id=738dbf36-0ef9-4156-9518-5e181e2c7e6c
time=2026-05-04T08:55:15.822+05:30 level=INFO msg=request method=GET path=/api/v1/outlets/112437/performance status=429 duration_ms=0 request_id=75ef0b4e-8c39-455b-a6e5-842a506b9c77
time=2026-05-04T08:55:15.822+05:30 level=INFO msg=request method=GET path=/api/v1/outlets/112440/performance status=429 duration_ms=0 request_id=6837f533-ba3d-4a47-b819-13ee123539f5
time=2026-05-04T08:55:15.822+05:30 level=INFO msg=request method=GET path=/api/v1/outlets/114678/performance status=429 duration_ms=0 request_id=2a683dec-4acc-42dc-b21b-fb5d2fd9ab60
time=2026-05-04T08:55:15.822+05:30 level=INFO msg=request method=GET path=/api/v1/outlets/112443/performance status=429 duration_ms=0 request_id=e548bfe3-a1f0-4779-984e-747e1f7b8a28
time=2026-05-04T08:55:15.822+05:30 level=INFO msg=request method=GET path=/api/v1/outlets/111789/performance status=429 duration_ms=0 request_id=00ae7883-936b-4606-9e6d-4e30a2181b00
time=2026-05-04T08:55:15.822+05:30 level=INFO msg=request method=GET path=/api/v1/outlets/112442/performance status=429 duration_ms=0 request_id=a060a051-cef5-491a-a7e2-111d7f12d5b4
time=2026-05-04T08:55:15.822+05:30 level=INFO msg=request method=GET path=/api/v1/outlets/112439/performance status=429 duration_ms=0 request_id=474291b2-ac92-45c2-9a54-f70daa566516
time=2026-05-04T08:55:15.822+05:30 level=INFO msg=request method=GET path=/api/v1/outlets/163708/performance status=429 duration_ms=0 request_id=93165b00-370f-46fe-9fff-e140b4727712
time=2026-05-04T08:55:15.822+05:30 level=INFO msg=request method=GET path=/api/v1/outlets/114521/performance status=429 duration_ms=0 request_id=593c1ce2-c907-43d4-81ca-978a73b88934
time=2026-05-04T08:55:15.822+05:30 level=INFO msg=request method=GET path=/api/v1/outlets/112455/performance status=429 duration_ms=0 request_id=d4b6a2ca-689d-4091-9447-cc25255d0049
time=2026-05-04T08:55:15.822+05:30 level=INFO msg=request method=GET path=/api/v1/outlets/117234/performance status=429 duration_ms=0 request_id=919d38bb-05c5-47fb-bd87-954025fb1f49
time=2026-05-04T08:55:15.822+05:30 level=INFO msg=request method=GET path=/api/v1/outlets/112466/performance status=429 duration_ms=0 request_id=e406b70a-4c10-42ff-a090-cf212d330306
time=2026-05-04T08:55:15.822+05:30 level=INFO msg=request method=GET path=/api/v1/outlets/112461/performance status=429 duration_ms=0 request_id=3971f912-11fa-48d8-8774-9ee2490e26d8
time=2026-05-04T08:55:15.822+05:30 level=INFO msg=request method=GET path=/api/v1/outlets/112459/performance status=429 duration_ms=0 request_id=70f7ac41-fb37-4d70-96e4-2bc8968f5532
time=2026-05-04T08:55:15.822+05:30 level=INFO msg=request method=GET path=/api/v1/outlets/112404/performance status=429 duration_ms=0 request_id=c0689e7c-23aa-484a-8edc-0410f9714c40
time=2026-05-04T08:55:15.822+05:30 level=INFO msg=request method=GET path=/api/v1/outlets/110567/performance status=429 duration_ms=0 request_id=0776306b-9436-450a-8727-4ea1516c6aea
time=2026-05-04T08:55:15.827+05:30 level=INFO msg=request method=GET path=/api/v1/outlets/112427/performance status=429 duration_ms=0 request_id=221caf9f-4122-42c7-a9ff-27e704011d2e
time=2026-05-04T08:55:15.827+05:30 level=INFO msg=request method=GET path=/api/v1/outlets/112435/performance status=429 duration_ms=0 request_id=b35b8fb9-7bbf-43f9-8e42-0c656cae0206
time=2026-05-04T08:55:15.827+05:30 level=INFO msg=request method=GET path=/api/v1/outlets/116890/performance status=429 duration_ms=0 request_id=74e4e719-79a2-4edf-9fd9-4e8bc90d98bc
time=2026-05-04T08:55:15.827+05:30 level=INFO msg=request method=GET path=/api/v1/outlets/116123/performance status=429 duration_ms=0 request_id=7b02b017-a6ab-4240-b666-7aeb95ad6a0d
time=2026-05-04T08:55:15.827+05:30 level=INFO msg=request method=GET path=/api/v1/outlets/163741/performance status=429 duration_ms=0 request_id=b57ffab2-d0fb-49c0-8543-66ccf412bebe
time=2026-05-04T08:55:15.827+05:30 level=INFO msg=request method=GET path=/api/v1/outlets/116789/performance status=429 duration_ms=0 request_id=a8720f75-e496-4e45-8e74-44bb35f73884
time=2026-05-04T08:55:15.827+05:30 level=INFO msg=request method=GET path=/api/v1/outlets/256507/performance status=429 duration_ms=0 request_id=f726d2e5-e1e5-4d3e-aa2d-2e7f9cd9803a
time=2026-05-04T08:55:15.827+05:30 level=INFO msg=request method=GET path=/api/v1/outlets/112408/performance status=429 duration_ms=0 request_id=5089af07-13c6-46bc-9c86-a97aa4e8ac89
time=2026-05-04T08:55:15.827+05:30 level=INFO msg=request method=GET path=/api/v1/outlets/144348/performance status=429 duration_ms=0 request_id=3e5d0e30-1902-479d-aa81-01045bcbb0a4
time=2026-05-04T08:55:15.827+05:30 level=INFO msg=request method=GET path=/api/v1/outlets/112410/performance status=429 duration_ms=0 request_id=376dff34-027f-4512-b814-810094d98a1d
time=2026-05-04T08:55:15.827+05:30 level=INFO msg=request method=GET path=/api/v1/outlets/113782/performance status=429 duration_ms=0 request_id=7d4dc630-31d8-4788-b87b-99f29a41084b
time=2026-05-04T08:55:15.827+05:30 level=INFO msg=request method=GET path=/api/v1/outlets/146411/performance status=429 duration_ms=0 request_id=fb50ea7f-ee63-477b-813d-b56cad44d08b
time=2026-05-04T08:55:15.827+05:30 level=INFO msg=request method=GET path=/api/v1/outlets/147087/performance status=429 duration_ms=0 request_id=5d28ee2a-9aab-42ae-b155-1d33e6342947
time=2026-05-04T08:55:15.827+05:30 level=INFO msg=request method=GET path=/api/v1/outlets/149412/performance status=429 duration_ms=0 request_id=f692c573-9233-4a61-b296-2e9d03da225d
time=2026-05-04T08:55:15.827+05:30 level=INFO msg=request method=GET path=/api/v1/outlets/112451/performance status=429 duration_ms=0 request_id=6e219ec9-d125-463a-9d8e-02723fb6fe68
time=2026-05-04T08:55:15.827+05:30 level=INFO msg=request method=GET path=/api/v1/outlets/119456/performance status=429 duration_ms=0 request_id=6d79bf86-e8ca-407d-854b-07e2fc886337
time=2026-05-04T08:55:15.828+05:30 level=INFO msg=request method=GET path=/api/v1/outlets/109678/performance status=200 duration_ms=8 request_id=1f386a43-39ec-4299-86f3-62d7386f9108
time=2026-05-04T08:55:16.060+05:30 level=INFO msg=request method=POST path=/api/v1/auth/login status=429 duration_ms=0 request_id=1e9af97a-09a5-4f8d-b7fa-10f2c43a0d1a
time=2026-05-04T08:55:18.144+05:30 level=INFO msg=request method=POST path=/api/v1/auth/login status=200 duration_ms=76 request_id=ed5fddc7-d2fe-4d63-9127-ed8dcc4720f9
time=2026-05-04T08:55:18.159+05:30 level=INFO msg=request method=GET path=/api/v1/territory/outlets status=200 duration_ms=12 request_id=d644e87f-9583-4ec9-b06e-b41b3f468235
time=2026-05-04T08:55:18.168+05:30 level=INFO msg=request method=GET path=/api/v1/outlets/112386/performance status=200 duration_ms=1 request_id=47485e33-04c4-40f9-979d-7457bd63899e
time=2026-05-04T08:55:18.176+05:30 level=INFO msg=request method=GET path=/api/v1/outlets/112390/performance status=429 duration_ms=0 request_id=cce5569a-9210-4e2d-803f-aaaf7805d1bf
time=2026-05-04T08:55:18.176+05:30 level=INFO msg=request method=GET path=/api/v1/outlets/200922/performance status=429 duration_ms=0 request_id=d2701a6a-444d-4cd6-bcc4-7d6c6fff1833
time=2026-05-04T08:55:18.176+05:30 level=INFO msg=request method=GET path=/api/v1/outlets/144329/performance status=429 duration_ms=0 request_id=3569b6ec-5c14-4082-9164-e64cd4b62da6
time=2026-05-04T08:55:18.176+05:30 level=INFO msg=request method=GET path=/api/v1/outlets/115901/performance status=429 duration_ms=0 request_id=413bd142-71af-46aa-8400-44c67a88a9bb
time=2026-05-04T08:55:18.176+05:30 level=INFO msg=request method=GET path=/api/v1/outlets/117567/performance status=429 duration_ms=0 request_id=deb6ea04-ae1c-4eb4-85a8-da9b2e065910
time=2026-05-04T08:55:18.176+05:30 level=INFO msg=request method=GET path=/api/v1/outlets/112414/performance status=429 duration_ms=0 request_id=f045434d-f57c-4ff1-93e3-291b6ce8920b
time=2026-05-04T08:55:18.176+05:30 level=INFO msg=request method=GET path=/api/v1/outlets/109678/performance status=429 duration_ms=0 request_id=98bd4854-a83a-4dbb-bc83-4a746bbd1497
time=2026-05-04T08:55:18.176+05:30 level=INFO msg=request method=GET path=/api/v1/outlets/112417/performance status=429 duration_ms=0 request_id=1ca093c8-dbd2-4ec9-9b3e-cfb22a0c2078
time=2026-05-04T08:55:18.177+05:30 level=INFO msg=request method=GET path=/api/v1/outlets/112847/performance status=429 duration_ms=0 request_id=db118c88-fdbe-4b9a-937d-ce92b4b6f14b
time=2026-05-04T08:55:18.177+05:30 level=INFO msg=request method=GET path=/api/v1/outlets/112431/performance status=429 duration_ms=0 request_id=fcec8e5e-7357-4ba7-993c-added1c9c579
time=2026-05-04T08:55:18.177+05:30 level=INFO msg=request method=GET path=/api/v1/outlets/112438/performance status=429 duration_ms=0 request_id=ec7ec04b-85f4-4a39-97d0-d62557b25cf1
time=2026-05-04T08:55:18.177+05:30 level=INFO msg=request method=GET path=/api/v1/outlets/127090/performance status=429 duration_ms=0 request_id=9dce04eb-3dc0-4bac-858c-ee28586ed478
time=2026-05-04T08:55:18.177+05:30 level=INFO msg=request method=GET path=/api/v1/outlets/112448/performance status=429 duration_ms=0 request_id=819b6e1a-aa84-47cf-8a6c-ad80edcea6ec
time=2026-05-04T08:55:18.177+05:30 level=INFO msg=request method=GET path=/api/v1/outlets/111234/performance status=429 duration_ms=0 request_id=514e37cd-293e-4abc-bead-1858279fd6f1
time=2026-05-04T08:55:18.177+05:30 level=INFO msg=request method=GET path=/api/v1/outlets/112450/performance status=429 duration_ms=0 request_id=056f5607-c9dd-498a-b92f-c372b0d311f1
time=2026-05-04T08:55:18.177+05:30 level=INFO msg=request method=GET path=/api/v1/outlets/110234/performance status=429 duration_ms=0 request_id=903529be-8de7-4b66-8e25-80bf28987cec
time=2026-05-04T08:55:18.177+05:30 level=INFO msg=request method=GET path=/api/v1/outlets/112456/performance status=429 duration_ms=0 request_id=33afc098-e2c3-4e1f-b3df-102cb8b1133c
time=2026-05-04T08:55:18.177+05:30 level=INFO msg=request method=GET path=/api/v1/outlets/244099/performance status=429 duration_ms=0 request_id=45433264-12c1-444b-a00e-05cecc8188df
time=2026-05-04T08:55:18.177+05:30 level=INFO msg=request method=GET path=/api/v1/outlets/112458/performance status=429 duration_ms=0 request_id=77b5a987-4aca-4416-95cc-02c14089ba95
time=2026-05-04T08:55:18.177+05:30 level=INFO msg=request method=GET path=/api/v1/outlets/131712/performance status=429 duration_ms=0 request_id=4c3c910d-d0f5-4ba6-969e-73f7a9015b23
time=2026-05-04T08:55:18.177+05:30 level=INFO msg=request method=GET path=/api/v1/outlets/129151/performance status=429 duration_ms=0 request_id=8e31bfc7-cbc9-4c5e-bdc7-58bfe32a3b6d
time=2026-05-04T08:55:18.177+05:30 level=INFO msg=request method=GET path=/api/v1/outlets/113234/performance status=429 duration_ms=0 request_id=6240294a-b61e-4c29-92ec-54107e4590b7
time=2026-05-04T08:55:18.177+05:30 level=INFO msg=request method=GET path=/api/v1/outlets/250828/performance status=429 duration_ms=0 request_id=ffc0e680-dccd-4497-9369-61345e32c438
time=2026-05-04T08:55:18.177+05:30 level=INFO msg=request method=GET path=/api/v1/outlets/111456/performance status=429 duration_ms=0 request_id=4a7e5823-5586-47de-8194-d1dd9c82f09c
time=2026-05-04T08:55:18.177+05:30 level=INFO msg=request method=GET path=/api/v1/outlets/113456/performance status=429 duration_ms=0 request_id=66fdaf30-01d1-4aff-8922-6bb0a20e65b7
time=2026-05-04T08:55:18.177+05:30 level=INFO msg=request method=GET path=/api/v1/outlets/112012/performance status=429 duration_ms=0 request_id=e9c154a9-18cc-4257-887b-fdca2533846b
time=2026-05-04T08:55:18.177+05:30 level=INFO msg=request method=GET path=/api/v1/outlets/119876/performance status=429 duration_ms=0 request_id=009d54d1-0e43-40fc-a4ce-a24dd71b7a10
time=2026-05-04T08:55:18.177+05:30 level=INFO msg=request method=GET path=/api/v1/outlets/118345/performance status=429 duration_ms=0 request_id=599ef542-ff55-4eda-8c94-1e89ce41da7e
time=2026-05-04T08:55:18.177+05:30 level=INFO msg=request method=GET path=/api/v1/outlets/113890/performance status=429 duration_ms=0 request_id=42f67d49-38db-48f1-865d-e8a4468942f8
time=2026-05-04T08:55:18.177+05:30 level=INFO msg=request method=GET path=/api/v1/outlets/112441/performance status=429 duration_ms=0 request_id=91057d11-423f-4005-9d87-0ccaf2a7bffa
time=2026-05-04T08:55:18.177+05:30 level=INFO msg=request method=GET path=/api/v1/outlets/112457/performance status=429 duration_ms=0 request_id=fd8db1e6-e4b1-498c-b328-a330b42757b6
time=2026-05-04T08:55:18.177+05:30 level=INFO msg=request method=GET path=/api/v1/outlets/107634/performance status=429 duration_ms=0 request_id=c7665962-e7b1-4c3c-ae19-f6cdb8be62a1
time=2026-05-04T08:55:18.177+05:30 level=INFO msg=request method=GET path=/api/v1/outlets/112460/performance status=429 duration_ms=0 request_id=c90eeb21-4f80-4272-b807-9f203717d57a
time=2026-05-04T08:55:18.177+05:30 level=INFO msg=request method=GET path=/api/v1/outlets/112462/performance status=429 duration_ms=0 request_id=44e575a8-f682-4d8f-9aaf-58549676c7ce
time=2026-05-04T08:55:18.177+05:30 level=INFO msg=request method=GET path=/api/v1/outlets/236924/performance status=429 duration_ms=0 request_id=e9a893f4-d397-4551-9749-4c20047a8d4e
time=2026-05-04T08:55:18.177+05:30 level=INFO msg=request method=GET path=/api/v1/outlets/112383/performance status=429 duration_ms=0 request_id=5c880bda-b6de-4aad-8151-f7084d7202e5
time=2026-05-04T08:55:18.177+05:30 level=INFO msg=request method=GET path=/api/v1/outlets/112387/performance status=429 duration_ms=0 request_id=f6d749b9-feba-4e08-8144-3df6967cc7c9
time=2026-05-04T08:55:18.177+05:30 level=INFO msg=request method=GET path=/api/v1/outlets/112392/performance status=429 duration_ms=0 request_id=be399428-db19-48d2-91bc-af7f8bc77af6
time=2026-05-04T08:55:18.177+05:30 level=INFO msg=request method=GET path=/api/v1/outlets/112391/performance status=429 duration_ms=0 request_id=695e0bec-b74a-419d-94ce-e0b7ef9393de
time=2026-05-04T08:55:18.177+05:30 level=INFO msg=request method=GET path=/api/v1/outlets/112393/performance status=429 duration_ms=0 request_id=fe028428-501c-46e0-81bb-dedf943a19e7
time=2026-05-04T08:55:18.177+05:30 level=INFO msg=request method=GET path=/api/v1/outlets/156837/performance status=429 duration_ms=0 request_id=f81f77ab-b496-4c2f-9cc8-0c27fe09448c
time=2026-05-04T08:55:18.177+05:30 level=INFO msg=request method=GET path=/api/v1/outlets/112397/performance status=429 duration_ms=0 request_id=fb6dc426-6a39-4fc6-83d9-5877db5ae9ea
time=2026-05-04T08:55:18.177+05:30 level=INFO msg=request method=GET path=/api/v1/outlets/112398/performance status=429 duration_ms=0 request_id=285e345c-5ae5-4228-a78e-e26bbfc83a33
time=2026-05-04T08:55:18.177+05:30 level=INFO msg=request method=GET path=/api/v1/outlets/112345/performance status=429 duration_ms=0 request_id=e996fa87-4040-4f88-8c0c-3af670a5e1a1
time=2026-05-04T08:55:18.177+05:30 level=INFO msg=request method=GET path=/api/v1/outlets/112401/performance status=429 duration_ms=0 request_id=fb3dfd95-e8e7-4ba6-95d7-af5545233dc6
time=2026-05-04T08:55:18.177+05:30 level=INFO msg=request method=GET path=/api/v1/outlets/157172/performance status=429 duration_ms=0 request_id=6d6ce75b-ea56-4b7b-ba9d-df680ae7cfbc
time=2026-05-04T08:55:18.177+05:30 level=INFO msg=request method=GET path=/api/v1/outlets/112429/performance status=429 duration_ms=0 request_id=f0ba1b68-9fee-4f2d-95a7-68f30ef4bfc3
time=2026-05-04T08:55:18.177+05:30 level=INFO msg=request method=GET path=/api/v1/outlets/112434/performance status=429 duration_ms=0 request_id=81ffc95a-3bc1-4aa4-bfbb-37b23bcdbb31
time=2026-05-04T08:55:18.177+05:30 level=INFO msg=request method=GET path=/api/v1/outlets/112436/performance status=429 duration_ms=0 request_id=dd713cc4-79bf-4516-9638-1ab1a0a1593e
time=2026-05-04T08:55:18.177+05:30 level=INFO msg=request method=GET path=/api/v1/outlets/112445/performance status=429 duration_ms=0 request_id=be32652d-e9f0-4264-a416-33ac45127863
time=2026-05-04T08:55:18.177+05:30 level=INFO msg=request method=GET path=/api/v1/outlets/112444/performance status=429 duration_ms=0 request_id=e22b30cc-371c-4a40-a1b0-1e86c09cb0e2
time=2026-05-04T08:55:18.177+05:30 level=INFO msg=request method=GET path=/api/v1/outlets/255872/performance status=200 duration_ms=1 request_id=633f4897-dab7-49d4-bd7e-84fd92160577
time=2026-05-04T08:55:18.177+05:30 level=INFO msg=request method=GET path=/api/v1/outlets/108923/performance status=429 duration_ms=0 request_id=47508102-dd38-4e0b-965d-6a4a7219c538
time=2026-05-04T08:55:18.177+05:30 level=INFO msg=request method=GET path=/api/v1/outlets/112789/performance status=429 duration_ms=0 request_id=b8db3933-ce21-48f3-b82b-f905d673b0b6
time=2026-05-04T08:55:18.177+05:30 level=INFO msg=request method=GET path=/api/v1/outlets/112453/performance status=429 duration_ms=0 request_id=16aa424d-9bbd-4a61-8a5b-6cd9e3408ee3
time=2026-05-04T08:55:18.178+05:30 level=INFO msg=request method=GET path=/api/v1/outlets/112454/performance status=429 duration_ms=0 request_id=c53e5664-0c1c-404c-8094-42a36dc8e560
time=2026-05-04T08:55:18.178+05:30 level=INFO msg=request method=GET path=/api/v1/outlets/114234/performance status=429 duration_ms=0 request_id=8cec1031-dd61-486d-ad05-4d2586acc14b
time=2026-05-04T08:55:18.178+05:30 level=INFO msg=request method=GET path=/api/v1/outlets/151186/performance status=429 duration_ms=0 request_id=80edf7da-01be-4d55-986a-83f0b6d87638
time=2026-05-04T08:55:18.178+05:30 level=INFO msg=request method=GET path=/api/v1/outlets/118567/performance status=429 duration_ms=0 request_id=0c044976-4fb4-481e-b806-bc627cb1f80f
time=2026-05-04T08:55:18.178+05:30 level=INFO msg=request method=GET path=/api/v1/outlets/198868/performance status=429 duration_ms=0 request_id=41cb9d1e-14a5-4771-84ca-8aa5eeb32bdd
time=2026-05-04T08:55:18.178+05:30 level=INFO msg=request method=GET path=/api/v1/outlets/112402/performance status=429 duration_ms=0 request_id=2173ca7d-8c06-4a28-9e36-bf1025c3c7f3
time=2026-05-04T08:55:18.178+05:30 level=INFO msg=request method=GET path=/api/v1/outlets/118012/performance status=429 duration_ms=0 request_id=86ebc8f5-5ded-4b9d-be49-44f82dd6fd3f
time=2026-05-04T08:55:18.178+05:30 level=INFO msg=request method=GET path=/api/v1/outlets/109251/performance status=429 duration_ms=0 request_id=7bfad6b0-5817-41e3-8e22-4a6961c1c33b
time=2026-05-04T08:55:18.178+05:30 level=INFO msg=request method=GET path=/api/v1/outlets/168006/performance status=429 duration_ms=0 request_id=cc68cbba-93d9-44bc-93a8-4de369b768d2
time=2026-05-04T08:55:18.178+05:30 level=INFO msg=request method=GET path=/api/v1/outlets/148413/performance status=429 duration_ms=0 request_id=8f97d87f-f9c6-4be6-89e8-10755a9eb18f
time=2026-05-04T08:55:18.178+05:30 level=INFO msg=request method=GET path=/api/v1/outlets/112407/performance status=429 duration_ms=0 request_id=2620d328-88d1-433c-bd4f-49ba554e2656
time=2026-05-04T08:55:18.178+05:30 level=INFO msg=request method=GET path=/api/v1/outlets/112415/performance status=429 duration_ms=0 request_id=04e24d0b-a735-425a-b4e7-5b666304020c
time=2026-05-04T08:55:18.178+05:30 level=INFO msg=request method=GET path=/api/v1/outlets/198751/performance status=429 duration_ms=0 request_id=1b91035c-b245-4c88-bc67-0a3d236aa1ca
time=2026-05-04T08:55:18.178+05:30 level=INFO msg=request method=GET path=/api/v1/outlets/108765/performance status=429 duration_ms=0 request_id=eeb56e76-888b-4389-ac4f-3eedad4cfd89
time=2026-05-04T08:55:18.178+05:30 level=INFO msg=request method=GET path=/api/v1/outlets/112420/performance status=429 duration_ms=0 request_id=18ec220f-be33-424f-8610-7beec330d81f
time=2026-05-04T08:55:18.178+05:30 level=INFO msg=request method=GET path=/api/v1/outlets/118901/performance status=429 duration_ms=0 request_id=f883c030-a814-41e0-9bf7-0e668db7ebaf
time=2026-05-04T08:55:18.178+05:30 level=INFO msg=request method=GET path=/api/v1/outlets/117890/performance status=429 duration_ms=0 request_id=ed343b91-55c5-4c06-adb1-3d1295322521
time=2026-05-04T08:55:18.178+05:30 level=INFO msg=request method=GET path=/api/v1/outlets/112446/performance status=429 duration_ms=0 request_id=199af86e-374a-4801-bba3-811d344fd667
time=2026-05-04T08:55:18.178+05:30 level=INFO msg=request method=GET path=/api/v1/outlets/136152/performance status=429 duration_ms=0 request_id=65334998-38d3-4b97-825c-4ff4c6c11eee
time=2026-05-04T08:55:18.183+05:30 level=INFO msg=request method=GET path=/api/v1/outlets/128472/performance status=429 duration_ms=0 request_id=e7041859-b626-44fe-a386-04382ce7aa05
time=2026-05-04T08:55:18.183+05:30 level=INFO msg=request method=GET path=/api/v1/outlets/112384/performance status=429 duration_ms=0 request_id=b26c5ad7-26c8-4976-a4f9-e3f012d01284
time=2026-05-04T08:55:18.183+05:30 level=INFO msg=request method=GET path=/api/v1/outlets/112389/performance status=429 duration_ms=0 request_id=c09caf4d-e477-4d05-9b46-57e5d65965ad
time=2026-05-04T08:55:18.183+05:30 level=INFO msg=request method=GET path=/api/v1/outlets/112385/performance status=429 duration_ms=0 request_id=ccd1b5c7-1a90-40e0-8ecf-1078fc83eff2
time=2026-05-04T08:55:18.183+05:30 level=INFO msg=request method=GET path=/api/v1/outlets/115634/performance status=429 duration_ms=0 request_id=9d0bdcd8-1f8e-4ed3-887c-dfd0391fdfe1
time=2026-05-04T08:55:18.183+05:30 level=INFO msg=request method=GET path=/api/v1/outlets/116456/performance status=429 duration_ms=0 request_id=ec789fb1-c6dc-43ff-b785-25de9a2dd071
time=2026-05-04T08:55:18.183+05:30 level=INFO msg=request method=GET path=/api/v1/outlets/112395/performance status=429 duration_ms=0 request_id=4dac1fb6-2c08-4c1e-b6e3-22bb970e356c
time=2026-05-04T08:55:18.183+05:30 level=INFO msg=request method=GET path=/api/v1/outlets/119012/performance status=429 duration_ms=0 request_id=3d3eeb29-fe0c-4131-b8b9-8919ac8c8054
time=2026-05-04T08:55:18.183+05:30 level=INFO msg=request method=GET path=/api/v1/outlets/149238/performance status=429 duration_ms=0 request_id=75aad0bb-4f7b-4662-8d5f-2b8b4d1fe3f1
time=2026-05-04T08:55:18.183+05:30 level=INFO msg=request method=GET path=/api/v1/outlets/123784/performance status=429 duration_ms=0 request_id=0d3f12b2-0624-4b87-b0f0-ea6a76742d63
time=2026-05-04T08:55:18.183+05:30 level=INFO msg=request method=GET path=/api/v1/outlets/112418/performance status=429 duration_ms=0 request_id=02028901-14c6-4217-826a-820316803a48
time=2026-05-04T08:55:18.183+05:30 level=INFO msg=request method=GET path=/api/v1/outlets/147286/performance status=429 duration_ms=0 request_id=91431951-931a-4f21-8259-df518048d806
time=2026-05-04T08:55:18.183+05:30 level=INFO msg=request method=GET path=/api/v1/outlets/112403/performance status=429 duration_ms=0 request_id=b4b4f8a9-8075-4a8d-8963-4ead0bf785ca
time=2026-05-04T08:55:18.183+05:30 level=INFO msg=request method=GET path=/api/v1/outlets/112422/performance status=429 duration_ms=0 request_id=a14686d3-e4f2-4b3e-a06b-e557879b5b4c
time=2026-05-04T08:55:18.183+05:30 level=INFO msg=request method=GET path=/api/v1/outlets/112424/performance status=429 duration_ms=0 request_id=cad522fe-bac8-4346-bed6-6f916ccb915e
time=2026-05-04T08:55:18.183+05:30 level=INFO msg=request method=GET path=/api/v1/outlets/112412/performance status=429 duration_ms=0 request_id=607f09d6-73b6-40b7-9db3-0229fcf63e06
time=2026-05-04T08:55:18.183+05:30 level=INFO msg=request method=GET path=/api/v1/outlets/115789/performance status=429 duration_ms=0 request_id=78cc8075-9d78-46d5-a4cd-eefc06c4522c
time=2026-05-04T08:55:18.183+05:30 level=INFO msg=request method=GET path=/api/v1/outlets/167171/performance status=429 duration_ms=0 request_id=2dc97794-f068-42bb-a661-f95964ec0424
time=2026-05-04T08:55:18.183+05:30 level=INFO msg=request method=GET path=/api/v1/outlets/112411/performance status=429 duration_ms=0 request_id=510dcc7e-469a-46b7-8e71-16b83b5d8213
time=2026-05-04T08:55:18.183+05:30 level=INFO msg=request method=GET path=/api/v1/outlets/112416/performance status=429 duration_ms=0 request_id=00670e3e-1905-4085-8b83-de75f9618032
time=2026-05-04T08:55:18.183+05:30 level=INFO msg=request method=GET path=/api/v1/outlets/112419/performance status=429 duration_ms=0 request_id=dfd9c7e3-c9d9-4bd2-b090-2840fe989c1a
time=2026-05-04T08:55:18.183+05:30 level=INFO msg=request method=GET path=/api/v1/outlets/115012/performance status=429 duration_ms=0 request_id=f040bdcb-232e-4b17-8ca6-53ea69c5d44b
time=2026-05-04T08:55:18.184+05:30 level=INFO msg=request method=GET path=/api/v1/outlets/112428/performance status=429 duration_ms=0 request_id=9ec15af4-9ca3-4f4d-96a1-1794d11f86a7
time=2026-05-04T08:55:18.184+05:30 level=INFO msg=request method=GET path=/api/v1/outlets/112425/performance status=429 duration_ms=0 request_id=2779a5a4-df4b-456a-bae2-c900652c1b10
time=2026-05-04T08:55:18.184+05:30 level=INFO msg=request method=GET path=/api/v1/outlets/112437/performance status=429 duration_ms=0 request_id=3a3b13e0-3565-4ca1-ba6c-12e6d60b0442
time=2026-05-04T08:55:18.184+05:30 level=INFO msg=request method=GET path=/api/v1/outlets/112440/performance status=429 duration_ms=0 request_id=ff1c9602-8900-49ff-b7c6-d6c4e83f7c90
time=2026-05-04T08:55:18.184+05:30 level=INFO msg=request method=GET path=/api/v1/outlets/112442/performance status=429 duration_ms=0 request_id=1010e8fb-4287-40df-a22a-e6983a811ec6
time=2026-05-04T08:55:18.184+05:30 level=INFO msg=request method=GET path=/api/v1/outlets/114678/performance status=429 duration_ms=0 request_id=aa4f2aa4-89ec-4168-a392-b167ecc27421
time=2026-05-04T08:55:18.184+05:30 level=INFO msg=request method=GET path=/api/v1/outlets/112443/performance status=429 duration_ms=0 request_id=c27c0a72-f4a3-437d-ab62-73f241c8e1f4
time=2026-05-04T08:55:18.184+05:30 level=INFO msg=request method=GET path=/api/v1/outlets/112439/performance status=429 duration_ms=0 request_id=02c0af66-7c27-45ea-a023-5175439fe32e
time=2026-05-04T08:55:18.184+05:30 level=INFO msg=request method=GET path=/api/v1/outlets/111789/performance status=429 duration_ms=0 request_id=c94d700c-73b3-44bd-a9ca-cdd152f5a61c
time=2026-05-04T08:55:18.184+05:30 level=INFO msg=request method=GET path=/api/v1/outlets/114521/performance status=429 duration_ms=0 request_id=173c1039-354f-4036-9d94-9d5c8ce8bffe
time=2026-05-04T08:55:18.184+05:30 level=INFO msg=request method=GET path=/api/v1/outlets/163708/performance status=429 duration_ms=0 request_id=60bae0ee-188a-4f6c-8266-f48c3a2a00dc
time=2026-05-04T08:55:18.184+05:30 level=INFO msg=request method=GET path=/api/v1/outlets/117234/performance status=429 duration_ms=0 request_id=e1fe7e19-4e05-4238-a840-90cebe494de9
time=2026-05-04T08:55:18.184+05:30 level=INFO msg=request method=GET path=/api/v1/outlets/112455/performance status=429 duration_ms=0 request_id=41535264-2d07-4fb8-a649-ac2c98ba3382
time=2026-05-04T08:55:18.184+05:30 level=INFO msg=request method=GET path=/api/v1/outlets/112461/performance status=429 duration_ms=0 request_id=71c685b3-9831-4e95-ada9-5bc8de344624
time=2026-05-04T08:55:18.184+05:30 level=INFO msg=request method=GET path=/api/v1/outlets/112459/performance status=429 duration_ms=0 request_id=4b534e03-c7db-4e1d-a8c5-1f296565ac52
time=2026-05-04T08:55:18.184+05:30 level=INFO msg=request method=GET path=/api/v1/outlets/112404/performance status=429 duration_ms=0 request_id=7f9b4c0b-30c5-488f-ac61-c10ff4a53fd3
time=2026-05-04T08:55:18.184+05:30 level=INFO msg=request method=GET path=/api/v1/outlets/112466/performance status=429 duration_ms=0 request_id=2b02d35e-136e-429a-9438-8f29bf3159d2
time=2026-05-04T08:55:18.184+05:30 level=INFO msg=request method=GET path=/api/v1/outlets/112427/performance status=429 duration_ms=0 request_id=3f4a7db3-e7e0-46e3-bb7e-206de8a20286
time=2026-05-04T08:55:18.184+05:30 level=INFO msg=request method=GET path=/api/v1/outlets/110567/performance status=429 duration_ms=0 request_id=999706cf-0f38-4958-a0f1-d5975e5341ba
time=2026-05-04T08:55:18.184+05:30 level=INFO msg=request method=GET path=/api/v1/outlets/112435/performance status=429 duration_ms=0 request_id=347d963a-6291-4e10-a898-b3114a29a9b2
time=2026-05-04T08:55:18.184+05:30 level=INFO msg=request method=GET path=/api/v1/outlets/116890/performance status=429 duration_ms=0 request_id=1729c0f2-4244-4557-a520-0d98ad4edaee
time=2026-05-04T08:55:18.184+05:30 level=INFO msg=request method=GET path=/api/v1/outlets/116789/performance status=429 duration_ms=0 request_id=e3d77771-9a9d-4e53-a9e9-eca3b6eafa71
time=2026-05-04T08:55:18.184+05:30 level=INFO msg=request method=GET path=/api/v1/outlets/116123/performance status=429 duration_ms=0 request_id=a793db76-df51-4d90-bda3-31c5e060b2d2
time=2026-05-04T08:55:18.184+05:30 level=INFO msg=request method=GET path=/api/v1/outlets/256507/performance status=429 duration_ms=0 request_id=eca352e7-d454-490d-90cb-155f56546f11
time=2026-05-04T08:55:18.184+05:30 level=INFO msg=request method=GET path=/api/v1/outlets/163741/performance status=429 duration_ms=0 request_id=13453fb3-40d5-4b8d-af64-a4259b5d4c03
time=2026-05-04T08:55:18.184+05:30 level=INFO msg=request method=GET path=/api/v1/outlets/112410/performance status=429 duration_ms=0 request_id=3e9539de-5f27-4930-9086-5adb2ea30c27
time=2026-05-04T08:55:18.184+05:30 level=INFO msg=request method=GET path=/api/v1/outlets/112408/performance status=429 duration_ms=0 request_id=4f5086f3-d187-4d3d-aad5-f24efbdabe4c
time=2026-05-04T08:55:18.184+05:30 level=INFO msg=request method=GET path=/api/v1/outlets/147087/performance status=429 duration_ms=0 request_id=2ce0b7c7-2d06-4f5a-9f99-322be106deaf
time=2026-05-04T08:55:18.184+05:30 level=INFO msg=request method=GET path=/api/v1/outlets/144348/performance status=429 duration_ms=0 request_id=e5ca71f3-68ae-47dd-a395-282903c2bb64
time=2026-05-04T08:55:18.184+05:30 level=INFO msg=request method=GET path=/api/v1/outlets/146411/performance status=429 duration_ms=0 request_id=85e76c5d-e4d7-4b4b-8d26-c5eafa0c78e5
time=2026-05-04T08:55:18.184+05:30 level=INFO msg=request method=GET path=/api/v1/outlets/113782/performance status=429 duration_ms=0 request_id=ea56f28d-a348-469b-8ae6-708c86e9a881
time=2026-05-04T08:55:18.184+05:30 level=INFO msg=request method=GET path=/api/v1/outlets/149412/performance status=429 duration_ms=0 request_id=4da83099-d990-42cb-8171-eab415cee18c
time=2026-05-04T08:55:18.184+05:30 level=INFO msg=request method=GET path=/api/v1/outlets/112451/performance status=429 duration_ms=0 request_id=d9c44010-a191-4ea3-a804-b70cb9c81a52
time=2026-05-04T08:55:18.184+05:30 level=INFO msg=request method=GET path=/api/v1/outlets/119456/performance status=429 duration_ms=0 request_id=8fb5d334-458d-4301-b0e8-71c393bc79c6
time=2026-05-04T08:55:18.416+05:30 level=INFO msg=request method=POST path=/api/v1/auth/login status=429 duration_ms=0 request_id=65a9fab8-7327-4a2c-9118-f3ed6ecabbc1
time=2026-05-04T08:55:20.496+05:30 level=INFO msg=request method=POST path=/api/v1/auth/login status=200 duration_ms=73 request_id=92d43f63-e470-4e67-babb-28e5cb23b73a
time=2026-05-04T08:55:20.504+05:30 level=INFO msg=request method=GET path=/api/v1/territory/outlets status=200 duration_ms=6 request_id=b7f3b65c-fa27-4dfb-9bb2-411ba93ae952
time=2026-05-04T08:55:20.514+05:30 level=INFO msg=request method=GET path=/api/v1/outlets/112386/performance status=200 duration_ms=1 request_id=e71786a0-df97-4e02-9561-e936a94550ef
time=2026-05-04T08:55:20.791+05:30 level=INFO msg=request method=POST path=/api/v1/auth/login status=200 duration_ms=49 request_id=ecb2fc63-9978-4ea1-ba32-6aed95bec471
time=2026-05-04T08:55:20.795+05:30 level=INFO msg=request method=GET path=/api/v1/territory/outlets status=429 duration_ms=0 request_id=1ada6c3d-570c-4ec4-a366-2e827793b064
time=2026-05-04T08:55:20.805+05:30 level=INFO msg=request method=GET path=/api/v1/competition/leaderboard status=429 duration_ms=0 request_id=627fda81-4dcc-4f0e-9bd6-48ece256c329
time=2026-05-04T08:55:21.044+05:30 level=INFO msg=request method=POST path=/api/v1/auth/login status=429 duration_ms=0 request_id=e4e513d0-d85b-491c-b8fa-9abfe9bd76af
time=2026-05-04T08:55:23.125+05:30 level=INFO msg=request method=POST path=/api/v1/auth/login status=200 duration_ms=72 request_id=8e6cc9da-b3b3-40a9-9131-46b5f2645fbd
time=2026-05-04T08:55:23.134+05:30 level=INFO msg=request method=GET path=/api/v1/territory/outlets status=200 duration_ms=6 request_id=72fe3e47-f3e0-45a8-820c-ee212bcfa749
time=2026-05-04T08:55:23.146+05:30 level=INFO msg=request method=GET path=/api/v1/competition/leaderboard status=200 duration_ms=4 request_id=c508c326-e26a-4bb9-bb22-09ce322d31b5
time=2026-05-04T08:55:23.428+05:30 level=INFO msg=request method=POST path=/api/v1/auth/login status=200 duration_ms=48 request_id=948cf6a1-2a1b-475d-be6b-72a0ed1e5a9f
time=2026-05-04T08:55:23.437+05:30 level=INFO msg=request method=POST path=/api/v1/auth/login status=429 duration_ms=0 request_id=1cc1ad33-ea52-43a1-870c-19635f60f845
time=2026-05-04T08:55:23.732+05:30 level=INFO msg=request method=POST path=/api/v1/auth/login status=200 duration_ms=48 request_id=83791330-5ab5-4487-8898-f78452b2e54a
time=2026-05-04T08:55:23.741+05:30 level=INFO msg=request method=POST path=/api/v1/auth/login status=429 duration_ms=0 request_id=764641f5-f38b-430c-8504-6362f5cba955
time=2026-05-04T08:55:23.993+05:30 level=INFO msg=request method=POST path=/api/v1/auth/login status=429 duration_ms=0 request_id=b2d6d814-e246-4bd3-871a-3a3c9e5f8bc0
time=2026-05-04T08:55:26.072+05:30 level=INFO msg=request method=POST path=/api/v1/auth/login status=200 duration_ms=72 request_id=0cf9c36b-0fe4-47aa-9663-55fe5f905d2b
time=2026-05-04T08:55:26.127+05:30 level=INFO msg=request method=POST path=/api/v1/auth/login status=401 duration_ms=47 request_id=989c9b3e-dd54-4b59-96b1-91009df620bf
time=2026-05-04T08:55:26.133+05:30 level=INFO msg=request method=GET path=/api/v1/auth/me status=200 duration_ms=0 request_id=6cb6d5b8-5ad5-4580-9f32-d73d73536113
time=2026-05-04T08:55:26.139+05:30 level=INFO msg=request method=GET path=/api/v1/auth/me status=401 duration_ms=0 request_id=3388a4a6-768c-455a-ae75-9756fc4cc043
time=2026-05-04T08:55:26.144+05:30 level=INFO msg=request method=GET path=/api/v1/outlets/112847 status=429 duration_ms=0 request_id=6649c72b-a233-4c22-a566-bd1e5fde14a6
time=2026-05-04T08:55:26.376+05:30 level=INFO msg=request method=POST path=/api/v1/auth/login status=429 duration_ms=0 request_id=5c670ca6-a53e-4f99-aef7-6772435727c7
time=2026-05-04T08:55:28.450+05:30 level=INFO msg=request method=POST path=/api/v1/auth/login status=200 duration_ms=68 request_id=ff5fa78b-8fd4-4b6c-b367-7f058fd03a40
time=2026-05-04T08:55:28.461+05:30 level=INFO msg=request method=GET path=/api/v1/outlets/112847 status=200 duration_ms=2 request_id=ab1df44d-da56-4813-8c11-6d9a2bb85a56
time=2026-05-04T08:55:28.469+05:30 level=INFO msg=request method=GET path=/api/v1/outlets/999999 status=404 duration_ms=0 request_id=9090483d-1980-48d1-a383-b11ee8686111
time=2026-05-04T08:55:28.478+05:30 level=INFO msg=request method=GET path=/api/v1/outlets/112847/performance status=200 duration_ms=1 request_id=47be32ed-5c6e-4e2d-96d3-27f351acaf1c
time=2026-05-04T08:55:28.707+05:30 level=INFO msg=request method=POST path=/api/v1/auth/login status=429 duration_ms=0 request_id=1631bdcb-3012-4218-aa18-ab58c1d3b1fe
time=2026-05-04T08:55:30.790+05:30 level=INFO msg=request method=POST path=/api/v1/auth/login status=200 duration_ms=76 request_id=7f2e8b39-1516-4070-a266-7c71c90ed8e2
time=2026-05-04T08:55:30.801+05:30 level=INFO msg=request method=GET path=/api/v1/outlets/112847/performance status=200 duration_ms=2 request_id=a132e2ff-db61-4d9f-b65c-0aaeab7819a9
time=2026-05-04T08:55:31.087+05:30 level=INFO msg=request method=POST path=/api/v1/auth/login status=200 duration_ms=47 request_id=a0a18539-5660-4c1d-afd7-68a619be4770
time=2026-05-04T08:55:31.097+05:30 level=INFO msg=request method=GET path=/api/v1/outlets/112847/performance status=200 duration_ms=1 request_id=7df23192-5d5e-4f73-8673-944768b7eabb
time=2026-05-04T08:55:31.392+05:30 level=INFO msg=request method=POST path=/api/v1/auth/login status=200 duration_ms=48 request_id=ef71830a-d2f3-48ea-992d-5d8dbffa3dcb
time=2026-05-04T08:55:31.402+05:30 level=INFO msg=request method=GET path=/api/v1/outlets/112847/performance status=429 duration_ms=0 request_id=a85af55e-028e-42aa-a70b-72bc0e307f64
time=2026-05-04T08:55:31.649+05:30 level=INFO msg=request method=POST path=/api/v1/auth/login status=429 duration_ms=0 request_id=01cfd085-e853-4087-8f27-374b7b5302df
time=2026-05-04T08:55:33.727+05:30 level=INFO msg=request method=POST path=/api/v1/auth/login status=200 duration_ms=71 request_id=390a224c-fd6e-4207-88d4-05ec914f4671
time=2026-05-04T08:55:33.737+05:30 level=INFO msg=request method=GET path=/api/v1/outlets/112847/performance status=200 duration_ms=2 request_id=fd9fe5ff-cb21-4d3f-a0c8-dc567ca2d106
time=2026-05-04T08:55:34.025+05:30 level=INFO msg=request method=POST path=/api/v1/auth/login status=200 duration_ms=49 request_id=599c0831-d0c4-4eeb-9c6f-28ef33132a36
time=2026-05-04T08:55:34.036+05:30 level=INFO msg=request method=GET path=/api/v1/outlets/112847/performance status=200 duration_ms=2 request_id=09fc06d3-aa88-48a4-bddb-dbd7c8379c0b
time=2026-05-04T08:55:34.284+05:30 level=INFO msg=request method=POST path=/api/v1/auth/login status=429 duration_ms=0 request_id=cbe1a747-605f-4f8a-abb3-34447ce34e0e
time=2026-05-04T08:55:36.367+05:30 level=INFO msg=request method=POST path=/api/v1/auth/login status=200 duration_ms=75 request_id=de6a54b9-1c88-45e1-8cb4-67f265310e7e
time=2026-05-04T08:55:36.377+05:30 level=INFO msg=request method=GET path=/api/v1/outlets/112847/performance status=200 duration_ms=1 request_id=e1384173-5133-4d27-8d76-6fc8ab292ebd
time=2026-05-04T08:55:36.666+05:30 level=INFO msg=request method=POST path=/api/v1/auth/login status=200 duration_ms=48 request_id=401ee8da-63a5-462d-885d-94ca096c33f9
time=2026-05-04T08:55:36.677+05:30 level=INFO msg=request method=GET path=/api/v1/outlets/112847/performance status=200 duration_ms=2 request_id=a70a5fab-4a15-4f9c-874d-ef464b852a66
time=2026-05-04T08:55:36.975+05:30 level=INFO msg=request method=POST path=/api/v1/auth/login status=200 duration_ms=49 request_id=d8a2f687-05ff-4671-8a8b-4e84d1146816
time=2026-05-04T08:55:36.991+05:30 level=INFO msg=request method=GET path=/api/v1/outlets/112847/analysis status=429 duration_ms=0 request_id=9bbbdbd6-0945-4de3-b42a-c82375290b54
time=2026-05-04T08:55:37.240+05:30 level=INFO msg=request method=POST path=/api/v1/auth/login status=429 duration_ms=0 request_id=3c0daf31-2f3c-4230-a20a-6c8a19007312
time=2026-05-04T08:55:39.316+05:30 level=INFO msg=request method=POST path=/api/v1/auth/login status=200 duration_ms=70 request_id=7c63f15e-d1c0-40f7-962c-df8e961c0ca7
time=2026-05-04T08:55:39.327+05:30 level=INFO msg=request method=GET path=/api/v1/outlets/112847/analysis status=200 duration_ms=3 request_id=536e5e30-3213-4c6e-a474-029d6e21b85b
time=2026-05-04T08:55:39.338+05:30 level=INFO msg=request method=GET path=/api/v1/outlets/112847/trend status=200 duration_ms=2 request_id=98a10eb7-c6b8-4e39-aebd-3fa3fa64f6f9
time=2026-05-04T08:55:39.616+05:30 level=INFO msg=request method=POST path=/api/v1/auth/login status=200 duration_ms=48 request_id=0c46e342-035b-4b08-81b4-baeb24291b50
time=2026-05-04T08:55:39.626+05:30 level=INFO msg=request method=GET path=/api/v1/outlets/112847/trend status=429 duration_ms=0 request_id=4ac0fd00-4853-4f56-aa43-873709ff94e5
time=2026-05-04T08:55:39.925+05:30 level=INFO msg=request method=POST path=/api/v1/auth/login status=200 duration_ms=48 request_id=97a33ec2-bf19-4f2a-a5ed-ae4d3267f436
time=2026-05-04T08:55:39.933+05:30 level=INFO msg=request method=GET path=/api/v1/outlets/112847/targets status=429 duration_ms=0 request_id=cf8b5424-f4c9-4ea2-9c18-9f070d19d8f6
time=2026-05-04T08:55:40.199+05:30 level=INFO msg=request method=POST path=/api/v1/auth/login status=429 duration_ms=0 request_id=cfc50367-fe8d-430c-bfda-8c981f8a3a89
time=2026-05-04T08:55:42.283+05:30 level=INFO msg=request method=POST path=/api/v1/auth/login status=200 duration_ms=76 request_id=ae06877f-8f7a-4a32-92e2-eca6cef128c9
time=2026-05-04T08:55:42.292+05:30 level=INFO msg=request method=GET path=/api/v1/outlets/112847/targets status=200 duration_ms=0 request_id=e86ae374-09ad-4ccc-b7e7-d98cdd36c95e
time=2026-05-04T08:55:42.349+05:30 level=INFO msg=request method=POST path=/api/v1/auth/login status=200 duration_ms=49 request_id=d3674bec-06bb-47d4-b96b-fc236cab08a2
time=2026-05-04T08:55:42.350+05:30 level=INFO msg=request method=PUT path=/api/v1/outlets/112847/targets status=422 duration_ms=0 request_id=abaf677d-9aa0-4638-8bd2-7cef10b9d6ef
time=2026-05-04T08:55:42.583+05:30 level=INFO msg=request method=POST path=/api/v1/auth/login status=429 duration_ms=0 request_id=25923ef8-ae8c-4bb1-ac8e-96e0aee4f1f3
time=2026-05-04T08:55:44.653+05:30 level=INFO msg=request method=POST path=/api/v1/auth/login status=200 duration_ms=63 request_id=f4a43bb5-396c-4766-b83e-ad62a238708a
time=2026-05-04T08:55:44.711+05:30 level=INFO msg=request method=POST path=/api/v1/auth/login status=200 duration_ms=48 request_id=4202c42b-0aaa-4170-868e-6ac1dcc429f3
time=2026-05-04T08:55:44.712+05:30 level=INFO msg=request method=PUT path=/api/v1/outlets/112847/targets status=422 duration_ms=0 request_id=4a9abd9b-baf5-4a7a-b1fe-00708fe4b681
time=2026-05-04T08:55:44.999+05:30 level=INFO msg=request method=POST path=/api/v1/auth/login status=200 duration_ms=51 request_id=3e2483be-36ac-4a0c-8dbc-41624c47f6a2
time=2026-05-04T08:55:45.018+05:30 level=INFO msg=request method=GET path=/api/v1/competition/leaderboard status=429 duration_ms=0 request_id=e9114193-f36d-4115-baba-1e3f2a73a3bd
time=2026-05-04T08:55:45.345+05:30 level=INFO msg=request method=POST path=/api/v1/auth/login status=200 duration_ms=49 request_id=3681fef7-a91c-4cdd-acab-8d80c042c770
time=2026-05-04T08:55:45.354+05:30 level=INFO msg=request method=GET path=/api/v1/competition/leaderboard status=429 duration_ms=0 request_id=0aa351fc-4e52-425f-a5ae-12aeeab3684a
time=2026-05-04T08:55:45.606+05:30 level=INFO msg=request method=POST path=/api/v1/auth/login status=429 duration_ms=0 request_id=366916e4-bc54-410a-9947-72e21fa49974
time=2026-05-04T08:55:47.683+05:30 level=INFO msg=request method=POST path=/api/v1/auth/login status=200 duration_ms=70 request_id=da57c854-3772-4dd9-af24-4147b549632a
time=2026-05-04T08:55:47.693+05:30 level=INFO msg=request method=GET path=/api/v1/competition/leaderboard status=200 duration_ms=2 request_id=e56e88e7-6e60-4994-b325-a33bb119e0d2
time=2026-05-04T08:55:47.703+05:30 level=INFO msg=request method=GET path=/api/v1/competition/leaderboard status=200 duration_ms=3 request_id=f8eef4fd-f868-492e-bddb-94a628988d50
time=2026-05-04T08:55:47.759+05:30 level=INFO msg=request method=POST path=/api/v1/auth/login status=200 duration_ms=48 request_id=20fdfa49-9c25-4cbf-8a42-42fbb9683f7e
time=2026-05-04T08:55:47.760+05:30 level=INFO msg=request method=GET path=/api/v1/territory/outlets status=429 duration_ms=0 request_id=126cf84a-f4fd-4264-96b7-8c8884b5a87f
time=2026-05-04T08:55:47.991+05:30 level=INFO msg=request method=POST path=/api/v1/auth/login status=429 duration_ms=0 request_id=f46c9c28-ae0d-4616-9e25-3c860b8191d4
time=2026-05-04T08:55:50.069+05:30 level=INFO msg=request method=POST path=/api/v1/auth/login status=200 duration_ms=70 request_id=77e11e58-0918-4d2a-9861-ee9116dac2bd
time=2026-05-04T08:55:50.127+05:30 level=INFO msg=request method=POST path=/api/v1/auth/login status=200 duration_ms=49 request_id=5999d159-73b6-450a-9ed5-2af3a0ab3c09
time=2026-05-04T08:55:50.129+05:30 level=INFO msg=request method=GET path=/api/v1/territory/outlets status=200 duration_ms=1 request_id=706f7bd5-b194-4926-829f-8db2dac73bb4
time=2026-05-04T08:55:50.184+05:30 level=INFO msg=request method=POST path=/api/v1/auth/login status=200 duration_ms=48 request_id=173bc8f2-938f-411b-a920-dbbd7fe407f4
time=2026-05-04T08:55:50.185+05:30 level=INFO msg=request method=GET path=/api/v1/territory/outlets status=429 duration_ms=0 request_id=c36dea52-e426-48a2-b54d-6be1fe0d8240
time=2026-05-04T08:55:50.428+05:30 level=INFO msg=request method=POST path=/api/v1/auth/login status=429 duration_ms=0 request_id=dd7e5be1-5ae6-497c-8de2-21984e43b72f
time=2026-05-04T08:55:52.506+05:30 level=INFO msg=request method=POST path=/api/v1/auth/login status=200 duration_ms=71 request_id=1d78d665-829a-41a4-8095-4b2db0eac693
time=2026-05-04T08:55:52.564+05:30 level=INFO msg=request method=POST path=/api/v1/auth/login status=200 duration_ms=49 request_id=9711b25e-7fce-4ed4-95da-ee677ae75efa
time=2026-05-04T08:55:52.565+05:30 level=INFO msg=request method=GET path=/api/v1/territory/outlets status=403 duration_ms=0 request_id=ec57f1b7-3c1b-4cb1-a1a8-6ccc4d57f2f8
time=2026-05-04T08:55:52.572+05:30 level=INFO msg=request method=GET path=/api/v1/admin/users status=200 duration_ms=1 request_id=94d9c430-61cd-4e5b-8a60-427456adf860
time=2026-05-04T08:55:52.804+05:30 level=INFO msg=request method=POST path=/api/v1/auth/login status=429 duration_ms=0 request_id=6192b9d3-ac8d-4500-b9c0-9d6838ca6704
time=2026-05-04T08:55:54.883+05:30 level=INFO msg=request method=POST path=/api/v1/auth/login status=200 duration_ms=72 request_id=a61f1946-22e3-480d-b454-14f7893ae083
time=2026-05-04T08:55:54.893+05:30 level=INFO msg=request method=GET path=/api/v1/admin/users status=200 duration_ms=1 request_id=491eb57e-6f88-4238-acdc-9bebfa38c518
time=2026-05-04T08:55:55.182+05:30 level=INFO msg=request method=POST path=/api/v1/auth/login status=200 duration_ms=49 request_id=e8db9100-0e3d-4c1b-8cc3-90e4a877617d
time=2026-05-04T08:55:55.240+05:30 level=INFO msg=request method=POST path=/api/v1/auth/login status=200 duration_ms=48 request_id=7141a70c-eedb-482e-b308-d690d2c8fe54
time=2026-05-04T08:55:55.241+05:30 level=INFO msg=request method=GET path=/api/v1/admin/users status=429 duration_ms=0 request_id=675f2b03-8f14-4b9d-8e1a-d29bcf130527
time=2026-05-04T08:55:55.538+05:30 level=INFO msg=request method=POST path=/api/v1/auth/login status=200 duration_ms=49 request_id=01d8451b-6e8a-46ea-a62e-a627db7b33db
time=2026-05-04T08:55:55.547+05:30 level=INFO msg=request method=POST path=/api/v1/auth/login status=429 duration_ms=0 request_id=5dcf4f31-5318-4dca-b469-1653095d0ad6
time=2026-05-04T08:55:57.623+05:30 level=INFO msg=request method=POST path=/api/v1/auth/login status=200 duration_ms=74 request_id=7bc3f2e5-316a-44f6-b259-65f7ba8d7da1
time=2026-05-04T08:55:57.624+05:30 level=INFO msg=request method=GET path=/api/v1/admin/users status=403 duration_ms=0 request_id=b67a5f93-5990-4698-8831-f36175b81e00
time=2026-05-04T08:55:57.635+05:30 level=INFO msg=request method=GET path=/api/v1/competition/c0000000-0001-0001-0001-000000000001/market-share-status status=200 duration_ms=4 request_id=63b52c13-c072-40d0-bc71-64973c3ea870
time=2026-05-04T08:55:57.642+05:30 level=INFO msg=request method=GET path=/health status=429 duration_ms=0 request_id=eb086c1c-7d5e-4fbb-965f-2d8502bd9161
time=2026-05-04T08:55:58.659+05:30 level=INFO msg=request method=OPTIONS path=/api/v1/auth/login status=204 duration_ms=0 request_id=c3b51791-d186-4825-88b7-bca0a66853e2
time=2026-05-04T08:55:58.718+05:30 level=INFO msg=request method=POST path=/api/v1/auth/login status=200 duration_ms=57 request_id=da41ec02-41e0-430f-a9b7-4c61a03fd9f6
time=2026-05-04T08:56:02.471+05:30 level=INFO msg=request method=OPTIONS path=/api/v1/auth/login status=204 duration_ms=0 request_id=020ba1ac-a7c9-45ad-ac27-8df53d0561fb
time=2026-05-04T08:56:02.522+05:30 level=INFO msg=request method=POST path=/api/v1/auth/login status=401 duration_ms=51 request_id=a0c69d30-a4f1-4d1b-8039-710421370df4
time=2026-05-04T08:56:05.554+05:30 level=INFO msg=request method=OPTIONS path=/api/v1/auth/login status=204 duration_ms=0 request_id=c25f69bf-ffa3-4bcf-b961-5b22116bc076
time=2026-05-04T08:56:05.604+05:30 level=INFO msg=request method=POST path=/api/v1/auth/login status=401 duration_ms=49 request_id=9946d57d-c7f2-4106-9450-badc61cb8fe8
time=2026-05-04T08:56:08.655+05:30 level=INFO msg=request method=OPTIONS path=/api/v1/auth/login status=204 duration_ms=0 request_id=1cee6ebe-61cf-4cf3-8896-ca2e4e4baa17
time=2026-05-04T08:56:08.708+05:30 level=INFO msg=request method=POST path=/api/v1/auth/login status=200 duration_ms=52 request_id=fb1437a9-0978-4927-9b40-5ad4912b3a7d
time=2026-05-04T08:56:12.454+05:30 level=INFO msg=request method=OPTIONS path=/api/v1/auth/login status=204 duration_ms=0 request_id=826a4fd3-d47f-4084-b597-bccfbecafb5f
time=2026-05-04T08:56:12.509+05:30 level=INFO msg=request method=POST path=/api/v1/auth/login status=200 duration_ms=54 request_id=8d5acf0e-a578-4e3a-966d-de5f2972ea36
time=2026-05-04T08:56:18.605+05:30 level=INFO msg=request method=OPTIONS path=/api/v1/auth/login status=204 duration_ms=0 request_id=430fb3f7-682f-4b5c-acfd-71dccd48cfef
time=2026-05-04T08:56:18.658+05:30 level=INFO msg=request method=POST path=/api/v1/auth/login status=200 duration_ms=52 request_id=5e27bafc-cddf-4493-8925-6eec7ff73ca8
time=2026-05-04T08:56:24.025+05:30 level=INFO msg=request method=POST path=/api/v1/auth/login status=200 duration_ms=49 request_id=7e667938-679c-4d17-8868-e21dba7a9276
time=2026-05-04T08:56:24.033+05:30 level=INFO msg=request method=GET path=/api/v1/competition/leaderboard status=200 duration_ms=3 request_id=4a630762-d297-4e92-bea3-cbef01e19d37
time=2026-05-04T08:56:24.045+05:30 level=INFO msg=request method=GET path=/api/v1/competition/leaderboard status=200 duration_ms=3 request_id=132ad4aa-780d-4184-a7dd-ffc4f938210f
time=2026-05-04T08:56:24.821+05:30 level=INFO msg=request method=OPTIONS path=/api/v1/auth/login status=204 duration_ms=0 request_id=f3270409-9b53-43e2-96bf-b7d41c955d8d
time=2026-05-04T08:56:24.873+05:30 level=INFO msg=request method=POST path=/api/v1/auth/login status=200 duration_ms=51 request_id=3f88360d-cf61-438a-a30e-9e14713f6baa
time=2026-05-04T08:56:27.871+05:30 level=INFO msg=request method=OPTIONS path=/api/v1/outlets/112847 status=204 duration_ms=0 request_id=1e8c4fa0-a604-4162-b4e5-40ea72783623
time=2026-05-04T08:56:27.871+05:30 level=INFO msg=request method=OPTIONS path=/api/v1/outlets/112847/performance status=204 duration_ms=0 request_id=e4dee4f9-1dc1-4d5e-ad7c-10415b96683c
time=2026-05-04T08:56:27.873+05:30 level=INFO msg=request method=GET path=/api/v1/outlets/112847/performance status=200 duration_ms=1 request_id=f02c59bf-9c9e-4147-b8fa-fb7887579b15
time=2026-05-04T08:56:27.874+05:30 level=INFO msg=request method=GET path=/api/v1/outlets/112847 status=200 duration_ms=2 request_id=3ff327ee-6714-455f-b935-18bdda3bd7d1
time=2026-05-04T08:56:27.885+05:30 level=INFO msg=request method=OPTIONS path=/api/v1/outlets/112847/targets status=204 duration_ms=0 request_id=2d7f2c43-30c5-4922-be90-89002126db1b
time=2026-05-04T08:56:27.887+05:30 level=INFO msg=request method=GET path=/api/v1/outlets/112847/targets status=200 duration_ms=1 request_id=5c9bdfba-3cd8-4009-a51a-4632ae21c4f1
time=2026-05-04T08:56:27.888+05:30 level=INFO msg=request method=OPTIONS path=/api/v1/outlets/112847/analysis status=204 duration_ms=0 request_id=5ba2d8d4-e62c-4e6a-9269-3d87f4cc5b77
time=2026-05-04T08:56:27.888+05:30 level=INFO msg=request method=OPTIONS path=/api/v1/competition/leaderboard status=204 duration_ms=0 request_id=71536bf4-08d2-4694-abee-a37647bac73f
time=2026-05-04T08:56:27.888+05:30 level=INFO msg=request method=OPTIONS path=/api/v1/competition/c0000000-0001-0001-0001-000000000001/market-share-status status=204 duration_ms=0 request_id=d5969c47-2257-4151-9118-31d6e26b4188
time=2026-05-04T08:56:27.890+05:30 level=INFO msg=request method=GET path=/api/v1/outlets/112847/analysis status=200 duration_ms=1 request_id=919ffe01-c1e1-425c-b402-c7cbe90b8380
time=2026-05-04T08:56:27.890+05:30 level=INFO msg=request method=GET path=/api/v1/competition/leaderboard status=200 duration_ms=1 request_id=70ab22bf-6a53-4569-ae74-07454d8264a6
time=2026-05-04T08:56:27.891+05:30 level=INFO msg=request method=GET path=/api/v1/competition/c0000000-0001-0001-0001-000000000001/market-share-status status=200 duration_ms=2 request_id=c977e5a2-29f2-42ea-81c1-fa3e4e748d4d
time=2026-05-04T08:56:31.687+05:30 level=INFO msg=request method=OPTIONS path=/api/v1/auth/login status=204 duration_ms=0 request_id=f3942fba-4673-48b7-bf9e-142a991cfef0
time=2026-05-04T08:56:31.739+05:30 level=INFO msg=request method=POST path=/api/v1/auth/login status=200 duration_ms=51 request_id=9d7ebff4-b866-44a2-8e8a-ae33fccae267
time=2026-05-04T08:56:34.738+05:30 level=INFO msg=request method=OPTIONS path=/api/v1/outlets/112847 status=204 duration_ms=0 request_id=cbc25f1d-eef9-45ba-995c-cf03dcc0578c
time=2026-05-04T08:56:34.738+05:30 level=INFO msg=request method=OPTIONS path=/api/v1/outlets/112847/performance status=204 duration_ms=0 request_id=df542054-7d53-4221-97de-f0795823f98b
time=2026-05-04T08:56:34.740+05:30 level=INFO msg=request method=GET path=/api/v1/outlets/112847/performance status=200 duration_ms=1 request_id=eac3ae41-ea05-47ed-a120-888d79e851c8
time=2026-05-04T08:56:34.740+05:30 level=INFO msg=request method=GET path=/api/v1/outlets/112847 status=200 duration_ms=2 request_id=1c1aa2a7-a9d1-45cc-b0f8-57b68b6216b3
time=2026-05-04T08:56:34.752+05:30 level=INFO msg=request method=OPTIONS path=/api/v1/outlets/112847/targets status=204 duration_ms=0 request_id=398dbf27-b5bd-4d23-9be2-b855aeb5ba39
time=2026-05-04T08:56:34.753+05:30 level=INFO msg=request method=GET path=/api/v1/outlets/112847/targets status=200 duration_ms=1 request_id=87b8e2bd-59b7-4c5a-9dac-730e267708ba
time=2026-05-04T08:56:34.755+05:30 level=INFO msg=request method=OPTIONS path=/api/v1/outlets/112847/analysis status=204 duration_ms=0 request_id=6e9b230a-a5c4-43c0-b0af-84eb5f14747d
time=2026-05-04T08:56:34.755+05:30 level=INFO msg=request method=OPTIONS path=/api/v1/competition/c0000000-0001-0001-0001-000000000001/market-share-status status=204 duration_ms=0 request_id=abe3078f-962c-439d-b084-819997939ce1
time=2026-05-04T08:56:34.755+05:30 level=INFO msg=request method=OPTIONS path=/api/v1/competition/leaderboard status=204 duration_ms=0 request_id=bd549148-629d-47e9-9394-d5afb6e7c6c6
time=2026-05-04T08:56:34.757+05:30 level=INFO msg=request method=GET path=/api/v1/outlets/112847/analysis status=200 duration_ms=1 request_id=4fa4e9ea-126a-4b0c-911f-bd6816180962
time=2026-05-04T08:56:34.758+05:30 level=INFO msg=request method=GET path=/api/v1/competition/leaderboard status=200 duration_ms=2 request_id=a7581867-15e4-4383-a71b-653e662ce64a
time=2026-05-04T08:56:34.760+05:30 level=INFO msg=request method=GET path=/api/v1/competition/c0000000-0001-0001-0001-000000000001/market-share-status status=200 duration_ms=4 request_id=c7ee5144-8d1f-495e-aa61-e491694eecdd
time=2026-05-04T08:56:38.538+05:30 level=INFO msg=request method=OPTIONS path=/api/v1/auth/login status=204 duration_ms=0 request_id=6f59fd4e-16c5-4663-a9a1-ba94f3f42fac
time=2026-05-04T08:56:38.594+05:30 level=INFO msg=request method=POST path=/api/v1/auth/login status=200 duration_ms=56 request_id=b2160164-2963-4117-94eb-3d5efa69e0c0
time=2026-05-04T08:56:41.588+05:30 level=INFO msg=request method=OPTIONS path=/api/v1/outlets/112847 status=204 duration_ms=0 request_id=f2dc428d-86d9-4c7f-ab5b-87664f3152d4
time=2026-05-04T08:56:41.588+05:30 level=INFO msg=request method=OPTIONS path=/api/v1/outlets/112847/performance status=204 duration_ms=0 request_id=3cd9df46-37dc-4069-ab52-c91765fdc5ad
time=2026-05-04T08:56:41.590+05:30 level=INFO msg=request method=GET path=/api/v1/outlets/112847/performance status=200 duration_ms=1 request_id=606447e3-bbca-4e5d-b739-a1792f599ce0
time=2026-05-04T08:56:41.591+05:30 level=INFO msg=request method=GET path=/api/v1/outlets/112847 status=200 duration_ms=2 request_id=39e2c720-7777-4eff-9b89-830583b3b68b
time=2026-05-04T08:56:41.602+05:30 level=INFO msg=request method=OPTIONS path=/api/v1/outlets/112847/targets status=204 duration_ms=0 request_id=d061843c-a0bf-4c3b-8836-be7843ffee21
time=2026-05-04T08:56:41.603+05:30 level=INFO msg=request method=GET path=/api/v1/outlets/112847/targets status=200 duration_ms=0 request_id=77306fb1-5d3d-4436-83fa-e5c68914e734
time=2026-05-04T08:56:41.604+05:30 level=INFO msg=request method=OPTIONS path=/api/v1/outlets/112847/analysis status=204 duration_ms=0 request_id=c2d72526-1430-48db-a1d7-665ce62be332
time=2026-05-04T08:56:41.604+05:30 level=INFO msg=request method=OPTIONS path=/api/v1/competition/leaderboard status=204 duration_ms=0 request_id=21feaeb5-db75-48fb-9307-8bb16bad5014
time=2026-05-04T08:56:41.605+05:30 level=INFO msg=request method=OPTIONS path=/api/v1/competition/c0000000-0001-0001-0001-000000000001/market-share-status status=204 duration_ms=0 request_id=35baea28-f903-47e2-944e-6310bdf21724
time=2026-05-04T08:56:41.606+05:30 level=INFO msg=request method=GET path=/api/v1/outlets/112847/analysis status=200 duration_ms=1 request_id=07b992ab-58a6-47ea-88e6-a3d51355e9ea
time=2026-05-04T08:56:41.607+05:30 level=INFO msg=request method=GET path=/api/v1/competition/leaderboard status=200 duration_ms=2 request_id=fe2a1fca-3a95-493c-92ee-22efff94e1da
time=2026-05-04T08:56:41.608+05:30 level=INFO msg=request method=GET path=/api/v1/competition/c0000000-0001-0001-0001-000000000001/market-share-status status=200 duration_ms=2 request_id=ada41415-c986-457d-ae52-61f7b37f9247
time=2026-05-04T08:56:45.405+05:30 level=INFO msg=request method=OPTIONS path=/api/v1/auth/login status=204 duration_ms=0 request_id=6d4ce653-37de-41be-8b5b-cd06e52dd95c
time=2026-05-04T08:56:45.459+05:30 level=INFO msg=request method=POST path=/api/v1/auth/login status=200 duration_ms=53 request_id=16a4184c-d368-4b8a-8087-a27cc31d56ac
time=2026-05-04T08:56:48.455+05:30 level=INFO msg=request method=OPTIONS path=/api/v1/outlets/999999 status=204 duration_ms=0 request_id=32decdc2-a835-4ab8-a50f-d8d941d8cdaa
time=2026-05-04T08:56:48.455+05:30 level=INFO msg=request method=OPTIONS path=/api/v1/outlets/999999/performance status=204 duration_ms=0 request_id=3f84ccc4-7149-4bd9-9daf-26ad062db2bf
time=2026-05-04T08:56:48.456+05:30 level=INFO msg=request method=GET path=/api/v1/outlets/999999/performance status=404 duration_ms=0 request_id=bd96ccdc-e5c4-4e03-86da-a79e51876035
time=2026-05-04T08:56:48.456+05:30 level=INFO msg=request method=GET path=/api/v1/outlets/999999 status=404 duration_ms=1 request_id=2721691c-57e6-4ff6-aee6-93cdeee21bec
time=2026-05-04T08:56:50.609+05:30 level=INFO msg=request method=POST path=/api/v1/auth/login status=200 duration_ms=48 request_id=b24a826d-d2a0-45b2-8ed1-fc78025a219c
time=2026-05-04T08:56:50.616+05:30 level=INFO msg=request method=GET path=/api/v1/territory/outlets status=200 duration_ms=5 request_id=240f3583-26a8-4647-a388-dd272a433acf
time=2026-05-04T08:56:50.668+05:30 level=INFO msg=request method=POST path=/api/v1/auth/login status=200 duration_ms=47 request_id=ee4aabab-4fb6-4e88-b2bc-c14e8c1c2500
time=2026-05-04T08:56:50.669+05:30 level=INFO msg=request method=GET path=/api/v1/territory/outlets status=403 duration_ms=0 request_id=9334afd4-a6b3-4ca5-9784-faf384d11986
time=2026-05-04T08:56:50.686+05:30 level=INFO msg=request method=GET path=/api/v1/territory/outlets status=200 duration_ms=13 request_id=f950a2c2-1a4a-4e50-8833-847aa87bb971
time=2026-05-04T08:56:50.696+05:30 level=INFO msg=request method=GET path=/api/v1/admin/users status=200 duration_ms=1 request_id=fd3815d9-b76c-4d85-bca0-4bb4c6f31419
time=2026-05-04T08:56:50.746+05:30 level=INFO msg=request method=POST path=/api/v1/admin/users status=500 duration_ms=46 request_id=d3b57e21-2e78-4bac-a8fa-d2908b00e311
time=2026-05-04T08:56:50.753+05:30 level=INFO msg=request method=GET path=/api/v1/admin/users status=200 duration_ms=1 request_id=78b98a99-5c5b-4c4b-be42-7977defbf457
time=2026-05-04T08:56:50.756+05:30 level=INFO msg=request method=PUT path=/api/v1/admin/users/e6f57628-9453-40d1-8357-1298ab802300 status=500 duration_ms=1 request_id=8905feb4-6c19-47fd-9eec-b6f6746d4ffc
time=2026-05-04T08:56:51.100+05:30 level=INFO msg=request method=POST path=/api/v1/auth/login status=200 duration_ms=49 request_id=47db741e-cdad-4df9-97f4-c7d15e6f77f1
time=2026-05-04T08:56:51.156+05:30 level=INFO msg=request method=POST path=/api/v1/admin/users status=500 duration_ms=46 request_id=a4bcfac1-68d8-4b87-82b0-54c24a79483b
time=2026-05-04T08:56:51.165+05:30 level=INFO msg=request method=GET path=/api/v1/admin/users status=200 duration_ms=1 request_id=c89d8be4-512c-4ee0-ab01-084b8d3ecb95
time=2026-05-04T08:56:51.166+05:30 level=INFO msg=request method=PUT path=/api/v1/admin/users/e6f57628-9453-40d1-8357-1298ab802300 status=429 duration_ms=0 request_id=5a14472c-7ad8-4259-adac-d896b4b23913
time=2026-05-04T08:56:51.402+05:30 level=INFO msg=request method=POST path=/api/v1/auth/login status=429 duration_ms=0 request_id=19784e2a-98a0-4a8c-8a0c-c979439e9221
time=2026-05-04T08:56:53.479+05:30 level=INFO msg=request method=POST path=/api/v1/auth/login status=200 duration_ms=69 request_id=0ae52575-9031-44f4-9830-2b08df83e387
time=2026-05-04T08:56:53.538+05:30 level=INFO msg=request method=POST path=/api/v1/auth/login status=200 duration_ms=50 request_id=32f716ed-e8a3-4b04-ad85-e11d1226d436
time=2026-05-04T08:56:53.546+05:30 level=INFO msg=request method=GET path=/api/v1/admin/users status=200 duration_ms=2 request_id=a4ba9418-fe93-4906-af04-5386914f1062
time=2026-05-04T08:56:53.547+05:30 level=INFO msg=request method=PUT path=/api/v1/admin/users/e6f57628-9453-40d1-8357-1298ab802300 status=429 duration_ms=0 request_id=03d6601b-b2d5-4c8a-87b9-92578cfe86e8
time=2026-05-04T08:56:53.555+05:30 level=INFO msg=request method=GET path=/api/v1/competition/c0000000-0001-0001-0001-000000000001/market-share-status status=429 duration_ms=0 request_id=d74f698c-f0af-488a-bc42-2d0c92d94c34
time=2026-05-04T08:56:53.831+05:30 level=INFO msg=request method=POST path=/api/v1/auth/login status=200 duration_ms=49 request_id=0b6ca4c1-a236-4674-8feb-71b9e80f676c
time=2026-05-04T08:56:53.834+05:30 level=INFO msg=request method=GET path=/api/v1/competition/c0000000-0001-0001-0001-000000000001/market-share-status status=429 duration_ms=0 request_id=9bc28436-8302-428b-833d-290c3d7cb5dd
time=2026-05-04T08:56:54.078+05:30 level=INFO msg=request method=POST path=/api/v1/auth/login status=429 duration_ms=0 request_id=af996630-576d-4b30-bfc6-e6ac96f2c6b4
time=2026-05-04T08:56:56.159+05:30 level=INFO msg=request method=POST path=/api/v1/auth/login status=200 duration_ms=73 request_id=68e1d990-5cf5-4e97-aaa9-d22a25901893
time=2026-05-04T08:56:56.163+05:30 level=INFO msg=request method=GET path=/api/v1/competition/leaderboard status=200 duration_ms=1 request_id=1e31f072-d0f7-48a0-9135-f1e2f07b9832
time=2026-05-04T08:56:56.174+05:30 level=INFO msg=request method=GET path=/api/v1/competition/leaderboard status=200 duration_ms=2 request_id=122542b9-4ec9-4199-bee2-acd71165260a
time=2026-05-04T08:56:56.955+05:30 level=INFO msg=request method=OPTIONS path=/api/v1/auth/login status=204 duration_ms=0 request_id=6e8213af-3d42-43b0-95ae-c9087a52acba
time=2026-05-04T08:56:57.006+05:30 level=INFO msg=request method=POST path=/api/v1/auth/login status=200 duration_ms=50 request_id=ae9bffdc-df3a-41f8-9e81-e1b3ced591ff
time=2026-05-04T08:57:00.004+05:30 level=INFO msg=request method=OPTIONS path=/api/v1/outlets/112847 status=204 duration_ms=0 request_id=8081c10b-a85a-43f5-9126-e350651dadbd
time=2026-05-04T08:57:00.004+05:30 level=INFO msg=request method=OPTIONS path=/api/v1/outlets/112847/performance status=204 duration_ms=0 request_id=79a242ba-cc1e-45aa-bd4e-971722234c9d
time=2026-05-04T08:57:00.007+05:30 level=INFO msg=request method=GET path=/api/v1/outlets/112847/performance status=200 duration_ms=1 request_id=8472a268-5676-408d-84ae-7af45775effe
time=2026-05-04T08:57:00.007+05:30 level=INFO msg=request method=GET path=/api/v1/outlets/112847 status=200 duration_ms=1 request_id=84a809da-4c32-45ee-98bb-32d4390daadc
time=2026-05-04T08:57:00.018+05:30 level=INFO msg=request method=OPTIONS path=/api/v1/outlets/112847/targets status=204 duration_ms=0 request_id=8554c78d-a8af-4c58-b148-b4adb9d0925a
time=2026-05-04T08:57:00.020+05:30 level=INFO msg=request method=GET path=/api/v1/outlets/112847/targets status=200 duration_ms=0 request_id=e5fc679f-ab5b-46d2-b4a3-2fda28709ca5
time=2026-05-04T08:57:00.021+05:30 level=INFO msg=request method=OPTIONS path=/api/v1/outlets/112847/analysis status=204 duration_ms=0 request_id=be5f73b2-a075-47ad-9cb7-a7a4b0be8c22
time=2026-05-04T08:57:00.021+05:30 level=INFO msg=request method=OPTIONS path=/api/v1/competition/leaderboard status=204 duration_ms=0 request_id=83adef14-11e5-4e31-b4fd-c6e62d0df184
time=2026-05-04T08:57:00.021+05:30 level=INFO msg=request method=OPTIONS path=/api/v1/competition/c0000000-0001-0001-0001-000000000001/market-share-status status=204 duration_ms=0 request_id=7e038616-52eb-45e6-98bb-51205c87119a
time=2026-05-04T08:57:00.023+05:30 level=INFO msg=request method=GET path=/api/v1/outlets/112847/analysis status=200 duration_ms=1 request_id=4ce01bfa-3cbb-4874-b8ea-01c9ab5f3252
time=2026-05-04T08:57:00.023+05:30 level=INFO msg=request method=GET path=/api/v1/competition/leaderboard status=200 duration_ms=2 request_id=59d6d567-4c55-4930-9cea-b9ea0d12df5f
time=2026-05-04T08:57:00.024+05:30 level=INFO msg=request method=GET path=/api/v1/competition/c0000000-0001-0001-0001-000000000001/market-share-status status=200 duration_ms=2 request_id=8c589fc6-2871-4ef8-afeb-d5f3830b267d
time=2026-05-04T08:57:02.804+05:30 level=INFO msg=request method=OPTIONS path=/api/v1/auth/login status=204 duration_ms=0 request_id=dc0e5463-443c-4db3-a7fa-7a630edc9781
time=2026-05-04T08:57:02.859+05:30 level=INFO msg=request method=POST path=/api/v1/auth/login status=200 duration_ms=53 request_id=a026360f-bfc7-4a25-815c-e6b83f19b92c
time=2026-05-04T08:57:05.855+05:30 level=INFO msg=request method=OPTIONS path=/api/v1/outlets/112847 status=204 duration_ms=0 request_id=db75628e-092d-4924-a869-7d2e4c02fbe6
time=2026-05-04T08:57:05.855+05:30 level=INFO msg=request method=OPTIONS path=/api/v1/outlets/112847/performance status=204 duration_ms=0 request_id=c1ba21cd-1476-4fb2-b261-0429733dda64
time=2026-05-04T08:57:05.857+05:30 level=INFO msg=request method=GET path=/api/v1/outlets/112847/performance status=200 duration_ms=1 request_id=f6a6bb5d-b465-417c-8195-e80b128fe478
time=2026-05-04T08:57:05.858+05:30 level=INFO msg=request method=GET path=/api/v1/outlets/112847 status=200 duration_ms=2 request_id=6ddac0f5-f3e8-4fe2-aa90-d219fdd2359f
time=2026-05-04T08:57:05.869+05:30 level=INFO msg=request method=OPTIONS path=/api/v1/outlets/112847/targets status=204 duration_ms=0 request_id=d35d9cac-0657-4104-ae81-53c3c3b1b951
time=2026-05-04T08:57:05.870+05:30 level=INFO msg=request method=GET path=/api/v1/outlets/112847/targets status=200 duration_ms=1 request_id=c4ba12ad-e1de-4d8d-b4e6-d22faa89768b
time=2026-05-04T08:57:05.871+05:30 level=INFO msg=request method=OPTIONS path=/api/v1/outlets/112847/analysis status=204 duration_ms=0 request_id=ae0791a9-8758-4fde-8400-e0c271fc250a
time=2026-05-04T08:57:05.871+05:30 level=INFO msg=request method=OPTIONS path=/api/v1/competition/leaderboard status=204 duration_ms=0 request_id=3b19530b-51fe-4fde-8a12-d03b99d6effc
time=2026-05-04T08:57:05.872+05:30 level=INFO msg=request method=OPTIONS path=/api/v1/competition/c0000000-0001-0001-0001-000000000001/market-share-status status=204 duration_ms=0 request_id=f378b3a1-165e-4509-a081-39e401685443
time=2026-05-04T08:57:05.874+05:30 level=INFO msg=request method=GET path=/api/v1/competition/leaderboard status=200 duration_ms=1 request_id=6c87e842-560c-44c6-979d-b6363146d70e
time=2026-05-04T08:57:05.874+05:30 level=INFO msg=request method=GET path=/api/v1/outlets/112847/analysis status=200 duration_ms=2 request_id=8fe41e59-facb-4665-8c7b-8160e9920d72
time=2026-05-04T08:57:05.875+05:30 level=INFO msg=request method=GET path=/api/v1/competition/c0000000-0001-0001-0001-000000000001/market-share-status status=200 duration_ms=2 request_id=65c8baca-e069-4f7c-a403-6299c74d4927
time=2026-05-04T08:57:09.671+05:30 level=INFO msg=request method=OPTIONS path=/api/v1/auth/login status=204 duration_ms=0 request_id=23bcfd44-fcaa-4505-ae48-80e459e89429
time=2026-05-04T08:57:09.726+05:30 level=INFO msg=request method=POST path=/api/v1/auth/login status=200 duration_ms=54 request_id=0952dcd1-900d-409f-be43-76eb862caf57
time=2026-05-04T08:57:14.836+05:30 level=INFO msg=request method=POST path=/api/v1/auth/login status=401 duration_ms=1 request_id=7de68668-ab6e-4d40-94f9-e4ff646dae13
time=2026-05-04T08:57:14.841+05:30 level=INFO msg=request method=POST path=/api/v1/auth/login status=401 duration_ms=0 request_id=87653aeb-3189-4c60-864f-94c2c409fc0c
time=2026-05-04T08:57:16.074+05:30 level=INFO msg=request method=GET path=/api/v1/auth/me status=401 duration_ms=0 request_id=1c668107-d55e-4d05-9607-dc575b87b905
time=2026-05-04T08:57:16.078+05:30 level=INFO msg=request method=GET path=/api/v1/outlets/112847 status=401 duration_ms=0 request_id=5f35acc7-72d6-432f-92f7-1b07b6ac093b
time=2026-05-04T08:57:16.132+05:30 level=INFO msg=request method=POST path=/api/v1/auth/login status=200 duration_ms=50 request_id=d5166404-55a5-4dc5-ae0e-bb2eff97f80f
time=2026-05-04T08:57:16.137+05:30 level=INFO msg=request method=GET path=/health status=200 duration_ms=0 request_id=d75b2c52-53d3-45a6-9388-5350dcfe4038
time=2026-05-04T08:57:20.823+05:30 level=INFO msg=request method=POST path=/api/v1/auth/login status=401 duration_ms=1 request_id=475cbed4-d8f9-4c5b-aad7-f17886ad998d
time=2026-05-04T08:57:20.833+05:30 level=INFO msg=request method=POST path=/api/v1/auth/login status=401 duration_ms=0 request_id=5ca63bc4-4c2b-4eb0-9c49-9311b8dfe474
time=2026-05-04T08:57:22.172+05:30 level=INFO msg=request method=GET path=/api/v1/auth/me status=401 duration_ms=0 request_id=e3452e17-d334-432d-a373-a202cc20cdc9
time=2026-05-04T08:57:22.178+05:30 level=INFO msg=request method=GET path=/api/v1/outlets/112847 status=401 duration_ms=0 request_id=07d3528d-e045-4c2d-9952-a41f05bc854c
time=2026-05-04T08:57:22.233+05:30 level=INFO msg=request method=POST path=/api/v1/auth/login status=200 duration_ms=50 request_id=19d78364-7589-4aec-9cfc-78674ab35e62
time=2026-05-04T08:57:22.239+05:30 level=INFO msg=request method=GET path=/health status=200 duration_ms=0 request_id=589f7275-ad6b-49c2-99a8-7e0746e94955
time=2026-05-04T08:57:26.788+05:30 level=INFO msg=request method=OPTIONS path=/api/v1/auth/login status=204 duration_ms=0 request_id=0930306e-a7e2-4073-96b0-84a87b483162
time=2026-05-04T08:57:26.841+05:30 level=INFO msg=request method=POST path=/api/v1/auth/login status=200 duration_ms=52 request_id=828c4015-a67e-4bc2-a12d-c6338f19cb9a
time=2026-05-04T08:57:29.838+05:30 level=INFO msg=request method=OPTIONS path=/api/v1/outlets/112847 status=204 duration_ms=0 request_id=89319030-8829-43ac-a447-8ae7f951a0e7
time=2026-05-04T08:57:29.838+05:30 level=INFO msg=request method=OPTIONS path=/api/v1/outlets/112847/performance status=204 duration_ms=0 request_id=ddf1d1a1-e1ee-432b-9112-29f06c9dcfd7
time=2026-05-04T08:57:29.841+05:30 level=INFO msg=request method=GET path=/api/v1/outlets/112847/performance status=200 duration_ms=1 request_id=1018af9b-48f7-495f-a17e-8da20f78c944
time=2026-05-04T08:57:29.841+05:30 level=INFO msg=request method=GET path=/api/v1/outlets/112847 status=200 duration_ms=1 request_id=94c6be61-4209-4781-94f4-9af9d10c20e9
time=2026-05-04T08:57:29.852+05:30 level=INFO msg=request method=OPTIONS path=/api/v1/outlets/112847/targets status=204 duration_ms=0 request_id=3414e0b1-f8e9-4098-82fc-4ede60ab25de
time=2026-05-04T08:57:29.854+05:30 level=INFO msg=request method=GET path=/api/v1/outlets/112847/targets status=200 duration_ms=1 request_id=48e2f0a9-688e-48f0-ac44-324fbb2e8772
time=2026-05-04T08:57:29.855+05:30 level=INFO msg=request method=OPTIONS path=/api/v1/outlets/112847/analysis status=204 duration_ms=0 request_id=1094f9b5-9596-4a6e-b501-9815458d2dd2
time=2026-05-04T08:57:29.855+05:30 level=INFO msg=request method=OPTIONS path=/api/v1/competition/leaderboard status=204 duration_ms=0 request_id=1c447888-7ce4-4c7f-93f3-3a51168bb571
time=2026-05-04T08:57:29.856+05:30 level=INFO msg=request method=OPTIONS path=/api/v1/competition/c0000000-0001-0001-0001-000000000001/market-share-status status=204 duration_ms=0 request_id=4a313511-be1b-44d5-8cea-63ef0353ed37
time=2026-05-04T08:57:29.858+05:30 level=INFO msg=request method=GET path=/api/v1/outlets/112847/analysis status=200 duration_ms=1 request_id=e775fbe6-ed33-4d0f-aa4a-d86cbf047724
time=2026-05-04T08:57:29.858+05:30 level=INFO msg=request method=GET path=/api/v1/competition/c0000000-0001-0001-0001-000000000001/market-share-status status=200 duration_ms=2 request_id=6eb7d46a-44b8-43c7-a531-ea5ccd8b3da7
time=2026-05-04T08:57:29.859+05:30 level=INFO msg=request method=GET path=/api/v1/competition/leaderboard status=200 duration_ms=2 request_id=4dda6b74-8345-44ed-91ba-26bea48877e6
time=2026-05-04T08:57:33.638+05:30 level=INFO msg=request method=OPTIONS path=/api/v1/auth/login status=204 duration_ms=0 request_id=b5ede4f3-2ed0-4809-97bc-5f31736cbbc0
time=2026-05-04T08:57:33.690+05:30 level=INFO msg=request method=POST path=/api/v1/auth/login status=200 duration_ms=51 request_id=a3e507b1-f3de-4725-9c2f-f76ad6ec1222
time=2026-05-04T08:57:36.688+05:30 level=INFO msg=request method=OPTIONS path=/api/v1/outlets/112847 status=204 duration_ms=0 request_id=a6d48e97-438e-4c8f-9e46-9adeadc97a39
time=2026-05-04T08:57:36.688+05:30 level=INFO msg=request method=OPTIONS path=/api/v1/outlets/112847/performance status=204 duration_ms=0 request_id=823a8c20-41ed-46ef-bca4-69efa600ecf9
time=2026-05-04T08:57:36.690+05:30 level=INFO msg=request method=GET path=/api/v1/outlets/112847/performance status=200 duration_ms=1 request_id=a59e8481-b324-45ee-b30b-2d9229d3569c
time=2026-05-04T08:57:36.690+05:30 level=INFO msg=request method=GET path=/api/v1/outlets/112847 status=200 duration_ms=1 request_id=2878da13-e885-4af6-8a48-5fb120e7a582
time=2026-05-04T08:57:36.702+05:30 level=INFO msg=request method=OPTIONS path=/api/v1/outlets/112847/targets status=204 duration_ms=0 request_id=410f2835-03e4-49d2-8c4b-e3dc38722093
time=2026-05-04T08:57:36.704+05:30 level=INFO msg=request method=GET path=/api/v1/outlets/112847/targets status=200 duration_ms=1 request_id=4dbae69c-4f58-4d75-b3c8-6f0ebf98e3f4
time=2026-05-04T08:57:36.705+05:30 level=INFO msg=request method=OPTIONS path=/api/v1/outlets/112847/analysis status=204 duration_ms=0 request_id=17ab8c58-ff3a-405c-b657-bda4a7a49879
time=2026-05-04T08:57:36.705+05:30 level=INFO msg=request method=OPTIONS path=/api/v1/competition/leaderboard status=204 duration_ms=0 request_id=0b4b096d-bb93-4570-a199-c27774a7017e
time=2026-05-04T08:57:36.705+05:30 level=INFO msg=request method=OPTIONS path=/api/v1/competition/c0000000-0001-0001-0001-000000000001/market-share-status status=204 duration_ms=0 request_id=e8a039d4-1f02-414e-8417-9e2a57c814c9
time=2026-05-04T08:57:36.707+05:30 level=INFO msg=request method=GET path=/api/v1/outlets/112847/analysis status=200 duration_ms=1 request_id=ec4fcd47-4cbc-4dc9-a30c-4d4a8f20dd77
time=2026-05-04T08:57:36.708+05:30 level=INFO msg=request method=GET path=/api/v1/competition/leaderboard status=200 duration_ms=2 request_id=592b89b8-9487-4f32-982f-99aa0c17abd1
time=2026-05-04T08:57:36.708+05:30 level=INFO msg=request method=GET path=/api/v1/competition/c0000000-0001-0001-0001-000000000001/market-share-status status=200 duration_ms=2 request_id=2702d464-9093-4224-9a9f-a1fcf5daee43
time=2026-05-04T08:57:40.504+05:30 level=INFO msg=request method=OPTIONS path=/api/v1/auth/login status=204 duration_ms=0 request_id=e6b2f949-d300-4752-b222-2d0df0960730
time=2026-05-04T08:57:40.559+05:30 level=INFO msg=request method=POST path=/api/v1/auth/login status=200 duration_ms=54 request_id=960aee99-dee6-4ee7-92c8-cb5e5e07f8bb
time=2026-05-04T08:57:43.555+05:30 level=INFO msg=request method=OPTIONS path=/api/v1/outlets/112847 status=204 duration_ms=0 request_id=49553ba6-ba14-4f31-a434-678015d4c64a
time=2026-05-04T08:57:43.555+05:30 level=INFO msg=request method=OPTIONS path=/api/v1/outlets/112847/performance status=204 duration_ms=0 request_id=e176d184-5f2e-49a7-b04f-b81b5cb56a8b
time=2026-05-04T08:57:43.557+05:30 level=INFO msg=request method=GET path=/api/v1/outlets/112847/performance status=200 duration_ms=1 request_id=42d391f3-03bf-4c3f-8404-f6ffda9b6d93
time=2026-05-04T08:57:43.557+05:30 level=INFO msg=request method=GET path=/api/v1/outlets/112847 status=200 duration_ms=2 request_id=0ac31259-57ac-4e5a-8e50-062d3ff1d447
time=2026-05-04T08:57:43.569+05:30 level=INFO msg=request method=OPTIONS path=/api/v1/outlets/112847/targets status=204 duration_ms=0 request_id=2d55f99d-0acd-4e35-99df-22b5120ba59c
time=2026-05-04T08:57:43.570+05:30 level=INFO msg=request method=GET path=/api/v1/outlets/112847/targets status=200 duration_ms=1 request_id=be9faa80-ac50-40a6-9b45-f740819d6c39
time=2026-05-04T08:57:43.571+05:30 level=INFO msg=request method=OPTIONS path=/api/v1/outlets/112847/analysis status=204 duration_ms=0 request_id=6fe12d18-3758-48dd-a4e6-00e1cf63879b
time=2026-05-04T08:57:43.572+05:30 level=INFO msg=request method=OPTIONS path=/api/v1/competition/leaderboard status=204 duration_ms=0 request_id=c23f30f9-8a9b-4138-aa89-e9b30eeb6883
time=2026-05-04T08:57:43.572+05:30 level=INFO msg=request method=OPTIONS path=/api/v1/competition/c0000000-0001-0001-0001-000000000001/market-share-status status=204 duration_ms=0 request_id=45dea04e-dd09-4b80-8234-2e5ccd01c55e
time=2026-05-04T08:57:43.573+05:30 level=INFO msg=request method=GET path=/api/v1/outlets/112847/analysis status=200 duration_ms=1 request_id=2ca5f9f8-8802-41b9-b214-f227b924a5f4
time=2026-05-04T08:57:43.574+05:30 level=INFO msg=request method=GET path=/api/v1/competition/leaderboard status=200 duration_ms=1 request_id=dc9824d8-eb49-4243-8b66-80a7b2ef3ece
time=2026-05-04T08:57:43.575+05:30 level=INFO msg=request method=GET path=/api/v1/competition/c0000000-0001-0001-0001-000000000001/market-share-status status=200 duration_ms=2 request_id=84dc4e5f-dd73-406b-b349-72e854403253
time=2026-05-04T08:57:47.354+05:30 level=INFO msg=request method=OPTIONS path=/api/v1/auth/login status=204 duration_ms=0 request_id=d7fbd705-9c06-4559-a359-0bc37ea73d70
time=2026-05-04T08:57:47.409+05:30 level=INFO msg=request method=POST path=/api/v1/auth/login status=200 duration_ms=54 request_id=1d63759f-56bf-44ad-8e82-9b9b0a8cd192
time=2026-05-04T08:57:50.405+05:30 level=INFO msg=request method=OPTIONS path=/api/v1/outlets/999999 status=204 duration_ms=0 request_id=df8e86b9-4235-4433-ac39-4963373b9d59
time=2026-05-04T08:57:50.405+05:30 level=INFO msg=request method=OPTIONS path=/api/v1/outlets/999999/performance status=204 duration_ms=0 request_id=1fec83db-5c0a-42e3-a634-cc100fb7248f
time=2026-05-04T08:57:50.406+05:30 level=INFO msg=request method=GET path=/api/v1/outlets/999999/performance status=404 duration_ms=0 request_id=d9858baa-5cbb-4b05-9512-388ca53fbac0
time=2026-05-04T08:57:50.406+05:30 level=INFO msg=request method=GET path=/api/v1/outlets/999999 status=404 duration_ms=1 request_id=3abd2341-0822-460f-a223-c99cbfec2a4f
time=2026-05-04T08:58:06.568+05:30 level=INFO msg=request method=POST path=/api/v1/auth/login status=200 duration_ms=49 request_id=d00f1285-2a99-463b-b0ee-677a34cdc3b1
time=2026-05-04T08:58:06.626+05:30 level=INFO msg=request method=POST path=/api/v1/auth/login status=200 duration_ms=48 request_id=29aa8c74-ab47-4cb6-821c-0af8396b97f1
time=2026-05-04T08:58:06.679+05:30 level=INFO msg=request method=POST path=/api/v1/auth/login status=401 duration_ms=46 request_id=14ecad23-ef31-4bd4-b160-d72cc0e18194
time=2026-05-04T08:58:06.686+05:30 level=INFO msg=request method=GET path=/api/v1/auth/me status=200 duration_ms=0 request_id=258639ee-f17a-4fa1-b771-3ca3ab5a86f3
time=2026-05-04T08:58:06.691+05:30 level=INFO msg=request method=GET path=/api/v1/auth/me status=401 duration_ms=0 request_id=87b828fe-062f-4737-b0f2-a7b5bbffe6ab
time=2026-05-04T08:58:06.701+05:30 level=INFO msg=request method=GET path=/api/v1/outlets/112847 status=200 duration_ms=3 request_id=a7ce222f-7ab6-4bae-9cf7-ebbc47187d23
time=2026-05-04T08:58:06.710+05:30 level=INFO msg=request method=GET path=/api/v1/outlets/999999 status=404 duration_ms=0 request_id=f6d7e500-f6ed-477f-98a9-801bf3b8a977
time=2026-05-04T08:58:06.715+05:30 level=INFO msg=request method=GET path=/api/v1/outlets/112847/performance status=200 duration_ms=1 request_id=a76f2497-c0b9-4552-967d-755f012314f9
time=2026-05-04T08:58:06.998+05:30 level=INFO msg=request method=POST path=/api/v1/auth/login status=200 duration_ms=49 request_id=faa13773-6f1e-454e-830b-1f2141a3841e
time=2026-05-04T08:58:07.008+05:30 level=INFO msg=request method=GET path=/api/v1/outlets/112847/performance status=200 duration_ms=1 request_id=785227f4-082e-4446-9fc6-677f1b0e5a14
time=2026-05-04T08:58:07.306+05:30 level=INFO msg=request method=POST path=/api/v1/auth/login status=200 duration_ms=48 request_id=5eda1cad-c188-401e-859b-ad6398f2c1e0
time=2026-05-04T08:58:07.318+05:30 level=INFO msg=request method=GET path=/api/v1/outlets/112847/performance status=200 duration_ms=2 request_id=d596dcdc-eac4-4e84-845b-61714a73c226
time=2026-05-04T08:58:07.568+05:30 level=INFO msg=request method=POST path=/api/v1/auth/login status=429 duration_ms=0 request_id=7c9ccb09-5226-4843-a8cf-5f3558278098
time=2026-05-04T08:58:09.650+05:30 level=INFO msg=request method=POST path=/api/v1/auth/login status=200 duration_ms=74 request_id=8889577f-d1c2-4c77-b1d4-db1e3ead1217
time=2026-05-04T08:58:09.659+05:30 level=INFO msg=request method=GET path=/api/v1/outlets/112847/performance status=200 duration_ms=1 request_id=9e0ef20a-621b-4214-8709-e84877e49180
time=2026-05-04T08:58:09.947+05:30 level=INFO msg=request method=POST path=/api/v1/auth/login status=200 duration_ms=49 request_id=3f1c8f53-df1a-4768-af07-3dc7c15e89b4
time=2026-05-04T08:58:09.959+05:30 level=INFO msg=request method=GET path=/api/v1/outlets/112847/performance status=200 duration_ms=2 request_id=0985be9f-27b9-457a-a9b3-5c22eddc765c
time=2026-05-04T08:58:10.253+05:30 level=INFO msg=request method=POST path=/api/v1/auth/login status=200 duration_ms=47 request_id=22809c59-a2e4-44dd-bc70-029239fa706f
time=2026-05-04T08:58:10.263+05:30 level=INFO msg=request method=GET path=/api/v1/outlets/112847/performance status=429 duration_ms=0 request_id=ca34c4c9-44e9-4c56-9048-96d53d104c84
time=2026-05-04T08:58:10.513+05:30 level=INFO msg=request method=POST path=/api/v1/auth/login status=429 duration_ms=0 request_id=3d8a5241-5f29-4a1b-9871-3bacdab8f3cb
time=2026-05-04T08:58:12.593+05:30 level=INFO msg=request method=POST path=/api/v1/auth/login status=200 duration_ms=72 request_id=18baa48c-5543-491b-a750-fd111842bb4d
time=2026-05-04T08:58:12.602+05:30 level=INFO msg=request method=GET path=/api/v1/outlets/112847/performance status=200 duration_ms=2 request_id=1c65b7f3-a5a3-4c71-8da7-07e9e14fe3f5
time=2026-05-04T08:58:12.890+05:30 level=INFO msg=request method=POST path=/api/v1/auth/login status=200 duration_ms=48 request_id=2a942ea0-d34c-4959-9c36-35e0040b42ab
time=2026-05-04T08:58:12.901+05:30 level=INFO msg=request method=GET path=/api/v1/outlets/112847/performance status=200 duration_ms=2 request_id=82760414-5164-411a-b51c-fda9f7b1837f
time=2026-05-04T08:58:13.198+05:30 level=INFO msg=request method=POST path=/api/v1/auth/login status=200 duration_ms=48 request_id=3fad6831-e4ee-45fd-bf87-1c619dfeded5
time=2026-05-04T08:58:13.207+05:30 level=INFO msg=request method=GET path=/api/v1/outlets/112847/analysis status=429 duration_ms=0 request_id=b5eae516-0dbd-4273-bb0d-262967357d61
time=2026-05-04T08:58:13.459+05:30 level=INFO msg=request method=POST path=/api/v1/auth/login status=429 duration_ms=0 request_id=7e03c313-0802-49a5-9e12-535d74e356a0
time=2026-05-04T08:58:15.535+05:30 level=INFO msg=request method=POST path=/api/v1/auth/login status=200 duration_ms=68 request_id=2a1ca1ac-2c92-4f69-b7d0-6fd9cdceefcb
time=2026-05-04T08:58:15.546+05:30 level=INFO msg=request method=GET path=/api/v1/outlets/112847/analysis status=200 duration_ms=2 request_id=aad91a17-73f4-404f-842a-c83e4c7e040d
time=2026-05-04T08:58:15.555+05:30 level=INFO msg=request method=GET path=/api/v1/outlets/112847/trend status=200 duration_ms=2 request_id=5e01e713-093a-4f26-9713-259ae8904908
time=2026-05-04T08:58:15.834+05:30 level=INFO msg=request method=POST path=/api/v1/auth/login status=200 duration_ms=48 request_id=17b3fb79-b0cc-49ea-af7d-13c862a03035
time=2026-05-04T08:58:15.843+05:30 level=INFO msg=request method=GET path=/api/v1/outlets/112847/trend status=429 duration_ms=0 request_id=2eda6253-7aa1-4848-a8cd-87ac5e3d74fa
time=2026-05-04T08:58:16.091+05:30 level=INFO msg=request method=POST path=/api/v1/auth/login status=429 duration_ms=0 request_id=8a61a7c8-562e-4166-9876-d3bf948db167
time=2026-05-04T08:58:18.168+05:30 level=INFO msg=request method=POST path=/api/v1/auth/login status=200 duration_ms=69 request_id=ee31fe06-3a25-441f-9c48-55cdac07a146
time=2026-05-04T08:58:18.178+05:30 level=INFO msg=request method=GET path=/api/v1/outlets/112847/targets status=200 duration_ms=1 request_id=b3b9eda1-3ca0-4116-bd86-6575e735bf16
time=2026-05-04T08:58:18.233+05:30 level=INFO msg=request method=POST path=/api/v1/auth/login status=200 duration_ms=48 request_id=b7f272dc-c7f4-490b-879c-ac9c1a9bae72
time=2026-05-04T08:58:18.234+05:30 level=INFO msg=request method=PUT path=/api/v1/outlets/112847/targets status=422 duration_ms=0 request_id=b74c0fd5-8b8e-4190-b365-3190c3c5e550
time=2026-05-04T08:58:18.464+05:30 level=INFO msg=request method=POST path=/api/v1/auth/login status=429 duration_ms=0 request_id=aaf7cad1-26be-45ef-b3ed-2d0e606c3315
time=2026-05-04T08:58:20.543+05:30 level=INFO msg=request method=POST path=/api/v1/auth/login status=200 duration_ms=72 request_id=85a2bf51-e643-42c8-9265-f4b01ad48ce5
time=2026-05-04T08:58:20.601+05:30 level=INFO msg=request method=POST path=/api/v1/auth/login status=200 duration_ms=49 request_id=19aecfd0-2b8e-4b11-b122-9d4ce9112821
time=2026-05-04T08:58:20.602+05:30 level=INFO msg=request method=PUT path=/api/v1/outlets/112847/targets status=422 duration_ms=0 request_id=dcd5b237-9f2d-450f-a2a3-1ca63e89f9a8
time=2026-05-04T08:58:20.886+05:30 level=INFO msg=request method=POST path=/api/v1/auth/login status=200 duration_ms=54 request_id=a5d9a2de-af71-4649-8d01-f6178c02b9e4
time=2026-05-04T08:58:20.897+05:30 level=INFO msg=request method=GET path=/api/v1/competition/leaderboard status=429 duration_ms=0 request_id=285691e2-763b-41a2-8df7-b5ed9dfff272
time=2026-05-04T08:58:21.195+05:30 level=INFO msg=request method=POST path=/api/v1/auth/login status=200 duration_ms=48 request_id=22ddd589-3abe-4dad-94bb-b112c6681f0b
time=2026-05-04T08:58:21.204+05:30 level=INFO msg=request method=GET path=/api/v1/competition/leaderboard status=429 duration_ms=0 request_id=3efadfc8-3b7c-4d8e-b8dc-d4c913d88862
time=2026-05-04T08:58:21.465+05:30 level=INFO msg=request method=POST path=/api/v1/auth/login status=429 duration_ms=0 request_id=5e26c524-d5f7-4df3-90cc-c1409b570b5f
time=2026-05-04T08:58:23.541+05:30 level=INFO msg=request method=POST path=/api/v1/auth/login status=200 duration_ms=69 request_id=9d59626d-ca18-4b7b-b5fc-192e935fb400
time=2026-05-04T08:58:23.551+05:30 level=INFO msg=request method=GET path=/api/v1/competition/leaderboard status=200 duration_ms=2 request_id=6bb6f75d-1d03-4b9e-8ddc-dfe6fb0635be
time=2026-05-04T08:58:23.560+05:30 level=INFO msg=request method=GET path=/api/v1/competition/leaderboard status=200 duration_ms=2 request_id=130db9c1-3f7e-4705-9082-9941f4bb42f0
time=2026-05-04T08:58:23.614+05:30 level=INFO msg=request method=POST path=/api/v1/auth/login status=200 duration_ms=47 request_id=86409ae1-0bfe-4043-9a22-a565e1164cc7
time=2026-05-04T08:58:23.615+05:30 level=INFO msg=request method=GET path=/api/v1/territory/outlets status=429 duration_ms=0 request_id=1fffb6c8-993d-4943-bcb6-f45d42704818
time=2026-05-04T08:58:23.857+05:30 level=INFO msg=request method=POST path=/api/v1/auth/login status=429 duration_ms=0 request_id=db1fac66-74d6-4467-96b2-e9ff7d597299
time=2026-05-04T08:58:25.937+05:30 level=INFO msg=request method=POST path=/api/v1/auth/login status=200 duration_ms=72 request_id=2fdd8f0f-4c74-4547-8316-da678877db4e
time=2026-05-04T08:58:25.994+05:30 level=INFO msg=request method=POST path=/api/v1/auth/login status=200 duration_ms=49 request_id=21bf5057-9418-4786-8226-d99656ca0a7b
time=2026-05-04T08:58:25.997+05:30 level=INFO msg=request method=GET path=/api/v1/territory/outlets status=200 duration_ms=1 request_id=ebc4167a-8432-4353-9126-eb29e8a6cc36
time=2026-05-04T08:58:26.052+05:30 level=INFO msg=request method=POST path=/api/v1/auth/login status=200 duration_ms=47 request_id=4e1e8f58-071f-488a-bba7-de325636533d
time=2026-05-04T08:58:26.053+05:30 level=INFO msg=request method=GET path=/api/v1/territory/outlets status=429 duration_ms=0 request_id=41ffe972-c74d-4ad8-8a81-6d6d7137e291
time=2026-05-04T08:58:26.283+05:30 level=INFO msg=request method=POST path=/api/v1/auth/login status=429 duration_ms=0 request_id=630beef4-dd0a-477d-b3b0-b9ad21016444
time=2026-05-04T08:58:28.365+05:30 level=INFO msg=request method=POST path=/api/v1/auth/login status=200 duration_ms=73 request_id=290c8590-8107-45b5-a00f-cb63f14abc96
time=2026-05-04T08:58:28.422+05:30 level=INFO msg=request method=POST path=/api/v1/auth/login status=200 duration_ms=48 request_id=aaa6e5ff-becd-48d3-bee7-42f9c22c266d
time=2026-05-04T08:58:28.423+05:30 level=INFO msg=request method=GET path=/api/v1/territory/outlets status=403 duration_ms=0 request_id=a3e67883-0867-471c-a588-6bc8592a815f
time=2026-05-04T08:58:28.431+05:30 level=INFO msg=request method=GET path=/api/v1/admin/users status=200 duration_ms=1 request_id=ef444d3f-2a68-44f6-a0fa-c40d1e35c943
time=2026-05-04T08:58:28.662+05:30 level=INFO msg=request method=POST path=/api/v1/auth/login status=429 duration_ms=0 request_id=0785dc2d-1b69-434d-b977-9142a15f6f99
time=2026-05-04T08:58:30.739+05:30 level=INFO msg=request method=POST path=/api/v1/auth/login status=200 duration_ms=70 request_id=f4fd1ee5-e50e-497b-9284-dbf4fa745bad
time=2026-05-04T08:58:30.749+05:30 level=INFO msg=request method=GET path=/api/v1/admin/users status=200 duration_ms=1 request_id=cff223da-0ea6-4799-aeaa-cccc61dffe50
time=2026-05-04T08:58:31.036+05:30 level=INFO msg=request method=POST path=/api/v1/auth/login status=200 duration_ms=47 request_id=cb2f93db-f9b6-4091-afa3-300585064fed
time=2026-05-04T08:58:31.093+05:30 level=INFO msg=request method=POST path=/api/v1/auth/login status=200 duration_ms=48 request_id=c2b38b04-75c0-4d90-a045-0d8b70b2231f
time=2026-05-04T08:58:31.094+05:30 level=INFO msg=request method=GET path=/api/v1/admin/users status=429 duration_ms=0 request_id=3c1ca3ed-030d-4638-8c7a-4f7234230640
time=2026-05-04T08:58:31.390+05:30 level=INFO msg=request method=POST path=/api/v1/auth/login status=200 duration_ms=47 request_id=9d4ad15e-e8c1-4a85-bb4b-094ed2483601
time=2026-05-04T08:58:31.399+05:30 level=INFO msg=request method=POST path=/api/v1/auth/login status=429 duration_ms=0 request_id=05fe2f04-a006-468c-832a-99e1ce536362
time=2026-05-04T08:58:33.473+05:30 level=INFO msg=request method=POST path=/api/v1/auth/login status=200 duration_ms=70 request_id=ec2dc419-b47c-4249-ae77-3d482019f085
time=2026-05-04T08:58:33.474+05:30 level=INFO msg=request method=GET path=/api/v1/admin/users status=403 duration_ms=0 request_id=c96bdfec-e3bf-4e3f-bde1-c5fbdaafa7e9
time=2026-05-04T08:58:33.485+05:30 level=INFO msg=request method=GET path=/api/v1/competition/c0000000-0001-0001-0001-000000000001/market-share-status status=200 duration_ms=4 request_id=162c74b5-777e-4d8e-901b-b6a3c42b7424
time=2026-05-04T08:58:33.492+05:30 level=INFO msg=request method=GET path=/health status=429 duration_ms=0 request_id=2f5203d5-8343-43ff-98e3-9710f090520c
time=2026-05-04T08:58:37.439+05:30 level=INFO msg=request method=POST path=/api/v1/auth/login status=200 duration_ms=55 request_id=6e113a8d-6937-4559-8e1c-1c0e9310ccf6
time=2026-05-04T08:58:37.451+05:30 level=INFO msg=request method=GET path=/api/v1/outlets/112847/performance status=200 duration_ms=2 request_id=98bec9d4-96bf-4164-aab1-ce0dfc9aa2bf
time=2026-05-04T08:58:57.948+05:30 level=INFO msg=request method=POST path=/api/v1/auth/login status=200 duration_ms=50 request_id=73b283c7-2d74-417f-968e-01366451fbb6
time=2026-05-04T08:58:57.960+05:30 level=INFO msg=request method=GET path=/api/v1/outlets/112847/performance status=200 duration_ms=2 request_id=b5e83b57-3342-4d89-a506-60733c62906b
time=2026-05-04T08:58:58.259+05:30 level=INFO msg=request method=POST path=/api/v1/auth/login status=200 duration_ms=48 request_id=264e176f-ddd7-4ba4-91dc-081de35551f9
time=2026-05-04T08:58:58.270+05:30 level=INFO msg=request method=GET path=/api/v1/outlets/112847/performance status=200 duration_ms=1 request_id=bd64cb72-5526-4ae3-80c2-83a7431a5983
time=2026-05-04T08:59:32.039+05:30 level=INFO msg=request method=OPTIONS path=/api/v1/auth/login status=204 duration_ms=0 request_id=23bce9f1-19cd-486f-b7de-cad3bcd45454
time=2026-05-04T08:59:32.091+05:30 level=INFO msg=request method=POST path=/api/v1/auth/login status=200 duration_ms=51 request_id=41867321-d32a-460e-8d9b-9b84bb2e90d2
time=2026-05-04T08:59:35.089+05:30 level=INFO msg=request method=OPTIONS path=/api/v1/outlets/112847 status=204 duration_ms=0 request_id=71efd5eb-e851-499f-8357-075cc04134be
time=2026-05-04T08:59:35.089+05:30 level=INFO msg=request method=OPTIONS path=/api/v1/outlets/112847/performance status=204 duration_ms=0 request_id=76c9af9c-e985-4795-a774-233e0ffdf49f
time=2026-05-04T08:59:35.091+05:30 level=INFO msg=request method=GET path=/api/v1/outlets/112847/performance status=200 duration_ms=1 request_id=048f60df-0151-4bc9-8cd8-3fb410798995
time=2026-05-04T08:59:35.091+05:30 level=INFO msg=request method=GET path=/api/v1/outlets/112847 status=200 duration_ms=1 request_id=3d86855d-5353-468e-808d-7bdeae91cb9f
time=2026-05-04T08:59:35.103+05:30 level=INFO msg=request method=OPTIONS path=/api/v1/outlets/112847/targets status=204 duration_ms=0 request_id=54c5940a-59e1-4b4e-9df4-f1f8f840878e
time=2026-05-04T08:59:35.104+05:30 level=INFO msg=request method=GET path=/api/v1/outlets/112847/targets status=200 duration_ms=1 request_id=ef4b5437-eef6-43af-9d00-a7d5f8c1feed
time=2026-05-04T08:59:35.105+05:30 level=INFO msg=request method=OPTIONS path=/api/v1/outlets/112847/analysis status=204 duration_ms=0 request_id=0c11968f-fa77-4a3f-97eb-25d68924779f
time=2026-05-04T08:59:35.106+05:30 level=INFO msg=request method=OPTIONS path=/api/v1/competition/c0000000-0001-0001-0001-000000000001/market-share-status status=204 duration_ms=0 request_id=0fdfaae3-b4a3-45e5-8f6b-b34abcfc9aca
time=2026-05-04T08:59:35.106+05:30 level=INFO msg=request method=OPTIONS path=/api/v1/competition/leaderboard status=204 duration_ms=0 request_id=5ebbd626-e594-40ab-9bdc-252609a8c4b9
time=2026-05-04T08:59:35.108+05:30 level=INFO msg=request method=GET path=/api/v1/outlets/112847/analysis status=200 duration_ms=1 request_id=91529001-5a5f-4dfd-90fe-c75054b32791
time=2026-05-04T08:59:35.109+05:30 level=INFO msg=request method=GET path=/api/v1/competition/leaderboard status=200 duration_ms=2 request_id=fa517da9-fc24-4951-a351-c62cba3a12bc
time=2026-05-04T08:59:35.109+05:30 level=INFO msg=request method=GET path=/api/v1/competition/c0000000-0001-0001-0001-000000000001/market-share-status status=200 duration_ms=2 request_id=1d3b9bd9-feb5-4fd8-a530-c360ab89e1e8
time=2026-05-04T08:59:38.888+05:30 level=INFO msg=request method=OPTIONS path=/api/v1/auth/login status=204 duration_ms=0 request_id=6daa17ef-2042-431e-a9ed-d8e69029f082
time=2026-05-04T08:59:38.940+05:30 level=INFO msg=request method=POST path=/api/v1/auth/login status=200 duration_ms=51 request_id=37b98171-1904-4cd7-b9cd-e354c4ea6da6
time=2026-05-04T08:59:41.939+05:30 level=INFO msg=request method=OPTIONS path=/api/v1/outlets/112847 status=204 duration_ms=0 request_id=9f0a50a9-5183-4b33-a86c-d9b318f22986
time=2026-05-04T08:59:41.939+05:30 level=INFO msg=request method=OPTIONS path=/api/v1/outlets/112847/performance status=204 duration_ms=0 request_id=7af890e7-5ce9-4a54-9cae-2a014d449ac1
time=2026-05-04T08:59:41.941+05:30 level=INFO msg=request method=GET path=/api/v1/outlets/112847/performance status=200 duration_ms=1 request_id=d53227c9-6b07-4e35-9893-410207cfd9cc
time=2026-05-04T08:59:41.941+05:30 level=INFO msg=request method=GET path=/api/v1/outlets/112847 status=200 duration_ms=2 request_id=de04b491-be62-4114-9923-07688b7079d8
time=2026-05-04T08:59:41.952+05:30 level=INFO msg=request method=OPTIONS path=/api/v1/outlets/112847/targets status=204 duration_ms=0 request_id=7ade7939-5fb0-43ec-847c-5cee4099dcf4
time=2026-05-04T08:59:41.954+05:30 level=INFO msg=request method=GET path=/api/v1/outlets/112847/targets status=200 duration_ms=0 request_id=02dcd607-8d90-4c5c-a80d-04ec7583b43b
time=2026-05-04T08:59:41.955+05:30 level=INFO msg=request method=OPTIONS path=/api/v1/outlets/112847/analysis status=204 duration_ms=0 request_id=25e01b1b-1ab6-432d-835e-a4133fb46f8f
time=2026-05-04T08:59:41.955+05:30 level=INFO msg=request method=OPTIONS path=/api/v1/competition/leaderboard status=204 duration_ms=0 request_id=4ff65e54-ba02-4f5b-8040-0ed356696b0d
time=2026-05-04T08:59:41.955+05:30 level=INFO msg=request method=OPTIONS path=/api/v1/competition/c0000000-0001-0001-0001-000000000001/market-share-status status=204 duration_ms=0 request_id=d985d3b4-eefa-4025-b811-f859b83d4dbe
time=2026-05-04T08:59:41.957+05:30 level=INFO msg=request method=GET path=/api/v1/outlets/112847/analysis status=200 duration_ms=1 request_id=b841c130-5e27-4157-9085-e2910c606c1c
time=2026-05-04T08:59:41.958+05:30 level=INFO msg=request method=GET path=/api/v1/competition/leaderboard status=200 duration_ms=2 request_id=f583d221-8942-470c-98a5-b0ee305ee6df
time=2026-05-04T08:59:41.959+05:30 level=INFO msg=request method=GET path=/api/v1/competition/c0000000-0001-0001-0001-000000000001/market-share-status status=200 duration_ms=2 request_id=6cacdd03-bf75-46e5-8a6e-e26c759354d6
time=2026-05-04T08:59:45.738+05:30 level=INFO msg=request method=OPTIONS path=/api/v1/auth/login status=204 duration_ms=0 request_id=00352776-7d09-45e7-91a3-61a94ce6c1a4
time=2026-05-04T08:59:45.793+05:30 level=INFO msg=request method=POST path=/api/v1/auth/login status=200 duration_ms=54 request_id=dcd06666-902b-4ce4-95b1-2dcaf6e16644
time=2026-05-04T08:59:48.788+05:30 level=INFO msg=request method=OPTIONS path=/api/v1/outlets/112847 status=204 duration_ms=0 request_id=e3f3c66a-6572-42e3-8861-56cb5809ec68
time=2026-05-04T08:59:48.788+05:30 level=INFO msg=request method=OPTIONS path=/api/v1/outlets/112847/performance status=204 duration_ms=0 request_id=08c245b9-d280-473c-8296-25b409c808f2
time=2026-05-04T08:59:48.790+05:30 level=INFO msg=request method=GET path=/api/v1/outlets/112847/performance status=200 duration_ms=1 request_id=53eb6809-aa79-4e64-8d1d-65a9ec740d6c
time=2026-05-04T08:59:48.791+05:30 level=INFO msg=request method=GET path=/api/v1/outlets/112847 status=200 duration_ms=2 request_id=b59b5291-bb8c-46d9-a23a-eb0a58918317
time=2026-05-04T08:59:48.802+05:30 level=INFO msg=request method=OPTIONS path=/api/v1/outlets/112847/targets status=204 duration_ms=0 request_id=d42f85af-d2c2-4516-8821-3bb65742330b
time=2026-05-04T08:59:48.804+05:30 level=INFO msg=request method=GET path=/api/v1/outlets/112847/targets status=200 duration_ms=0 request_id=43baa843-beb4-4012-9a30-355d6f491f9c
time=2026-05-04T08:59:48.805+05:30 level=INFO msg=request method=OPTIONS path=/api/v1/outlets/112847/analysis status=204 duration_ms=0 request_id=5128e24e-29a7-4cd5-912d-185e3c422373
time=2026-05-04T08:59:48.805+05:30 level=INFO msg=request method=OPTIONS path=/api/v1/competition/leaderboard status=204 duration_ms=0 request_id=eb4e86aa-863f-4faa-987e-2fbeafc1c607
time=2026-05-04T08:59:48.805+05:30 level=INFO msg=request method=OPTIONS path=/api/v1/competition/c0000000-0001-0001-0001-000000000001/market-share-status status=204 duration_ms=0 request_id=e1de1d3e-bf53-4e0a-8cfc-2ad3d13821e7
time=2026-05-04T08:59:48.807+05:30 level=INFO msg=request method=GET path=/api/v1/outlets/112847/analysis status=200 duration_ms=1 request_id=43f660d1-aaac-432f-bcf6-e287a330da8b
time=2026-05-04T08:59:48.807+05:30 level=INFO msg=request method=GET path=/api/v1/competition/leaderboard status=200 duration_ms=2 request_id=40bd2c9e-dd5c-45fd-ac29-95d5252c702d
time=2026-05-04T08:59:48.808+05:30 level=INFO msg=request method=GET path=/api/v1/competition/c0000000-0001-0001-0001-000000000001/market-share-status status=200 duration_ms=2 request_id=4dc7e93d-a588-490e-830f-3c897de0e1c0
time=2026-05-04T08:59:52.604+05:30 level=INFO msg=request method=OPTIONS path=/api/v1/auth/login status=204 duration_ms=0 request_id=6f6a5722-8612-48de-a26d-77e69ae44ae7
time=2026-05-04T08:59:52.659+05:30 level=INFO msg=request method=POST path=/api/v1/auth/login status=200 duration_ms=54 request_id=b7a478c9-50d9-44c4-9e91-c88f2d6b0fbc
time=2026-05-04T08:59:55.655+05:30 level=INFO msg=request method=OPTIONS path=/api/v1/outlets/999999 status=204 duration_ms=0 request_id=841bb4c7-c77c-43b1-9b55-ba1842a36450
time=2026-05-04T08:59:55.655+05:30 level=INFO msg=request method=OPTIONS path=/api/v1/outlets/999999/performance status=204 duration_ms=0 request_id=23d2afd0-b119-46b8-9e97-36ac1a3d332f
time=2026-05-04T08:59:55.656+05:30 level=INFO msg=request method=GET path=/api/v1/outlets/999999 status=404 duration_ms=0 request_id=eea4876a-6a0a-4d7a-bf9b-a459f1069e19
time=2026-05-04T08:59:55.656+05:30 level=INFO msg=request method=GET path=/api/v1/outlets/999999/performance status=404 duration_ms=0 request_id=34e00d68-5a1c-4d70-80fb-30c25eaefc60
time=2026-05-04T08:59:57.818+05:30 level=INFO msg=request method=POST path=/api/v1/auth/login status=200 duration_ms=49 request_id=96a6a0cb-c4aa-43fc-aabc-1c57f27c8709
time=2026-05-04T08:59:57.823+05:30 level=INFO msg=request method=GET path=/api/v1/territory/outlets status=200 duration_ms=1 request_id=934a9479-6b90-46a6-8e24-cbd9814180dc
time=2026-05-04T08:59:57.877+05:30 level=INFO msg=request method=POST path=/api/v1/auth/login status=200 duration_ms=48 request_id=46475c5d-c59f-46ca-b908-94c9e7af9cbb
time=2026-05-04T08:59:57.878+05:30 level=INFO msg=request method=GET path=/api/v1/territory/outlets status=403 duration_ms=0 request_id=4973ec0e-dcd9-4bf2-8754-4604ab79c0f7
time=2026-05-04T08:59:57.930+05:30 level=INFO msg=request method=POST path=/api/v1/auth/login status=200 duration_ms=47 request_id=16d6068e-229b-40a4-b2c4-2b4ed1ef7ec5
time=2026-05-04T08:59:57.937+05:30 level=INFO msg=request method=GET path=/api/v1/territory/outlets status=200 duration_ms=6 request_id=704dc30b-a65b-4264-8915-2903e5479090
time=2026-05-04T08:59:57.943+05:30 level=INFO msg=request method=POST path=/api/v1/auth/login status=401 duration_ms=0 request_id=1ea1e2ff-e166-47de-8f6a-09f0a5b7e075
time=2026-05-04T08:59:57.947+05:30 level=INFO msg=request method=POST path=/api/v1/auth/login status=401 duration_ms=0 request_id=0098f6bc-e6ed-4713-9fc6-25526bea85f9
time=2026-05-04T08:59:59.174+05:30 level=INFO msg=request method=GET path=/api/v1/auth/me status=401 duration_ms=0 request_id=0b9c250f-52a0-42a5-a46d-bb7bcec1d79e
time=2026-05-04T08:59:59.178+05:30 level=INFO msg=request method=GET path=/api/v1/outlets/112847 status=401 duration_ms=0 request_id=5df8a40f-31c2-4077-a2a1-71fa8a607b77
time=2026-05-04T08:59:59.231+05:30 level=INFO msg=request method=POST path=/api/v1/auth/login status=200 duration_ms=49 request_id=932ac1cb-2763-42cd-b6e0-76625975f3a8
time=2026-05-04T08:59:59.235+05:30 level=INFO msg=request method=GET path=/health status=200 duration_ms=0 request_id=c6c66b57-d56b-4f41-b7a4-86737cf0ea42
time=2026-05-04T09:00:03.220+05:30 level=INFO msg=request method=POST path=/api/v1/auth/login status=200 duration_ms=48 request_id=ebde1bb1-6b52-4abb-b174-86ced7d110ad
time=2026-05-04T09:00:03.231+05:30 level=INFO msg=request method=GET path=/api/v1/territory/outlets status=200 duration_ms=7 request_id=e0f9024f-c982-42f2-8f54-973993b881b3
time=2026-05-04T09:00:03.245+05:30 level=INFO msg=request method=GET path=/api/v1/outlets/112386/performance status=200 duration_ms=1 request_id=9a133b5b-582b-48d9-a7b8-d0e87652be2a
time=2026-05-04T09:00:03.245+05:30 level=INFO msg=request method=GET path=/api/v1/outlets/255872/performance status=200 duration_ms=1 request_id=1682822b-42f0-4239-90d2-87833b7af8fe
time=2026-05-04T09:00:03.257+05:30 level=INFO msg=request method=GET path=/api/v1/outlets/117567/performance status=429 duration_ms=0 request_id=2230a92a-463f-4c8b-8b3c-5bd642c00738
time=2026-05-04T09:00:03.257+05:30 level=INFO msg=request method=GET path=/api/v1/outlets/112414/performance status=429 duration_ms=0 request_id=79c839dc-16ab-4d9d-8001-4f6aa21f076d
time=2026-05-04T09:00:03.258+05:30 level=INFO msg=request method=GET path=/api/v1/outlets/109678/performance status=429 duration_ms=0 request_id=8f2fa9a0-7e56-47af-82c2-8e6a4fdabfaf
time=2026-05-04T09:00:03.258+05:30 level=INFO msg=request method=GET path=/api/v1/outlets/112847/performance status=429 duration_ms=0 request_id=128a6716-18b0-4045-b371-12e0b4fb13df
time=2026-05-04T09:00:03.258+05:30 level=INFO msg=request method=GET path=/api/v1/outlets/112417/performance status=429 duration_ms=0 request_id=22d9d32e-852f-44f2-9e4a-d2e9d61ea4e8
time=2026-05-04T09:00:03.258+05:30 level=INFO msg=request method=GET path=/api/v1/outlets/112438/performance status=429 duration_ms=0 request_id=8232f1db-b2cd-4587-b6a8-5cfdf168fadc
time=2026-05-04T09:00:03.258+05:30 level=INFO msg=request method=GET path=/api/v1/outlets/112431/performance status=429 duration_ms=0 request_id=e055915d-9ed6-4162-a450-8af7dc5951bb
time=2026-05-04T09:00:03.258+05:30 level=INFO msg=request method=GET path=/api/v1/outlets/112448/performance status=429 duration_ms=0 request_id=69a8e1dd-a2a5-4d7b-8f68-42dcddadb70d
time=2026-05-04T09:00:03.258+05:30 level=INFO msg=request method=GET path=/api/v1/outlets/127090/performance status=429 duration_ms=0 request_id=25a45c3a-f515-456d-90a5-9208ec4d01cc
time=2026-05-04T09:00:03.258+05:30 level=INFO msg=request method=GET path=/api/v1/outlets/112450/performance status=429 duration_ms=0 request_id=6d779f9f-3314-4e7e-8276-b9c17dce4f7d
time=2026-05-04T09:00:03.258+05:30 level=INFO msg=request method=GET path=/api/v1/outlets/111234/performance status=429 duration_ms=0 request_id=bfed6857-71cd-40b4-951f-ee7ac63dc244
time=2026-05-04T09:00:03.258+05:30 level=INFO msg=request method=GET path=/api/v1/outlets/112456/performance status=429 duration_ms=0 request_id=74d6ee8c-1808-485e-8ab8-529b830b5aa1
time=2026-05-04T09:00:03.258+05:30 level=INFO msg=request method=GET path=/api/v1/outlets/110234/performance status=429 duration_ms=0 request_id=b7c2a07f-db66-4aeb-ab40-21bfa4ca9396
time=2026-05-04T09:00:03.258+05:30 level=INFO msg=request method=GET path=/api/v1/outlets/112458/performance status=429 duration_ms=0 request_id=eee55ba7-6efa-4283-9d29-75e5c5c241db
time=2026-05-04T09:00:03.258+05:30 level=INFO msg=request method=GET path=/api/v1/outlets/244099/performance status=429 duration_ms=0 request_id=f63889b3-1543-426a-b5a6-8dabcc7cc202
time=2026-05-04T09:00:03.258+05:30 level=INFO msg=request method=GET path=/api/v1/outlets/129151/performance status=429 duration_ms=0 request_id=244fc1d5-05c3-4107-97dd-1ef235514b01
time=2026-05-04T09:00:03.258+05:30 level=INFO msg=request method=GET path=/api/v1/outlets/131712/performance status=429 duration_ms=0 request_id=af20e221-c2e2-452d-8c93-a0ae01d7c7a3
time=2026-05-04T09:00:03.258+05:30 level=INFO msg=request method=GET path=/api/v1/outlets/250828/performance status=429 duration_ms=0 request_id=1936198e-f0e3-4a72-8248-4014100f255d
time=2026-05-04T09:00:03.258+05:30 level=INFO msg=request method=GET path=/api/v1/outlets/113234/performance status=429 duration_ms=0 request_id=f267d509-30ef-491d-9712-16ac0da86c3c
time=2026-05-04T09:00:03.258+05:30 level=INFO msg=request method=GET path=/api/v1/outlets/113456/performance status=429 duration_ms=0 request_id=792dbd57-1722-4f16-b2bb-0bf97b3a794c
time=2026-05-04T09:00:03.258+05:30 level=INFO msg=request method=GET path=/api/v1/outlets/111456/performance status=429 duration_ms=0 request_id=27962805-e93b-4738-a2ca-73254b26bc25
time=2026-05-04T09:00:03.258+05:30 level=INFO msg=request method=GET path=/api/v1/outlets/112012/performance status=429 duration_ms=0 request_id=5443acb7-bd8d-4e9c-88fe-52718140a22f
time=2026-05-04T09:00:03.258+05:30 level=INFO msg=request method=GET path=/api/v1/outlets/119876/performance status=429 duration_ms=0 request_id=6ad1e82a-6483-4555-a631-5f9995507ccb
time=2026-05-04T09:00:03.258+05:30 level=INFO msg=request method=GET path=/api/v1/outlets/113890/performance status=429 duration_ms=0 request_id=62fd395c-102b-49b6-ae51-b0ec5f9c5dcb
time=2026-05-04T09:00:03.258+05:30 level=INFO msg=request method=GET path=/api/v1/outlets/118345/performance status=429 duration_ms=0 request_id=2b15cbc5-ff29-4a08-bfdf-1b0c41c5743e
time=2026-05-04T09:00:03.258+05:30 level=INFO msg=request method=GET path=/api/v1/outlets/112441/performance status=429 duration_ms=0 request_id=574c38bb-7ac2-44b3-9b5a-d243c312e8d2
time=2026-05-04T09:00:03.258+05:30 level=INFO msg=request method=GET path=/api/v1/outlets/107634/performance status=429 duration_ms=0 request_id=a9a7dfe9-ebc9-4fc4-acba-ffd20fab6b96
time=2026-05-04T09:00:03.258+05:30 level=INFO msg=request method=GET path=/api/v1/outlets/112457/performance status=429 duration_ms=0 request_id=3dca2b41-3c0a-46c2-8fb6-f2033577cae4
time=2026-05-04T09:00:03.258+05:30 level=INFO msg=request method=GET path=/api/v1/outlets/112460/performance status=429 duration_ms=0 request_id=411a2a3e-0f48-4802-85fc-7e6488252d2d
time=2026-05-04T09:00:03.258+05:30 level=INFO msg=request method=GET path=/api/v1/outlets/236924/performance status=429 duration_ms=0 request_id=6a07451f-81ea-4270-bfc5-c78333f2927c
time=2026-05-04T09:00:03.258+05:30 level=INFO msg=request method=GET path=/api/v1/outlets/112462/performance status=429 duration_ms=0 request_id=9101dc51-cdaa-448b-8a9d-47ae1c04a485
time=2026-05-04T09:00:03.258+05:30 level=INFO msg=request method=GET path=/api/v1/outlets/112390/performance status=200 duration_ms=1 request_id=aeeb86f6-63ee-47d5-8f7b-a3c49dcda133
time=2026-05-04T09:00:03.258+05:30 level=INFO msg=request method=GET path=/api/v1/outlets/112383/performance status=429 duration_ms=0 request_id=8ff397f4-0005-401d-95c5-824b9b273d4f
time=2026-05-04T09:00:03.258+05:30 level=INFO msg=request method=GET path=/api/v1/outlets/112387/performance status=429 duration_ms=0 request_id=61998647-ac48-47be-bf2b-5177358b174c
time=2026-05-04T09:00:03.258+05:30 level=INFO msg=request method=GET path=/api/v1/outlets/112391/performance status=429 duration_ms=0 request_id=1c58413e-3a83-47c6-a226-4c3b207a94e8
time=2026-05-04T09:00:03.258+05:30 level=INFO msg=request method=GET path=/api/v1/outlets/112392/performance status=429 duration_ms=0 request_id=14f82887-83fe-4bd0-af3d-0e32df078fee
time=2026-05-04T09:00:03.258+05:30 level=INFO msg=request method=GET path=/api/v1/outlets/156837/performance status=429 duration_ms=0 request_id=02c05825-e15a-4535-8cbc-810ee7da0fca
time=2026-05-04T09:00:03.258+05:30 level=INFO msg=request method=GET path=/api/v1/outlets/112393/performance status=429 duration_ms=0 request_id=f0a30712-306c-4a99-a0ff-51856e5f8046
time=2026-05-04T09:00:03.258+05:30 level=INFO msg=request method=GET path=/api/v1/outlets/112397/performance status=429 duration_ms=0 request_id=75687f89-22bb-4623-b0f3-4b43040a8cba
time=2026-05-04T09:00:03.258+05:30 level=INFO msg=request method=GET path=/api/v1/outlets/112398/performance status=429 duration_ms=0 request_id=38ac1fa7-d39d-4297-9c43-ca800c73f427
time=2026-05-04T09:00:03.258+05:30 level=INFO msg=request method=GET path=/api/v1/outlets/112401/performance status=429 duration_ms=0 request_id=040d987c-afce-46fe-94f4-d2bbcc54c969
time=2026-05-04T09:00:03.258+05:30 level=INFO msg=request method=GET path=/api/v1/outlets/157172/performance status=429 duration_ms=0 request_id=9843e98a-cf9a-4b34-996d-9952f521bdcc
time=2026-05-04T09:00:03.259+05:30 level=INFO msg=request method=GET path=/api/v1/outlets/112345/performance status=429 duration_ms=0 request_id=0dc3f049-4949-4c7b-ac1f-f283efcc9ed8
time=2026-05-04T09:00:03.259+05:30 level=INFO msg=request method=GET path=/api/v1/outlets/112434/performance status=429 duration_ms=0 request_id=12dfc9ec-8efa-4a2f-916f-eb71e16fa65c
time=2026-05-04T09:00:03.259+05:30 level=INFO msg=request method=GET path=/api/v1/outlets/112429/performance status=429 duration_ms=0 request_id=80842726-1817-4913-b0f0-25e24258c474
time=2026-05-04T09:00:03.259+05:30 level=INFO msg=request method=GET path=/api/v1/outlets/112444/performance status=429 duration_ms=0 request_id=62293c59-b701-4ca9-bb34-bdcbf8147675
time=2026-05-04T09:00:03.259+05:30 level=INFO msg=request method=GET path=/api/v1/outlets/112436/performance status=429 duration_ms=0 request_id=0109e836-fac5-40f0-9a13-e7a3fd0bf170
time=2026-05-04T09:00:03.259+05:30 level=INFO msg=request method=GET path=/api/v1/outlets/108923/performance status=429 duration_ms=0 request_id=71c3902b-c540-47b1-8926-5cd91d5b8223
time=2026-05-04T09:00:03.259+05:30 level=INFO msg=request method=GET path=/api/v1/outlets/200922/performance status=200 duration_ms=1 request_id=fdd05597-be6a-4298-a39b-690fafa79ede
time=2026-05-04T09:00:03.259+05:30 level=INFO msg=request method=GET path=/api/v1/outlets/112789/performance status=429 duration_ms=0 request_id=83a3c9b5-0c7c-4e10-bf20-3c2ac154bf95
time=2026-05-04T09:00:03.259+05:30 level=INFO msg=request method=GET path=/api/v1/outlets/144329/performance status=200 duration_ms=1 request_id=2da70b9b-17b8-47b0-83b4-0e163edc0285
time=2026-05-04T09:00:03.259+05:30 level=INFO msg=request method=GET path=/api/v1/outlets/112445/performance status=429 duration_ms=0 request_id=556040ce-2336-489e-94a8-36a2f774779d
time=2026-05-04T09:00:03.259+05:30 level=INFO msg=request method=GET path=/api/v1/outlets/114234/performance status=429 duration_ms=0 request_id=0659a7a6-16f4-4fe9-b0f3-ac9493c5b50a
time=2026-05-04T09:00:03.259+05:30 level=INFO msg=request method=GET path=/api/v1/outlets/112454/performance status=429 duration_ms=0 request_id=0e207b54-dabe-411a-8e99-51063cec594a
time=2026-05-04T09:00:03.259+05:30 level=INFO msg=request method=GET path=/api/v1/outlets/118567/performance status=429 duration_ms=0 request_id=a792aa7b-b10a-4f2c-9f65-c93dac87c2b3
time=2026-05-04T09:00:03.259+05:30 level=INFO msg=request method=GET path=/api/v1/outlets/198868/performance status=429 duration_ms=0 request_id=e251801c-e345-4657-a4f9-2b84b0363030
time=2026-05-04T09:00:03.259+05:30 level=INFO msg=request method=GET path=/api/v1/outlets/112453/performance status=429 duration_ms=0 request_id=a8b9b87b-b202-442e-873d-a08eaf59be4d
time=2026-05-04T09:00:03.259+05:30 level=INFO msg=request method=GET path=/api/v1/outlets/151186/performance status=429 duration_ms=0 request_id=22114f93-5d9c-4182-89bc-932d1781449d
time=2026-05-04T09:00:03.259+05:30 level=INFO msg=request method=GET path=/api/v1/outlets/112402/performance status=429 duration_ms=0 request_id=98ed9e24-2b3e-4987-9a7d-6209dd9df69c
time=2026-05-04T09:00:03.259+05:30 level=INFO msg=request method=GET path=/api/v1/outlets/118012/performance status=429 duration_ms=0 request_id=66e31d65-b756-42c2-b5a0-18ca3dfae166
time=2026-05-04T09:00:03.259+05:30 level=INFO msg=request method=GET path=/api/v1/outlets/109251/performance status=429 duration_ms=0 request_id=d24a9c87-a515-497b-8190-d86c3b7a63ed
time=2026-05-04T09:00:03.259+05:30 level=INFO msg=request method=GET path=/api/v1/outlets/148413/performance status=429 duration_ms=0 request_id=66620c73-6451-440e-9089-bbe5c7c9871e
time=2026-05-04T09:00:03.259+05:30 level=INFO msg=request method=GET path=/api/v1/outlets/168006/performance status=429 duration_ms=0 request_id=c08bbce6-efa7-4f58-849e-e237c179df28
time=2026-05-04T09:00:03.259+05:30 level=INFO msg=request method=GET path=/api/v1/outlets/112407/performance status=429 duration_ms=0 request_id=3f6dd88e-d4ff-4238-8028-26ff4def6ad1
time=2026-05-04T09:00:03.259+05:30 level=INFO msg=request method=GET path=/api/v1/outlets/112415/performance status=429 duration_ms=0 request_id=71fce669-09a3-4249-8d40-6510214abf5c
time=2026-05-04T09:00:03.259+05:30 level=INFO msg=request method=GET path=/api/v1/outlets/108765/performance status=429 duration_ms=0 request_id=a41bcff0-e824-48f3-a133-6b138552d1f2
time=2026-05-04T09:00:03.259+05:30 level=INFO msg=request method=GET path=/api/v1/outlets/198751/performance status=429 duration_ms=0 request_id=4a29972a-bc0d-4111-83a0-cb8980418e99
time=2026-05-04T09:00:03.259+05:30 level=INFO msg=request method=GET path=/api/v1/outlets/118901/performance status=429 duration_ms=0 request_id=f91a2cc7-ab18-4930-b52c-b3ccfacac89c
time=2026-05-04T09:00:03.259+05:30 level=INFO msg=request method=GET path=/api/v1/outlets/115901/performance status=200 duration_ms=1 request_id=443e12d6-6f8a-4136-9e4e-2c3126cb3b0c
time=2026-05-04T09:00:03.259+05:30 level=INFO msg=request method=GET path=/api/v1/outlets/112420/performance status=429 duration_ms=0 request_id=e3b34d38-c350-474f-97a8-695cf678eb6e
time=2026-05-04T09:00:03.259+05:30 level=INFO msg=request method=GET path=/api/v1/outlets/112446/performance status=429 duration_ms=0 request_id=e4abeb49-1f88-4a6f-818a-5554484f0410
time=2026-05-04T09:00:03.259+05:30 level=INFO msg=request method=GET path=/api/v1/outlets/117890/performance status=429 duration_ms=0 request_id=fd3689df-b77d-41d1-8557-6b16bc220304
time=2026-05-04T09:00:03.259+05:30 level=INFO msg=request method=GET path=/api/v1/outlets/128472/performance status=429 duration_ms=0 request_id=c893778e-85cf-4092-8a16-94ae6861880d
time=2026-05-04T09:00:03.259+05:30 level=INFO msg=request method=GET path=/api/v1/outlets/136152/performance status=429 duration_ms=0 request_id=e23f90a4-f42e-4abf-8551-e02a149ae5aa
time=2026-05-04T09:00:03.259+05:30 level=INFO msg=request method=GET path=/api/v1/outlets/112384/performance status=429 duration_ms=0 request_id=b279db43-f1f9-4a3a-ba39-6b00ec16f4b2
time=2026-05-04T09:00:03.259+05:30 level=INFO msg=request method=GET path=/api/v1/outlets/112385/performance status=429 duration_ms=0 request_id=054df39c-a144-4d49-929a-7b42f2543dad
time=2026-05-04T09:00:03.259+05:30 level=INFO msg=request method=GET path=/api/v1/outlets/112389/performance status=429 duration_ms=0 request_id=237e6011-9fc1-488d-b899-355cca9f8ae5
time=2026-05-04T09:00:03.259+05:30 level=INFO msg=request method=GET path=/api/v1/outlets/115634/performance status=429 duration_ms=0 request_id=41bdd352-6d4b-442b-b0c5-fdc1cbdd8171
time=2026-05-04T09:00:03.259+05:30 level=INFO msg=request method=GET path=/api/v1/outlets/112395/performance status=429 duration_ms=0 request_id=f2699e73-8cc9-4d19-bd03-e94c35b34fd6
time=2026-05-04T09:00:03.259+05:30 level=INFO msg=request method=GET path=/api/v1/outlets/116456/performance status=429 duration_ms=0 request_id=c564807d-d6ed-4c27-a6e2-bc6f5505c07f
time=2026-05-04T09:00:03.259+05:30 level=INFO msg=request method=GET path=/api/v1/outlets/123784/performance status=429 duration_ms=0 request_id=2af4d1a0-cfaf-4941-8c64-a73fdddbc1f1
time=2026-05-04T09:00:03.259+05:30 level=INFO msg=request method=GET path=/api/v1/outlets/149238/performance status=429 duration_ms=0 request_id=bcbd91ae-d558-4822-84b5-88703b5d45cc
time=2026-05-04T09:00:03.259+05:30 level=INFO msg=request method=GET path=/api/v1/outlets/119012/performance status=429 duration_ms=0 request_id=9c631786-f6b7-4e38-9823-b0187ce5fcd1
time=2026-05-04T09:00:03.259+05:30 level=INFO msg=request method=GET path=/api/v1/outlets/147286/performance status=429 duration_ms=0 request_id=75fb4aea-51d8-497b-a75a-f2cb87b326e9
time=2026-05-04T09:00:03.259+05:30 level=INFO msg=request method=GET path=/api/v1/outlets/112403/performance status=429 duration_ms=0 request_id=5309285b-5614-4651-be2d-cf0807793c92
time=2026-05-04T09:00:03.259+05:30 level=INFO msg=request method=GET path=/api/v1/outlets/112411/performance status=429 duration_ms=0 request_id=e548ef62-dbed-463c-9447-303efd41d0a6
time=2026-05-04T09:00:03.259+05:30 level=INFO msg=request method=GET path=/api/v1/outlets/112412/performance status=429 duration_ms=0 request_id=261e956a-b162-4d4a-8bf0-0a5f9a00a4e0
time=2026-05-04T09:00:03.259+05:30 level=INFO msg=request method=GET path=/api/v1/outlets/167171/performance status=429 duration_ms=0 request_id=3b66a3f7-3a72-4352-9912-3ddff8ede0a1
time=2026-05-04T09:00:03.260+05:30 level=INFO msg=request method=GET path=/api/v1/outlets/115789/performance status=429 duration_ms=0 request_id=c1b2f716-aa6b-46fd-a400-19261e8af62a
time=2026-05-04T09:00:03.260+05:30 level=INFO msg=request method=GET path=/api/v1/outlets/112418/performance status=429 duration_ms=0 request_id=0f61c6bd-f4e0-4ffd-8f54-70a494071300
time=2026-05-04T09:00:03.260+05:30 level=INFO msg=request method=GET path=/api/v1/outlets/112416/performance status=429 duration_ms=0 request_id=7276ad6f-afd0-42dd-81d9-d37707490249
time=2026-05-04T09:00:03.260+05:30 level=INFO msg=request method=GET path=/api/v1/outlets/112419/performance status=429 duration_ms=0 request_id=603e4e65-e2cd-4a60-b031-bab549a14440
time=2026-05-04T09:00:03.260+05:30 level=INFO msg=request method=GET path=/api/v1/outlets/115012/performance status=429 duration_ms=0 request_id=42871540-1d66-4d40-9b42-6c805a2af14e
time=2026-05-04T09:00:03.260+05:30 level=INFO msg=request method=GET path=/api/v1/outlets/112422/performance status=429 duration_ms=0 request_id=f75c4649-2462-4f8e-aedc-09742dc5ba77
time=2026-05-04T09:00:03.260+05:30 level=INFO msg=request method=GET path=/api/v1/outlets/112424/performance status=429 duration_ms=0 request_id=a7e50fd4-964d-40c9-acee-ef460779234e
time=2026-05-04T09:00:03.260+05:30 level=INFO msg=request method=GET path=/api/v1/outlets/112425/performance status=429 duration_ms=0 request_id=82dafbfa-82e0-49e1-8efa-9b097228a55a
time=2026-05-04T09:00:03.260+05:30 level=INFO msg=request method=GET path=/api/v1/outlets/112428/performance status=429 duration_ms=0 request_id=58dd22ba-78c1-486e-af6a-5a3f683c9562
time=2026-05-04T09:00:03.260+05:30 level=INFO msg=request method=GET path=/api/v1/outlets/112437/performance status=429 duration_ms=0 request_id=a95b6352-d587-4b0f-8024-b46f1bd19af7
time=2026-05-04T09:00:03.260+05:30 level=INFO msg=request method=GET path=/api/v1/outlets/112440/performance status=429 duration_ms=0 request_id=01677fe1-d216-4435-be59-0bbde2ad52ef
time=2026-05-04T09:00:03.260+05:30 level=INFO msg=request method=GET path=/api/v1/outlets/112442/performance status=429 duration_ms=0 request_id=74cde91d-1f47-4ef6-a942-664aaa4e4afa
time=2026-05-04T09:00:03.260+05:30 level=INFO msg=request method=GET path=/api/v1/outlets/114678/performance status=429 duration_ms=0 request_id=1e0fa70e-260c-4a22-8386-4ca296341c43
time=2026-05-04T09:00:03.260+05:30 level=INFO msg=request method=GET path=/api/v1/outlets/112443/performance status=429 duration_ms=0 request_id=c1d8af5f-f3a3-40f9-9de7-ea4f9f270b33
time=2026-05-04T09:00:03.260+05:30 level=INFO msg=request method=GET path=/api/v1/outlets/111789/performance status=429 duration_ms=0 request_id=800a559c-5465-4c44-9303-5f4700d82c64
time=2026-05-04T09:00:03.260+05:30 level=INFO msg=request method=GET path=/api/v1/outlets/112439/performance status=429 duration_ms=0 request_id=f2e20f3a-39df-4998-b65a-105e04013960
time=2026-05-04T09:00:03.260+05:30 level=INFO msg=request method=GET path=/api/v1/outlets/163708/performance status=429 duration_ms=0 request_id=526bf407-f911-4a3d-91cf-5f5513462b34
time=2026-05-04T09:00:03.260+05:30 level=INFO msg=request method=GET path=/api/v1/outlets/114521/performance status=429 duration_ms=0 request_id=df9211ae-7eef-493f-a8bc-e9d31c4c3c14
time=2026-05-04T09:00:03.260+05:30 level=INFO msg=request method=GET path=/api/v1/outlets/112455/performance status=429 duration_ms=0 request_id=2d797ed4-b6d2-4705-9d09-d5acd87a5bb1
time=2026-05-04T09:00:03.260+05:30 level=INFO msg=request method=GET path=/api/v1/outlets/112459/performance status=429 duration_ms=0 request_id=230ea2d4-3bfc-487b-ac71-36c83141db05
time=2026-05-04T09:00:03.260+05:30 level=INFO msg=request method=GET path=/api/v1/outlets/117234/performance status=429 duration_ms=0 request_id=1c58c4f7-1fd1-4fd7-8a60-94494f58bf05
time=2026-05-04T09:00:03.260+05:30 level=INFO msg=request method=GET path=/api/v1/outlets/112466/performance status=429 duration_ms=0 request_id=1fa43f21-0e5f-4cf0-a2a0-21d2769eb826
time=2026-05-04T09:00:03.260+05:30 level=INFO msg=request method=GET path=/api/v1/outlets/112461/performance status=429 duration_ms=0 request_id=3826d01b-c92b-4299-a9e4-138816dffb63
time=2026-05-04T09:00:03.260+05:30 level=INFO msg=request method=GET path=/api/v1/outlets/112404/performance status=429 duration_ms=0 request_id=02f24e7f-e82a-4781-a319-51b9298a91e9
time=2026-05-04T09:00:03.260+05:30 level=INFO msg=request method=GET path=/api/v1/outlets/110567/performance status=429 duration_ms=0 request_id=0ac3b18c-1d22-4ea9-a18e-9b1c3e473a7e
time=2026-05-04T09:00:03.260+05:30 level=INFO msg=request method=GET path=/api/v1/outlets/116890/performance status=429 duration_ms=0 request_id=2d58eabe-d192-4851-b52c-bd4826356e5d
time=2026-05-04T09:00:03.260+05:30 level=INFO msg=request method=GET path=/api/v1/outlets/112435/performance status=429 duration_ms=0 request_id=0238879a-64c4-4276-9c54-97fe7c892e75
time=2026-05-04T09:00:03.260+05:30 level=INFO msg=request method=GET path=/api/v1/outlets/112427/performance status=429 duration_ms=0 request_id=4595576e-a18a-4dec-8fb3-d33726486c02
time=2026-05-04T09:00:03.260+05:30 level=INFO msg=request method=GET path=/api/v1/outlets/116123/performance status=429 duration_ms=0 request_id=ec7773e8-9642-4c31-b17c-cd2dca2332e9
time=2026-05-04T09:00:03.260+05:30 level=INFO msg=request method=GET path=/api/v1/outlets/116789/performance status=429 duration_ms=0 request_id=2186fe6e-a3d9-479c-9104-62fcc695a299
time=2026-05-04T09:00:03.260+05:30 level=INFO msg=request method=GET path=/api/v1/outlets/163741/performance status=429 duration_ms=0 request_id=80bdbd11-c449-4468-84c4-2066f497819c
time=2026-05-04T09:00:03.265+05:30 level=INFO msg=request method=GET path=/api/v1/outlets/256507/performance status=429 duration_ms=0 request_id=fff5ea80-65ff-4ce6-8879-e387a7854d65
time=2026-05-04T09:00:03.265+05:30 level=INFO msg=request method=GET path=/api/v1/outlets/112408/performance status=429 duration_ms=0 request_id=0d5700c6-d86e-4dbc-a3db-f77400558ec6
time=2026-05-04T09:00:03.265+05:30 level=INFO msg=request method=GET path=/api/v1/outlets/144348/performance status=429 duration_ms=0 request_id=3b39e856-adec-4756-be9e-848eb59af488
time=2026-05-04T09:00:03.265+05:30 level=INFO msg=request method=GET path=/api/v1/outlets/112410/performance status=429 duration_ms=0 request_id=f3c1d1f3-3fc5-465c-87bd-6680d91727ec
time=2026-05-04T09:00:03.265+05:30 level=INFO msg=request method=GET path=/api/v1/outlets/147087/performance status=429 duration_ms=0 request_id=837082be-2a9a-49b5-bdd4-108221bea09b
time=2026-05-04T09:00:03.265+05:30 level=INFO msg=request method=GET path=/api/v1/outlets/113782/performance status=429 duration_ms=0 request_id=cd1b8f2d-294f-4648-a1d8-d3a2f02dba65
time=2026-05-04T09:00:03.265+05:30 level=INFO msg=request method=GET path=/api/v1/outlets/146411/performance status=429 duration_ms=0 request_id=fd0bb510-ace4-47c6-b071-5c441830e3b4
time=2026-05-04T09:00:03.265+05:30 level=INFO msg=request method=GET path=/api/v1/outlets/112451/performance status=429 duration_ms=0 request_id=59ae53fe-63e0-4acd-9f0a-0f888b8821dd
time=2026-05-04T09:00:03.265+05:30 level=INFO msg=request method=GET path=/api/v1/outlets/149412/performance status=429 duration_ms=0 request_id=fa7299ea-b386-4ed4-a0f5-c2a0e218c714
time=2026-05-04T09:00:03.265+05:30 level=INFO msg=request method=GET path=/api/v1/outlets/119456/performance status=429 duration_ms=0 request_id=dcbd21a7-2565-4eda-9f1d-979e9d398b62
time=2026-05-04T09:00:03.501+05:30 level=INFO msg=request method=POST path=/api/v1/auth/login status=429 duration_ms=0 request_id=ead3839d-bb9d-498f-b13e-1cb2856a94ca
time=2026-05-04T09:00:05.585+05:30 level=INFO msg=request method=POST path=/api/v1/auth/login status=200 duration_ms=76 request_id=76848ae1-8b3c-4974-b6be-41f9337916f4
time=2026-05-04T09:00:05.600+05:30 level=INFO msg=request method=GET path=/api/v1/territory/outlets status=200 duration_ms=12 request_id=2d729436-6568-4572-b419-950ceff8fc18
time=2026-05-04T09:00:05.609+05:30 level=INFO msg=request method=GET path=/api/v1/outlets/112386/performance status=200 duration_ms=1 request_id=f7fdfbb7-c7b5-455c-b67c-afe04a1305ab
time=2026-05-04T09:00:05.617+05:30 level=INFO msg=request method=GET path=/api/v1/outlets/112390/performance status=429 duration_ms=0 request_id=55176706-bb83-4bc5-a683-ce2c13d8b7bd
time=2026-05-04T09:00:05.617+05:30 level=INFO msg=request method=GET path=/api/v1/outlets/200922/performance status=429 duration_ms=0 request_id=24f9444e-2d9d-4485-8f55-2c933ca5f58d
time=2026-05-04T09:00:05.617+05:30 level=INFO msg=request method=GET path=/api/v1/outlets/144329/performance status=429 duration_ms=0 request_id=61f8d2e8-5be4-42a1-8692-5bf6d29a425e
time=2026-05-04T09:00:05.617+05:30 level=INFO msg=request method=GET path=/api/v1/outlets/115901/performance status=429 duration_ms=0 request_id=0a702aad-bd9c-4b0c-88e5-0d9f95d5aa2a
time=2026-05-04T09:00:05.617+05:30 level=INFO msg=request method=GET path=/api/v1/outlets/117567/performance status=429 duration_ms=0 request_id=bd11a0bb-7b3b-4792-91a9-b355d9a0d8cf
time=2026-05-04T09:00:05.617+05:30 level=INFO msg=request method=GET path=/api/v1/outlets/112414/performance status=429 duration_ms=0 request_id=546049a8-5635-4ab3-9888-dc4ce8da9dfc
time=2026-05-04T09:00:05.617+05:30 level=INFO msg=request method=GET path=/api/v1/outlets/109678/performance status=429 duration_ms=0 request_id=900dfa96-9cd7-4532-9b66-5c30e318932f
time=2026-05-04T09:00:05.617+05:30 level=INFO msg=request method=GET path=/api/v1/outlets/112847/performance status=429 duration_ms=0 request_id=d1385647-7a24-4de9-8a1d-172b60d7bb03
time=2026-05-04T09:00:05.617+05:30 level=INFO msg=request method=GET path=/api/v1/outlets/112417/performance status=429 duration_ms=0 request_id=520f6984-07f1-4c92-a99d-9dcd097599e0
time=2026-05-04T09:00:05.617+05:30 level=INFO msg=request method=GET path=/api/v1/outlets/112431/performance status=429 duration_ms=0 request_id=09b1b528-3127-4504-9647-aa8ab790e949
time=2026-05-04T09:00:05.617+05:30 level=INFO msg=request method=GET path=/api/v1/outlets/112438/performance status=429 duration_ms=0 request_id=64e9f21a-2987-454a-b8bd-5996f4b9ae73
time=2026-05-04T09:00:05.618+05:30 level=INFO msg=request method=GET path=/api/v1/outlets/127090/performance status=429 duration_ms=0 request_id=f89b33f9-debc-4d34-aa47-cf413d049f62
time=2026-05-04T09:00:05.618+05:30 level=INFO msg=request method=GET path=/api/v1/outlets/112448/performance status=429 duration_ms=0 request_id=badb8b00-43cc-480e-83bf-db8c084bd12f
time=2026-05-04T09:00:05.618+05:30 level=INFO msg=request method=GET path=/api/v1/outlets/111234/performance status=429 duration_ms=0 request_id=a977c3ce-5ffa-4e21-8e16-d88cdbd2c16d
time=2026-05-04T09:00:05.618+05:30 level=INFO msg=request method=GET path=/api/v1/outlets/112450/performance status=429 duration_ms=0 request_id=da14baea-1e02-474f-8877-dd22f99e14b4
time=2026-05-04T09:00:05.618+05:30 level=INFO msg=request method=GET path=/api/v1/outlets/110234/performance status=429 duration_ms=0 request_id=c0d795f4-336b-4353-9190-5eaf7cc8e5a1
time=2026-05-04T09:00:05.618+05:30 level=INFO msg=request method=GET path=/api/v1/outlets/112456/performance status=429 duration_ms=0 request_id=722b483a-6583-47e6-9577-4105965fc65f
time=2026-05-04T09:00:05.618+05:30 level=INFO msg=request method=GET path=/api/v1/outlets/112458/performance status=429 duration_ms=0 request_id=591bd4ec-cac4-4201-ae43-d271ced04b4b
time=2026-05-04T09:00:05.618+05:30 level=INFO msg=request method=GET path=/api/v1/outlets/131712/performance status=429 duration_ms=0 request_id=0aee1e62-91a9-454f-a723-dc0791bc2967
time=2026-05-04T09:00:05.618+05:30 level=INFO msg=request method=GET path=/api/v1/outlets/244099/performance status=429 duration_ms=0 request_id=6f31a290-4415-4f61-80cf-4a571a30ceca
time=2026-05-04T09:00:05.618+05:30 level=INFO msg=request method=GET path=/api/v1/outlets/113234/performance status=429 duration_ms=0 request_id=1e2e476c-57a1-4e90-b23f-144b27a835cf
time=2026-05-04T09:00:05.618+05:30 level=INFO msg=request method=GET path=/api/v1/outlets/129151/performance status=429 duration_ms=0 request_id=c40b1457-2b6c-408a-8461-493483b3ede5
time=2026-05-04T09:00:05.618+05:30 level=INFO msg=request method=GET path=/api/v1/outlets/113456/performance status=429 duration_ms=0 request_id=90c59e2d-d574-4171-9a4a-e6ea0e14aadb
time=2026-05-04T09:00:05.618+05:30 level=INFO msg=request method=GET path=/api/v1/outlets/250828/performance status=429 duration_ms=0 request_id=c82323d1-dd6a-4fc6-b1a1-380071077cde
time=2026-05-04T09:00:05.618+05:30 level=INFO msg=request method=GET path=/api/v1/outlets/112012/performance status=429 duration_ms=0 request_id=96a168ae-a5fb-46d7-abd4-6d2edad656cb
time=2026-05-04T09:00:05.618+05:30 level=INFO msg=request method=GET path=/api/v1/outlets/111456/performance status=429 duration_ms=0 request_id=bf1518c1-5132-4892-a631-a73e72208092
time=2026-05-04T09:00:05.618+05:30 level=INFO msg=request method=GET path=/api/v1/outlets/113890/performance status=429 duration_ms=0 request_id=960ace0d-06a5-4a58-a532-dd45f22dd6a1
time=2026-05-04T09:00:05.618+05:30 level=INFO msg=request method=GET path=/api/v1/outlets/112457/performance status=429 duration_ms=0 request_id=b8f978ed-a460-4ee3-af7a-ea010685f363
time=2026-05-04T09:00:05.618+05:30 level=INFO msg=request method=GET path=/api/v1/outlets/118345/performance status=429 duration_ms=0 request_id=bd0221c6-1989-44c7-82cf-8fe5cb8dd8c7
time=2026-05-04T09:00:05.618+05:30 level=INFO msg=request method=GET path=/api/v1/outlets/119876/performance status=429 duration_ms=0 request_id=fab16d5a-bdbd-4d4c-8670-624b21449096
time=2026-05-04T09:00:05.618+05:30 level=INFO msg=request method=GET path=/api/v1/outlets/112441/performance status=429 duration_ms=0 request_id=019fc52b-8218-4089-a89f-28f74184a96d
time=2026-05-04T09:00:05.618+05:30 level=INFO msg=request method=GET path=/api/v1/outlets/112460/performance status=429 duration_ms=0 request_id=5c0148b6-c056-4a79-bc8c-4c2045b54e50
time=2026-05-04T09:00:05.618+05:30 level=INFO msg=request method=GET path=/api/v1/outlets/107634/performance status=429 duration_ms=0 request_id=830ae333-2b5c-47e9-8215-4ceeac74b86d
time=2026-05-04T09:00:05.618+05:30 level=INFO msg=request method=GET path=/api/v1/outlets/112462/performance status=429 duration_ms=0 request_id=5d3f2458-8047-4336-9737-1ec183e4968b
time=2026-05-04T09:00:05.618+05:30 level=INFO msg=request method=GET path=/api/v1/outlets/112383/performance status=429 duration_ms=0 request_id=faca8a60-2251-4624-a6b3-46e49b6d294b
time=2026-05-04T09:00:05.618+05:30 level=INFO msg=request method=GET path=/api/v1/outlets/112387/performance status=429 duration_ms=0 request_id=2a96a0f5-9ae4-4300-8847-cc94db037f9f
time=2026-05-04T09:00:05.618+05:30 level=INFO msg=request method=GET path=/api/v1/outlets/236924/performance status=429 duration_ms=0 request_id=4d580bec-a55e-4816-973d-63e76a90fe1c
time=2026-05-04T09:00:05.618+05:30 level=INFO msg=request method=GET path=/api/v1/outlets/255872/performance status=200 duration_ms=1 request_id=1ae954fb-19c5-4daa-8045-e800553894d6
time=2026-05-04T09:00:05.618+05:30 level=INFO msg=request method=GET path=/api/v1/outlets/112391/performance status=429 duration_ms=0 request_id=768bd602-e6b9-49bf-8675-34c9070747e8
time=2026-05-04T09:00:05.618+05:30 level=INFO msg=request method=GET path=/api/v1/outlets/112392/performance status=429 duration_ms=0 request_id=67bb607c-74ce-4c44-96c8-3f4f53e17ce7
time=2026-05-04T09:00:05.618+05:30 level=INFO msg=request method=GET path=/api/v1/outlets/156837/performance status=429 duration_ms=0 request_id=30f676ac-8e14-4f7f-83fb-b385929e2df0
time=2026-05-04T09:00:05.618+05:30 level=INFO msg=request method=GET path=/api/v1/outlets/112393/performance status=429 duration_ms=0 request_id=c44809fd-2544-41dd-b470-ae7609d37a32
time=2026-05-04T09:00:05.618+05:30 level=INFO msg=request method=GET path=/api/v1/outlets/112397/performance status=429 duration_ms=0 request_id=9f6f46c9-2592-45fc-9ee7-ba9542a0361e
time=2026-05-04T09:00:05.618+05:30 level=INFO msg=request method=GET path=/api/v1/outlets/112398/performance status=429 duration_ms=0 request_id=babb41d6-72c6-4fd2-825e-bf4b8f2bbca9
time=2026-05-04T09:00:05.618+05:30 level=INFO msg=request method=GET path=/api/v1/outlets/112401/performance status=429 duration_ms=0 request_id=75495f6a-62ab-4d58-a297-fc1e4c6d1dd6
time=2026-05-04T09:00:05.618+05:30 level=INFO msg=request method=GET path=/api/v1/outlets/112345/performance status=429 duration_ms=0 request_id=3591effc-0686-426f-b23c-a6e3654a0130
time=2026-05-04T09:00:05.618+05:30 level=INFO msg=request method=GET path=/api/v1/outlets/157172/performance status=429 duration_ms=0 request_id=7cf3155b-fb95-4088-9251-c2a4fcda31b1
time=2026-05-04T09:00:05.618+05:30 level=INFO msg=request method=GET path=/api/v1/outlets/112434/performance status=429 duration_ms=0 request_id=366d7ce7-bd3b-4e99-9c84-545668b61216
time=2026-05-04T09:00:05.618+05:30 level=INFO msg=request method=GET path=/api/v1/outlets/112429/performance status=429 duration_ms=0 request_id=0bac757c-ddd2-4840-9862-fb4bc3e2b2eb
time=2026-05-04T09:00:05.618+05:30 level=INFO msg=request method=GET path=/api/v1/outlets/112436/performance status=429 duration_ms=0 request_id=33e465f2-7092-474a-8f8e-a2b2d294a562
time=2026-05-04T09:00:05.618+05:30 level=INFO msg=request method=GET path=/api/v1/outlets/112444/performance status=429 duration_ms=0 request_id=ea332474-9898-4981-9499-97df6cbeeb30
time=2026-05-04T09:00:05.619+05:30 level=INFO msg=request method=GET path=/api/v1/outlets/112445/performance status=429 duration_ms=0 request_id=812daaec-5e84-4dae-92d1-4ae413c9a3d7
time=2026-05-04T09:00:05.619+05:30 level=INFO msg=request method=GET path=/api/v1/outlets/108923/performance status=429 duration_ms=0 request_id=82d5bcf3-62b5-4e0b-b619-b6365563d1a8
time=2026-05-04T09:00:05.619+05:30 level=INFO msg=request method=GET path=/api/v1/outlets/112789/performance status=429 duration_ms=0 request_id=e5849543-9d5c-4311-a4e4-c7481d4eb40b
time=2026-05-04T09:00:05.619+05:30 level=INFO msg=request method=GET path=/api/v1/outlets/112453/performance status=429 duration_ms=0 request_id=ad927827-c35a-4d3c-923e-69cdd0ca0831
time=2026-05-04T09:00:05.619+05:30 level=INFO msg=request method=GET path=/api/v1/outlets/112454/performance status=429 duration_ms=0 request_id=b429a4a6-0860-43d5-9544-c35ce60fffb8
time=2026-05-04T09:00:05.619+05:30 level=INFO msg=request method=GET path=/api/v1/outlets/114234/performance status=429 duration_ms=0 request_id=9db81f97-1950-47ee-b062-90c28d7ab258
time=2026-05-04T09:00:05.619+05:30 level=INFO msg=request method=GET path=/api/v1/outlets/118567/performance status=429 duration_ms=0 request_id=b68afd08-82d3-4987-b941-0bebfabff14f
time=2026-05-04T09:00:05.619+05:30 level=INFO msg=request method=GET path=/api/v1/outlets/151186/performance status=429 duration_ms=0 request_id=55857f91-bfaf-4c3f-928b-ad0c4f50ee0d
time=2026-05-04T09:00:05.619+05:30 level=INFO msg=request method=GET path=/api/v1/outlets/198868/performance status=429 duration_ms=0 request_id=715dd257-cc9f-49fd-aab8-b3d53dbf03ef
time=2026-05-04T09:00:05.619+05:30 level=INFO msg=request method=GET path=/api/v1/outlets/109251/performance status=429 duration_ms=0 request_id=f518e9a5-4221-446e-85b0-5e8dab8a5a70
time=2026-05-04T09:00:05.619+05:30 level=INFO msg=request method=GET path=/api/v1/outlets/118012/performance status=429 duration_ms=0 request_id=33047ba8-34ac-44d7-aff5-f6c68d221d56
time=2026-05-04T09:00:05.619+05:30 level=INFO msg=request method=GET path=/api/v1/outlets/112407/performance status=429 duration_ms=0 request_id=6929892e-6f2a-47a5-a866-023919cd8601
time=2026-05-04T09:00:05.619+05:30 level=INFO msg=request method=GET path=/api/v1/outlets/112402/performance status=429 duration_ms=0 request_id=f397194c-070b-4859-8857-9cf593a4e615
time=2026-05-04T09:00:05.619+05:30 level=INFO msg=request method=GET path=/api/v1/outlets/168006/performance status=429 duration_ms=0 request_id=4d06eb6e-fe3d-4a26-aacc-f9e18379d8f4
time=2026-05-04T09:00:05.620+05:30 level=INFO msg=request method=GET path=/api/v1/outlets/148413/performance status=429 duration_ms=0 request_id=3df0e043-75bc-44bd-bb52-0a57a2241f14
time=2026-05-04T09:00:05.620+05:30 level=INFO msg=request method=GET path=/api/v1/outlets/112415/performance status=429 duration_ms=0 request_id=39bc0e26-60f4-445a-8b56-99930cd4cebd
time=2026-05-04T09:00:05.620+05:30 level=INFO msg=request method=GET path=/api/v1/outlets/198751/performance status=429 duration_ms=0 request_id=8466b95a-dff2-42b4-825d-5fcb15a40fc8
time=2026-05-04T09:00:05.620+05:30 level=INFO msg=request method=GET path=/api/v1/outlets/108765/performance status=429 duration_ms=0 request_id=0368a093-1845-48f1-879f-51f6aea7f8f2
time=2026-05-04T09:00:05.620+05:30 level=INFO msg=request method=GET path=/api/v1/outlets/118901/performance status=429 duration_ms=0 request_id=6b95404d-4855-4785-ad92-6a6377ed3b47
time=2026-05-04T09:00:05.620+05:30 level=INFO msg=request method=GET path=/api/v1/outlets/117890/performance status=429 duration_ms=0 request_id=0390d453-bdd4-4775-a3fe-2cce18481b41
time=2026-05-04T09:00:05.620+05:30 level=INFO msg=request method=GET path=/api/v1/outlets/112420/performance status=429 duration_ms=0 request_id=569e20a4-fe4f-41b9-b4b2-69649229cc8e
time=2026-05-04T09:00:05.624+05:30 level=INFO msg=request method=GET path=/api/v1/outlets/112446/performance status=429 duration_ms=0 request_id=090c6cca-460f-483f-9703-68f51a866b33
time=2026-05-04T09:00:05.624+05:30 level=INFO msg=request method=GET path=/api/v1/outlets/136152/performance status=429 duration_ms=0 request_id=3e800731-7f0a-4239-98ca-3724ef09d9a4
time=2026-05-04T09:00:05.624+05:30 level=INFO msg=request method=GET path=/api/v1/outlets/128472/performance status=429 duration_ms=0 request_id=69a231b5-9b56-4f49-a68a-5ec951971165
time=2026-05-04T09:00:05.624+05:30 level=INFO msg=request method=GET path=/api/v1/outlets/112384/performance status=429 duration_ms=0 request_id=f2de2b1b-5a08-4558-8963-a712b59527ac
time=2026-05-04T09:00:05.624+05:30 level=INFO msg=request method=GET path=/api/v1/outlets/112385/performance status=429 duration_ms=0 request_id=85f9ae54-893a-492d-b49c-45a4eaf929b1
time=2026-05-04T09:00:05.624+05:30 level=INFO msg=request method=GET path=/api/v1/outlets/112389/performance status=429 duration_ms=0 request_id=958a7f18-b5a9-40a4-b828-ae32d7485331
time=2026-05-04T09:00:05.624+05:30 level=INFO msg=request method=GET path=/api/v1/outlets/115634/performance status=429 duration_ms=0 request_id=bd4290f6-7171-41f7-b4d5-8e2ea401e048
time=2026-05-04T09:00:05.624+05:30 level=INFO msg=request method=GET path=/api/v1/outlets/112395/performance status=429 duration_ms=0 request_id=df6dfa2a-7218-4d74-823d-5a6ff5cb9af6
time=2026-05-04T09:00:05.624+05:30 level=INFO msg=request method=GET path=/api/v1/outlets/116456/performance status=429 duration_ms=0 request_id=545aad71-9d63-4521-9088-4921823ef79f
time=2026-05-04T09:00:05.624+05:30 level=INFO msg=request method=GET path=/api/v1/outlets/123784/performance status=429 duration_ms=0 request_id=f036e000-dd00-4d10-8dcf-644c95aa9c49
time=2026-05-04T09:00:05.624+05:30 level=INFO msg=request method=GET path=/api/v1/outlets/147286/performance status=429 duration_ms=0 request_id=63413690-8eec-4e8f-96c1-ceaace4f93fe
time=2026-05-04T09:00:05.624+05:30 level=INFO msg=request method=GET path=/api/v1/outlets/149238/performance status=429 duration_ms=0 request_id=206c319a-ebb1-4d67-9fde-0b9fdc1d855e
time=2026-05-04T09:00:05.624+05:30 level=INFO msg=request method=GET path=/api/v1/outlets/112403/performance status=429 duration_ms=0 request_id=b6b19265-bcdc-4c50-8324-dd9997e6d629
time=2026-05-04T09:00:05.624+05:30 level=INFO msg=request method=GET path=/api/v1/outlets/112412/performance status=429 duration_ms=0 request_id=d685617a-2896-46f8-8c9b-969d037df5ad
time=2026-05-04T09:00:05.624+05:30 level=INFO msg=request method=GET path=/api/v1/outlets/167171/performance status=429 duration_ms=0 request_id=98677d2f-fece-481f-a783-46bfa19fec57
time=2026-05-04T09:00:05.624+05:30 level=INFO msg=request method=GET path=/api/v1/outlets/112411/performance status=429 duration_ms=0 request_id=eb35b83a-e1a6-4604-a881-f0f1ab9c3011
time=2026-05-04T09:00:05.624+05:30 level=INFO msg=request method=GET path=/api/v1/outlets/112418/performance status=429 duration_ms=0 request_id=297d9fb9-aece-4373-8740-a1e09fefcd24
time=2026-05-04T09:00:05.624+05:30 level=INFO msg=request method=GET path=/api/v1/outlets/112419/performance status=429 duration_ms=0 request_id=e7716b63-add2-41f3-8104-3b275c4a51a0
time=2026-05-04T09:00:05.624+05:30 level=INFO msg=request method=GET path=/api/v1/outlets/119012/performance status=429 duration_ms=0 request_id=97e979bb-54fa-4fb1-87f9-4ca6bc01a314
time=2026-05-04T09:00:05.624+05:30 level=INFO msg=request method=GET path=/api/v1/outlets/115789/performance status=429 duration_ms=0 request_id=1e9ef3e6-49a7-4aee-a355-76312618c31d
time=2026-05-04T09:00:05.624+05:30 level=INFO msg=request method=GET path=/api/v1/outlets/112416/performance status=429 duration_ms=0 request_id=0f6cd82b-7403-4d74-be89-eb4f15c6e6d3
time=2026-05-04T09:00:05.624+05:30 level=INFO msg=request method=GET path=/api/v1/outlets/112424/performance status=429 duration_ms=0 request_id=f6410aaa-ee0e-4c87-b77c-48470472fcb9
time=2026-05-04T09:00:05.624+05:30 level=INFO msg=request method=GET path=/api/v1/outlets/112422/performance status=429 duration_ms=0 request_id=bf5f84e3-8826-4ed9-b8b3-4f947f548921
time=2026-05-04T09:00:05.624+05:30 level=INFO msg=request method=GET path=/api/v1/outlets/115012/performance status=429 duration_ms=0 request_id=edf93237-37b4-462c-aea7-3f8de0b5ce4b
time=2026-05-04T09:00:05.624+05:30 level=INFO msg=request method=GET path=/api/v1/outlets/112425/performance status=429 duration_ms=0 request_id=0d237da6-ae8a-4f2b-bb5f-87ffdf26a434
time=2026-05-04T09:00:05.624+05:30 level=INFO msg=request method=GET path=/api/v1/outlets/112428/performance status=429 duration_ms=0 request_id=1e3f3274-fbe6-497f-bb04-00ce50cc30b3
time=2026-05-04T09:00:05.625+05:30 level=INFO msg=request method=GET path=/api/v1/outlets/112437/performance status=429 duration_ms=0 request_id=298f2916-5c1a-417e-80c2-0dcd157225c9
time=2026-05-04T09:00:05.625+05:30 level=INFO msg=request method=GET path=/api/v1/outlets/112440/performance status=429 duration_ms=0 request_id=abd222ea-ad66-4ee4-b232-7e98df788dcc
time=2026-05-04T09:00:05.625+05:30 level=INFO msg=request method=GET path=/api/v1/outlets/114678/performance status=429 duration_ms=0 request_id=46945b31-7d4a-4950-9282-da3ea6d8d852
time=2026-05-04T09:00:05.625+05:30 level=INFO msg=request method=GET path=/api/v1/outlets/112443/performance status=429 duration_ms=0 request_id=7301813d-95b3-4b2f-869a-622fdebc5978
time=2026-05-04T09:00:05.625+05:30 level=INFO msg=request method=GET path=/api/v1/outlets/112442/performance status=429 duration_ms=0 request_id=1775eb66-f21a-4320-883b-26ae909a811a
time=2026-05-04T09:00:05.625+05:30 level=INFO msg=request method=GET path=/api/v1/outlets/112439/performance status=429 duration_ms=0 request_id=f6069c05-a66a-42cd-9170-c8b3393e9759
time=2026-05-04T09:00:05.625+05:30 level=INFO msg=request method=GET path=/api/v1/outlets/111789/performance status=429 duration_ms=0 request_id=fc72ce1a-3dd2-4fcf-b38e-c5ebac9caabe
time=2026-05-04T09:00:05.625+05:30 level=INFO msg=request method=GET path=/api/v1/outlets/114521/performance status=429 duration_ms=0 request_id=31958fab-4b17-4f4c-a006-141e74cc1344
time=2026-05-04T09:00:05.625+05:30 level=INFO msg=request method=GET path=/api/v1/outlets/163708/performance status=429 duration_ms=0 request_id=11c67b29-3520-4606-bcb7-e6e0da3e0d4b
time=2026-05-04T09:00:05.625+05:30 level=INFO msg=request method=GET path=/api/v1/outlets/112455/performance status=429 duration_ms=0 request_id=0f9d0785-49a2-45fd-ab50-86b17d9f9456
time=2026-05-04T09:00:05.625+05:30 level=INFO msg=request method=GET path=/api/v1/outlets/117234/performance status=429 duration_ms=0 request_id=18a34e61-4866-4092-b3a2-d94ccbea9bc5
time=2026-05-04T09:00:05.625+05:30 level=INFO msg=request method=GET path=/api/v1/outlets/112459/performance status=429 duration_ms=0 request_id=bd2833d6-a60b-4a20-93e4-b8fb385272d8
time=2026-05-04T09:00:05.625+05:30 level=INFO msg=request method=GET path=/api/v1/outlets/112461/performance status=429 duration_ms=0 request_id=8162b743-8928-42bd-aecc-d87021176342
time=2026-05-04T09:00:05.625+05:30 level=INFO msg=request method=GET path=/api/v1/outlets/112466/performance status=429 duration_ms=0 request_id=1de4f563-9e3f-4846-b567-24bd1398e410
time=2026-05-04T09:00:05.625+05:30 level=INFO msg=request method=GET path=/api/v1/outlets/112404/performance status=429 duration_ms=0 request_id=01099f3d-0116-43e8-b10b-05b461cee86e
time=2026-05-04T09:00:05.625+05:30 level=INFO msg=request method=GET path=/api/v1/outlets/110567/performance status=429 duration_ms=0 request_id=6f42aae8-7a93-401c-ad10-3c922cc9e1b4
time=2026-05-04T09:00:05.625+05:30 level=INFO msg=request method=GET path=/api/v1/outlets/112427/performance status=429 duration_ms=0 request_id=5f5642f1-1b70-49d1-becc-7cf6aaf6d38c
time=2026-05-04T09:00:05.625+05:30 level=INFO msg=request method=GET path=/api/v1/outlets/112435/performance status=429 duration_ms=0 request_id=89a3c252-ffe2-44da-ae74-ce172cbf6755
time=2026-05-04T09:00:05.625+05:30 level=INFO msg=request method=GET path=/api/v1/outlets/116890/performance status=429 duration_ms=0 request_id=1b40dd34-47dd-41a2-b755-f74fb1345b40
time=2026-05-04T09:00:05.625+05:30 level=INFO msg=request method=GET path=/api/v1/outlets/116123/performance status=429 duration_ms=0 request_id=5400b76f-7070-4d3d-ad07-4c58023ce801
time=2026-05-04T09:00:05.625+05:30 level=INFO msg=request method=GET path=/api/v1/outlets/116789/performance status=429 duration_ms=0 request_id=5df89469-7df5-4f18-8e24-6d5757d82877
time=2026-05-04T09:00:05.625+05:30 level=INFO msg=request method=GET path=/api/v1/outlets/256507/performance status=429 duration_ms=0 request_id=2ea94d01-2cb1-4110-b3d8-f752b54ebb03
time=2026-05-04T09:00:05.625+05:30 level=INFO msg=request method=GET path=/api/v1/outlets/163741/performance status=429 duration_ms=0 request_id=6e24363f-6e72-4be4-9d84-4d5047ae049c
time=2026-05-04T09:00:05.625+05:30 level=INFO msg=request method=GET path=/api/v1/outlets/112410/performance status=429 duration_ms=0 request_id=a1f9e30e-f66e-4a30-8eb4-bca0fb4dc874
time=2026-05-04T09:00:05.625+05:30 level=INFO msg=request method=GET path=/api/v1/outlets/112408/performance status=429 duration_ms=0 request_id=5081a33f-7b27-455e-81a7-9c61da1d3faa
time=2026-05-04T09:00:05.625+05:30 level=INFO msg=request method=GET path=/api/v1/outlets/147087/performance status=429 duration_ms=0 request_id=63343300-99a9-4e30-b9e5-550637622461
time=2026-05-04T09:00:05.625+05:30 level=INFO msg=request method=GET path=/api/v1/outlets/144348/performance status=429 duration_ms=0 request_id=8a27eb49-5fe6-4315-958e-46f43a545979
time=2026-05-04T09:00:05.625+05:30 level=INFO msg=request method=GET path=/api/v1/outlets/146411/performance status=429 duration_ms=0 request_id=33d74f54-0042-4dc1-be6e-b04f4e8c7e5f
time=2026-05-04T09:00:05.625+05:30 level=INFO msg=request method=GET path=/api/v1/outlets/113782/performance status=429 duration_ms=0 request_id=578500dc-f3f0-4c93-86c7-b889293c79c2
time=2026-05-04T09:00:05.625+05:30 level=INFO msg=request method=GET path=/api/v1/outlets/149412/performance status=429 duration_ms=0 request_id=23a9cdd3-f38c-4da6-b5a7-ce3e69a22017
time=2026-05-04T09:00:05.625+05:30 level=INFO msg=request method=GET path=/api/v1/outlets/119456/performance status=429 duration_ms=0 request_id=3429d443-2823-4b2f-a9a4-4bd22e0234ad
time=2026-05-04T09:00:05.625+05:30 level=INFO msg=request method=GET path=/api/v1/outlets/112451/performance status=429 duration_ms=0 request_id=35676fe1-9422-44b0-922d-a9d22e223c6d
time=2026-05-04T09:00:05.856+05:30 level=INFO msg=request method=POST path=/api/v1/auth/login status=429 duration_ms=0 request_id=e947a108-181f-4e49-b8ef-c9eca62b06cb
time=2026-05-04T09:00:07.935+05:30 level=INFO msg=request method=POST path=/api/v1/auth/login status=200 duration_ms=73 request_id=18a80889-8db1-4757-a64f-9725cc2f8b1a
time=2026-05-04T09:00:07.944+05:30 level=INFO msg=request method=GET path=/api/v1/territory/outlets status=200 duration_ms=6 request_id=b856bdaa-65fd-411b-8fc9-084ecb1f7e70
time=2026-05-04T09:00:07.952+05:30 level=INFO msg=request method=GET path=/api/v1/outlets/112386/performance status=200 duration_ms=1 request_id=d6babce9-4d85-4e7a-9bf0-e262cb7ca77d
time=2026-05-04T09:00:08.229+05:30 level=INFO msg=request method=POST path=/api/v1/auth/login status=200 duration_ms=49 request_id=a4b5b6fd-974d-40ec-9ab1-9f6cbeb25a8c
time=2026-05-04T09:00:08.233+05:30 level=INFO msg=request method=GET path=/api/v1/territory/outlets status=429 duration_ms=0 request_id=5d6c1b48-3ca4-497f-b100-6a18afc6de62
time=2026-05-04T09:00:08.243+05:30 level=INFO msg=request method=GET path=/api/v1/competition/leaderboard status=429 duration_ms=0 request_id=1718b922-fae1-4ad9-be94-2c389c3c987f
time=2026-05-04T09:00:08.481+05:30 level=INFO msg=request method=POST path=/api/v1/auth/login status=429 duration_ms=0 request_id=f471956b-f0af-4496-bf1f-ed5c6fcd51ae
time=2026-05-04T09:00:10.558+05:30 level=INFO msg=request method=POST path=/api/v1/auth/login status=200 duration_ms=71 request_id=6caf7b2b-e041-419e-bda2-aae86a154d2c
time=2026-05-04T09:00:10.566+05:30 level=INFO msg=request method=GET path=/api/v1/territory/outlets status=200 duration_ms=5 request_id=e810535d-f999-4ceb-ac94-b43797030433
time=2026-05-04T09:00:10.575+05:30 level=INFO msg=request method=GET path=/api/v1/competition/leaderboard status=200 duration_ms=1 request_id=352fb6c5-e17c-4ec8-81de-08b7570cf517
time=2026-05-04T09:00:10.857+05:30 level=INFO msg=request method=POST path=/api/v1/auth/login status=200 duration_ms=49 request_id=68d720ca-eb4b-4cfe-88c9-b64510498ea6
time=2026-05-04T09:00:10.866+05:30 level=INFO msg=request method=POST path=/api/v1/auth/login status=429 duration_ms=0 request_id=2fe0f794-e106-4624-9c13-6a9fb160c779
time=2026-05-04T09:00:11.179+05:30 level=INFO msg=request method=POST path=/api/v1/auth/login status=200 duration_ms=49 request_id=fb54a1f4-9ff9-40d4-a038-d8cb3e5b5e7b
time=2026-05-04T09:00:11.187+05:30 level=INFO msg=request method=POST path=/api/v1/auth/login status=429 duration_ms=0 request_id=c45daa0f-8f0d-46d8-bb7a-656cde275ef7
time=2026-05-04T09:00:11.439+05:30 level=INFO msg=request method=POST path=/api/v1/auth/login status=429 duration_ms=0 request_id=0d851405-ab9a-4f6d-9931-9039ca59178d
time=2026-05-04T09:00:13.518+05:30 level=INFO msg=request method=POST path=/api/v1/auth/login status=200 duration_ms=72 request_id=f424a260-d2c2-4747-9815-fb0d55b30781
time=2026-05-04T09:00:13.574+05:30 level=INFO msg=request method=POST path=/api/v1/auth/login status=401 duration_ms=47 request_id=2225a9ca-d0a7-43f7-a642-c3aa83c48704
time=2026-05-04T09:00:13.580+05:30 level=INFO msg=request method=GET path=/api/v1/auth/me status=200 duration_ms=0 request_id=761392c2-2b60-44a7-8355-fa21745f5c2e
time=2026-05-04T09:00:13.586+05:30 level=INFO msg=request method=GET path=/api/v1/auth/me status=401 duration_ms=0 request_id=62906669-f9da-441e-ac92-440e51661c30
time=2026-05-04T09:00:13.591+05:30 level=INFO msg=request method=GET path=/api/v1/outlets/112847 status=429 duration_ms=0 request_id=7f299859-2211-4d4a-8c13-8f86ac6805dd
time=2026-05-04T09:00:13.824+05:30 level=INFO msg=request method=POST path=/api/v1/auth/login status=429 duration_ms=0 request_id=4674617a-dc9d-4f13-8180-5d869d1f4639
time=2026-05-04T09:00:15.901+05:30 level=INFO msg=request method=POST path=/api/v1/auth/login status=200 duration_ms=71 request_id=3efb14f4-8ba4-429b-be25-f6972d54dc6f
time=2026-05-04T09:00:15.912+05:30 level=INFO msg=request method=GET path=/api/v1/outlets/112847 status=200 duration_ms=3 request_id=194cccfe-5c70-4495-8594-45affcae4d8a
time=2026-05-04T09:00:15.920+05:30 level=INFO msg=request method=GET path=/api/v1/outlets/999999 status=404 duration_ms=0 request_id=bec5b6ae-c28d-4aad-907f-8e0248649177
time=2026-05-04T09:00:15.929+05:30 level=INFO msg=request method=GET path=/api/v1/outlets/112847/performance status=200 duration_ms=2 request_id=44bee9f1-8661-4dac-bdfd-aa201f5d2c21
time=2026-05-04T09:00:15.936+05:30 level=INFO msg=request method=GET path=/api/v1/outlets/112847/performance status=429 duration_ms=0 request_id=57ff90d3-6e7a-42bc-9c34-b5adbcb2d4d3
time=2026-05-04T09:00:16.165+05:30 level=INFO msg=request method=POST path=/api/v1/auth/login status=429 duration_ms=0 request_id=03011308-7de6-4fff-afd2-505e7f921494
time=2026-05-04T09:00:18.246+05:30 level=INFO msg=request method=POST path=/api/v1/auth/login status=200 duration_ms=74 request_id=56d23c05-1d47-4aa6-8b28-7870caedb425
time=2026-05-04T09:00:18.256+05:30 level=INFO msg=request method=GET path=/api/v1/outlets/112847/performance status=200 duration_ms=2 request_id=315a613b-95c7-4ef8-a2b4-58e93c3df8ac
time=2026-05-04T09:00:18.265+05:30 level=INFO msg=request method=GET path=/api/v1/outlets/112847/performance status=200 duration_ms=1 request_id=268b90c9-6ac8-4b1f-aa0d-f0eac6d80cd2
time=2026-05-04T09:00:18.274+05:30 level=INFO msg=request method=GET path=/api/v1/outlets/112847/performance status=200 duration_ms=1 request_id=b48f68aa-338c-41ba-8a76-eb618c76faec
time=2026-05-04T09:00:18.279+05:30 level=INFO msg=request method=GET path=/api/v1/outlets/112847/analysis status=429 duration_ms=0 request_id=c67ff7fa-4e3b-4ccc-93ee-9f657116a204
time=2026-05-04T09:00:18.511+05:30 level=INFO msg=request method=POST path=/api/v1/auth/login status=429 duration_ms=0 request_id=ca82dcc7-8b8e-4fc6-9730-63ba5ce94b81
time=2026-05-04T09:00:20.582+05:30 level=INFO msg=request method=POST path=/api/v1/auth/login status=200 duration_ms=65 request_id=ed878ef3-a558-4944-92fc-2413d5a9aa19
time=2026-05-04T09:00:20.594+05:30 level=INFO msg=request method=GET path=/api/v1/outlets/112847/analysis status=200 duration_ms=3 request_id=0e224b8a-76b0-4785-9a30-3beefbea90f2
time=2026-05-04T09:00:20.603+05:30 level=INFO msg=request method=GET path=/api/v1/outlets/112847/trend status=200 duration_ms=2 request_id=0e76ee38-7f61-4574-a7e0-dbf7951fdca7
time=2026-05-04T09:00:20.881+05:30 level=INFO msg=request method=POST path=/api/v1/auth/login status=200 duration_ms=48 request_id=4a742e10-e46a-498b-b827-9982ea4822d6
time=2026-05-04T09:00:20.890+05:30 level=INFO msg=request method=GET path=/api/v1/outlets/112847/trend status=429 duration_ms=0 request_id=1e456fa8-59ae-4f1d-bbca-df8334cbdfa4
time=2026-05-04T09:00:21.139+05:30 level=INFO msg=request method=POST path=/api/v1/auth/login status=429 duration_ms=0 request_id=df3163eb-f198-47f8-b07b-ecff2ccb699e
time=2026-05-04T09:00:23.218+05:30 level=INFO msg=request method=POST path=/api/v1/auth/login status=200 duration_ms=72 request_id=5fcff7f9-237a-46cb-9d6e-041908bbe89e
time=2026-05-04T09:00:23.227+05:30 level=INFO msg=request method=GET path=/api/v1/outlets/112847/targets status=200 duration_ms=1 request_id=40ca5b77-7136-4955-9c0d-00a50890ea24
time=2026-05-04T09:00:23.283+05:30 level=INFO msg=request method=POST path=/api/v1/auth/login status=200 duration_ms=48 request_id=f42af1bd-bcf6-4adc-bc0c-a64391172a2f
time=2026-05-04T09:00:23.284+05:30 level=INFO msg=request method=PUT path=/api/v1/outlets/112847/targets status=422 duration_ms=0 request_id=c9d1b3d4-7aea-40f2-8825-5aed938bc1c5
time=2026-05-04T09:00:23.515+05:30 level=INFO msg=request method=POST path=/api/v1/auth/login status=429 duration_ms=0 request_id=9e206316-43d2-4958-9058-a54a8ca9c0f4
time=2026-05-04T09:00:25.592+05:30 level=INFO msg=request method=POST path=/api/v1/auth/login status=200 duration_ms=69 request_id=c8fe3619-c4bb-4203-b9bc-e0f0362053df
time=2026-05-04T09:00:25.649+05:30 level=INFO msg=request method=POST path=/api/v1/auth/login status=200 duration_ms=48 request_id=d2af7885-01d3-4f6f-88e6-3d221a194a30
time=2026-05-04T09:00:25.650+05:30 level=INFO msg=request method=PUT path=/api/v1/outlets/112847/targets status=422 duration_ms=0 request_id=0402ddbc-8a0b-4d9e-9bb7-4cc0cea2c210
time=2026-05-04T09:00:25.928+05:30 level=INFO msg=request method=POST path=/api/v1/auth/login status=200 duration_ms=48 request_id=63e71676-3d28-41ef-b0f7-04b8c48479e7
time=2026-05-04T09:00:25.936+05:30 level=INFO msg=request method=GET path=/api/v1/competition/leaderboard status=429 duration_ms=0 request_id=6b2a2609-2fa5-47f7-94b6-fabadab92661
time=2026-05-04T09:00:26.234+05:30 level=INFO msg=request method=POST path=/api/v1/auth/login status=200 duration_ms=48 request_id=45dd5db0-0b6d-4028-96bd-65b5ced8ac30
time=2026-05-04T09:00:26.242+05:30 level=INFO msg=request method=GET path=/api/v1/competition/leaderboard status=429 duration_ms=0 request_id=a732478c-8599-4a2e-b029-645675e534d1
time=2026-05-04T09:00:26.495+05:30 level=INFO msg=request method=POST path=/api/v1/auth/login status=429 duration_ms=0 request_id=32e58afc-5b0a-457c-a323-e234190e61f1
time=2026-05-04T09:00:28.566+05:30 level=INFO msg=request method=POST path=/api/v1/auth/login status=200 duration_ms=64 request_id=ae6e3d9a-bc1b-4adf-8b65-2c199e5e496e
time=2026-05-04T09:00:28.578+05:30 level=INFO msg=request method=GET path=/api/v1/competition/leaderboard status=200 duration_ms=3 request_id=8c163569-0313-4ff2-88c2-9c352f64728e
time=2026-05-04T09:00:28.587+05:30 level=INFO msg=request method=GET path=/api/v1/competition/leaderboard status=200 duration_ms=2 request_id=a81aa2f4-b270-4607-8e5d-7cd84eb2ca6d
time=2026-05-04T09:00:28.642+05:30 level=INFO msg=request method=POST path=/api/v1/auth/login status=200 duration_ms=47 request_id=b3ca9b1f-e0ae-48f6-b4d2-efb3817c48c2
time=2026-05-04T09:00:28.643+05:30 level=INFO msg=request method=GET path=/api/v1/territory/outlets status=429 duration_ms=0 request_id=3500595f-99fb-47c1-9955-98fe583c2876
time=2026-05-04T09:00:28.873+05:30 level=INFO msg=request method=POST path=/api/v1/auth/login status=429 duration_ms=0 request_id=fb142bfb-3859-4fcc-8957-6150001b3bc5
time=2026-05-04T09:00:30.950+05:30 level=INFO msg=request method=POST path=/api/v1/auth/login status=200 duration_ms=70 request_id=99442c3d-0172-498e-90b6-907e78be1f3a
time=2026-05-04T09:00:31.008+05:30 level=INFO msg=request method=POST path=/api/v1/auth/login status=200 duration_ms=49 request_id=19462616-900a-413f-ad11-b0c215ffec20
time=2026-05-04T09:00:31.011+05:30 level=INFO msg=request method=GET path=/api/v1/territory/outlets status=200 duration_ms=1 request_id=a04daf15-1998-412f-a551-16e6cf5304ba
time=2026-05-04T09:00:31.066+05:30 level=INFO msg=request method=POST path=/api/v1/auth/login status=200 duration_ms=48 request_id=583e4ff2-0eef-4529-8c7f-457fb6b690d3
time=2026-05-04T09:00:31.067+05:30 level=INFO msg=request method=GET path=/api/v1/territory/outlets status=429 duration_ms=0 request_id=a11d7dd9-a111-471e-ab5e-c827c1674784
time=2026-05-04T09:00:31.296+05:30 level=INFO msg=request method=POST path=/api/v1/auth/login status=429 duration_ms=0 request_id=edc5d005-bf11-4c60-afbf-551e20986083
time=2026-05-04T09:00:33.373+05:30 level=INFO msg=request method=POST path=/api/v1/auth/login status=200 duration_ms=69 request_id=076174bc-6e63-46cb-9ec0-d661a69d8b0b
time=2026-05-04T09:00:33.430+05:30 level=INFO msg=request method=POST path=/api/v1/auth/login status=200 duration_ms=49 request_id=77285a04-0a7c-4125-a73f-263c7301f5b6
time=2026-05-04T09:00:33.431+05:30 level=INFO msg=request method=GET path=/api/v1/territory/outlets status=403 duration_ms=0 request_id=f8d85fac-9aa8-438a-a63e-688d338780c2
time=2026-05-04T09:00:33.440+05:30 level=INFO msg=request method=GET path=/api/v1/admin/users status=200 duration_ms=3 request_id=39df4afc-1b57-4c46-83c0-b81c88133142
time=2026-05-04T09:00:33.449+05:30 level=INFO msg=request method=GET path=/api/v1/admin/users status=429 duration_ms=0 request_id=0e7e4365-9dab-4d96-a58e-bc0ab2f46ae4
time=2026-05-04T09:00:33.683+05:30 level=INFO msg=request method=POST path=/api/v1/auth/login status=429 duration_ms=0 request_id=4b1aa40c-1917-44ff-a630-73a5333eab29
time=2026-05-04T09:00:35.761+05:30 level=INFO msg=request method=POST path=/api/v1/auth/login status=200 duration_ms=70 request_id=911a5897-a3ba-4aae-88f6-fd087cf469fa
time=2026-05-04T09:00:35.818+05:30 level=INFO msg=request method=POST path=/api/v1/auth/login status=200 duration_ms=49 request_id=1c5b287e-5421-4273-8553-5de069d46f8d
time=2026-05-04T09:00:35.819+05:30 level=INFO msg=request method=GET path=/api/v1/admin/users status=403 duration_ms=0 request_id=ef9d8017-9f71-482f-93dc-65ef5fdee2f7
time=2026-05-04T09:00:35.832+05:30 level=INFO msg=request method=GET path=/api/v1/competition/c0000000-0001-0001-0001-000000000001/market-share-status status=200 duration_ms=7 request_id=abed1792-d63e-45d7-8599-ffd211f5855d
time=2026-05-04T09:00:35.839+05:30 level=INFO msg=request method=GET path=/health status=429 duration_ms=0 request_id=6c2fdd33-5b12-41ec-8c8b-0f493aa6a818
time=2026-05-04T09:00:36.622+05:30 level=INFO msg=request method=OPTIONS path=/api/v1/auth/login status=204 duration_ms=0 request_id=734387cd-d1bd-4bb6-976c-85333a10c50e
time=2026-05-04T09:00:36.674+05:30 level=INFO msg=request method=POST path=/api/v1/auth/login status=200 duration_ms=50 request_id=f12fa3fa-34a5-4d6d-9b8f-7d3791c82524
time=2026-05-04T09:00:40.455+05:30 level=INFO msg=request method=OPTIONS path=/api/v1/auth/login status=204 duration_ms=0 request_id=f374613b-da38-4e73-bd75-4d53c6bbd28f
time=2026-05-04T09:00:40.507+05:30 level=INFO msg=request method=POST path=/api/v1/auth/login status=401 duration_ms=51 request_id=e1664087-a33c-44ef-9a05-7f263bf0fc81
time=2026-05-04T09:00:43.571+05:30 level=INFO msg=request method=OPTIONS path=/api/v1/auth/login status=204 duration_ms=0 request_id=d8dba615-9b81-44f7-856a-39e544bd8f5c
time=2026-05-04T09:00:43.622+05:30 level=INFO msg=request method=POST path=/api/v1/auth/login status=401 duration_ms=50 request_id=b28f9bfe-4980-4800-92b6-9ddb0db7249e
time=2026-05-04T09:00:46.672+05:30 level=INFO msg=request method=OPTIONS path=/api/v1/auth/login status=204 duration_ms=0 request_id=4b5358c3-105e-49cf-bce8-c2cb5e8df1cf
time=2026-05-04T09:00:46.725+05:30 level=INFO msg=request method=POST path=/api/v1/auth/login status=200 duration_ms=52 request_id=461e0110-269a-4965-8b0a-4bd9756896aa
time=2026-05-04T09:00:50.471+05:30 level=INFO msg=request method=OPTIONS path=/api/v1/auth/login status=204 duration_ms=0 request_id=55b555f1-ea3e-469e-ae21-4063f42874fd
time=2026-05-04T09:00:50.524+05:30 level=INFO msg=request method=POST path=/api/v1/auth/login status=200 duration_ms=52 request_id=2b547da2-b0ef-460d-9fc3-6cb54d7a6600
time=2026-05-04T09:00:56.624+05:30 level=INFO msg=request method=OPTIONS path=/api/v1/auth/login status=204 duration_ms=0 request_id=16f61813-cc31-4474-aa6e-0332dcf86f3f
time=2026-05-04T09:00:56.677+05:30 level=INFO msg=request method=POST path=/api/v1/auth/login status=200 duration_ms=52 request_id=9217b8a7-4205-4327-aba5-aa662008e077
time=2026-05-04T09:01:02.040+05:30 level=INFO msg=request method=POST path=/api/v1/auth/login status=200 duration_ms=48 request_id=24430fa4-5966-4aa5-b767-a3c3ef9b19ee
time=2026-05-04T09:01:02.048+05:30 level=INFO msg=request method=GET path=/api/v1/competition/leaderboard status=200 duration_ms=4 request_id=507d8dbc-421e-4c53-8ed3-50bbf58c4b54
time=2026-05-04T09:01:02.060+05:30 level=INFO msg=request method=GET path=/api/v1/competition/leaderboard status=200 duration_ms=3 request_id=dc775e65-adeb-4e57-b82e-7c63e9400c01
time=2026-05-04T09:01:02.840+05:30 level=INFO msg=request method=OPTIONS path=/api/v1/auth/login status=204 duration_ms=0 request_id=b3c4b0b9-e903-439d-b319-3747553c08ad
time=2026-05-04T09:01:02.892+05:30 level=INFO msg=request method=POST path=/api/v1/auth/login status=200 duration_ms=52 request_id=f2ff2b87-1714-4f4e-9f0f-631b09a63f8e
time=2026-05-04T09:01:05.889+05:30 level=INFO msg=request method=OPTIONS path=/api/v1/outlets/112847 status=204 duration_ms=0 request_id=62734336-ae87-4939-be05-2a5e94275344
time=2026-05-04T09:01:05.889+05:30 level=INFO msg=request method=OPTIONS path=/api/v1/outlets/112847/performance status=204 duration_ms=0 request_id=64e75490-b408-47a3-8646-ac5cf3f978ce
time=2026-05-04T09:01:05.891+05:30 level=INFO msg=request method=GET path=/api/v1/outlets/112847/performance status=200 duration_ms=1 request_id=4749af0a-38cd-4bd2-acc8-17417e00d69f
time=2026-05-04T09:01:05.892+05:30 level=INFO msg=request method=GET path=/api/v1/outlets/112847 status=200 duration_ms=2 request_id=0fd26d5e-ea21-4c0e-8072-570c9d38c967
time=2026-05-04T09:01:05.904+05:30 level=INFO msg=request method=OPTIONS path=/api/v1/outlets/112847/targets status=204 duration_ms=0 request_id=8be6e9ec-7b38-4627-a7a2-0db4de84fc75
time=2026-05-04T09:01:05.905+05:30 level=INFO msg=request method=GET path=/api/v1/outlets/112847/targets status=200 duration_ms=1 request_id=84df9493-e443-4bcc-ba27-b781271045af
time=2026-05-04T09:01:05.906+05:30 level=INFO msg=request method=OPTIONS path=/api/v1/outlets/112847/analysis status=204 duration_ms=0 request_id=0b19f207-2ec7-45b3-98a9-3a2c1e09d46e
time=2026-05-04T09:01:05.906+05:30 level=INFO msg=request method=OPTIONS path=/api/v1/competition/leaderboard status=204 duration_ms=0 request_id=38d09480-e5ae-4549-9a4e-4bb490cba859
time=2026-05-04T09:01:05.907+05:30 level=INFO msg=request method=OPTIONS path=/api/v1/competition/c0000000-0001-0001-0001-000000000001/market-share-status status=204 duration_ms=0 request_id=65979115-4e18-4277-a483-2df8008616ad
time=2026-05-04T09:01:05.909+05:30 level=INFO msg=request method=GET path=/api/v1/outlets/112847/analysis status=200 duration_ms=1 request_id=ddab9e43-344c-485f-90ff-15c856b1ed12
time=2026-05-04T09:01:05.909+05:30 level=INFO msg=request method=GET path=/api/v1/competition/leaderboard status=200 duration_ms=2 request_id=f286c237-9990-4782-8dff-b8b7a6cf26bf
time=2026-05-04T09:01:05.910+05:30 level=INFO msg=request method=GET path=/api/v1/competition/c0000000-0001-0001-0001-000000000001/market-share-status status=200 duration_ms=2 request_id=9b9a19bb-9d40-4756-9d64-1762d9f9a707
time=2026-05-04T09:01:09.672+05:30 level=INFO msg=request method=OPTIONS path=/api/v1/auth/login status=204 duration_ms=0 request_id=dc1a9099-e5cc-444b-934d-9d5f11bf3208
time=2026-05-04T09:01:09.726+05:30 level=INFO msg=request method=POST path=/api/v1/auth/login status=200 duration_ms=53 request_id=a22614e5-7741-4e33-aef4-877f5c991675
time=2026-05-04T09:01:12.722+05:30 level=INFO msg=request method=OPTIONS path=/api/v1/outlets/112847/performance status=204 duration_ms=0 request_id=cb8184a9-e861-4395-8848-df60b99ff5c2
time=2026-05-04T09:01:12.722+05:30 level=INFO msg=request method=OPTIONS path=/api/v1/outlets/112847 status=204 duration_ms=0 request_id=9b56b77e-f18f-4bda-af8c-66aca0996303
time=2026-05-04T09:01:12.724+05:30 level=INFO msg=request method=GET path=/api/v1/outlets/112847/performance status=200 duration_ms=1 request_id=25c7b00a-c873-43ae-ae6e-d1bcf7b1750a
time=2026-05-04T09:01:12.725+05:30 level=INFO msg=request method=GET path=/api/v1/outlets/112847 status=200 duration_ms=2 request_id=f9bae2c3-5db3-4255-88f3-97f66c06b907
time=2026-05-04T09:01:12.737+05:30 level=INFO msg=request method=OPTIONS path=/api/v1/outlets/112847/targets status=204 duration_ms=0 request_id=f73243f9-cc63-4b43-a254-4855260f583f
time=2026-05-04T09:01:12.739+05:30 level=INFO msg=request method=GET path=/api/v1/outlets/112847/targets status=200 duration_ms=0 request_id=79599098-232f-4186-84c8-a15a1fabefa5
time=2026-05-04T09:01:12.740+05:30 level=INFO msg=request method=OPTIONS path=/api/v1/outlets/112847/analysis status=204 duration_ms=0 request_id=7db1ad9c-2384-47b6-83d1-d534a15ec599
time=2026-05-04T09:01:12.740+05:30 level=INFO msg=request method=OPTIONS path=/api/v1/competition/leaderboard status=204 duration_ms=0 request_id=eed5b465-a731-466f-b88a-2dae091040fa
time=2026-05-04T09:01:12.740+05:30 level=INFO msg=request method=OPTIONS path=/api/v1/competition/c0000000-0001-0001-0001-000000000001/market-share-status status=204 duration_ms=0 request_id=235d5215-245b-4180-bd7b-2a6a8221b3e9
time=2026-05-04T09:01:12.742+05:30 level=INFO msg=request method=GET path=/api/v1/outlets/112847/analysis status=200 duration_ms=1 request_id=8e01e314-d139-4d29-933f-6e27faff47b5
time=2026-05-04T09:01:12.742+05:30 level=INFO msg=request method=GET path=/api/v1/competition/leaderboard status=200 duration_ms=1 request_id=bf0d9606-08bd-4904-927d-e932b6e80f10
time=2026-05-04T09:01:12.745+05:30 level=INFO msg=request method=GET path=/api/v1/competition/c0000000-0001-0001-0001-000000000001/market-share-status status=200 duration_ms=4 request_id=4ab6b2dc-3ae6-438f-bfea-738c3b2af719
time=2026-05-04T09:01:16.522+05:30 level=INFO msg=request method=OPTIONS path=/api/v1/auth/login status=204 duration_ms=0 request_id=9b3d418f-d0b2-4716-8422-d86667f62e0f
time=2026-05-04T09:01:16.576+05:30 level=INFO msg=request method=POST path=/api/v1/auth/login status=200 duration_ms=53 request_id=129e914d-2f1d-4528-a3c3-cd4fe0199df1
time=2026-05-04T09:01:19.571+05:30 level=INFO msg=request method=OPTIONS path=/api/v1/outlets/112847 status=204 duration_ms=0 request_id=c767895c-912d-4e68-bcdf-e40d5d3f6f87
time=2026-05-04T09:01:19.571+05:30 level=INFO msg=request method=OPTIONS path=/api/v1/outlets/112847/performance status=204 duration_ms=0 request_id=1805d2c9-8b43-44b7-b746-c933f6b8b8d7
time=2026-05-04T09:01:19.574+05:30 level=INFO msg=request method=GET path=/api/v1/outlets/112847/performance status=200 duration_ms=1 request_id=0775f11d-3339-4367-b27d-c6b32ac5aa79
time=2026-05-04T09:01:19.574+05:30 level=INFO msg=request method=GET path=/api/v1/outlets/112847 status=200 duration_ms=2 request_id=281afc7e-75d0-40fb-8052-bba222b4059f
time=2026-05-04T09:01:19.587+05:30 level=INFO msg=request method=OPTIONS path=/api/v1/outlets/112847/targets status=204 duration_ms=0 request_id=a059468c-6ca1-4055-b471-a9ac15d57899
time=2026-05-04T09:01:19.589+05:30 level=INFO msg=request method=GET path=/api/v1/outlets/112847/targets status=200 duration_ms=1 request_id=b2ca4830-7e4b-48ec-a144-e607ca37990b
time=2026-05-04T09:01:19.590+05:30 level=INFO msg=request method=OPTIONS path=/api/v1/outlets/112847/analysis status=204 duration_ms=0 request_id=e41eb350-7a08-484e-a8c3-ac7d001e77a1
time=2026-05-04T09:01:19.590+05:30 level=INFO msg=request method=OPTIONS path=/api/v1/competition/leaderboard status=204 duration_ms=0 request_id=780ee8a2-a07c-43bb-be3a-ae5cc6b8b9b8
time=2026-05-04T09:01:19.590+05:30 level=INFO msg=request method=OPTIONS path=/api/v1/competition/c0000000-0001-0001-0001-000000000001/market-share-status status=204 duration_ms=0 request_id=513bf896-a1ec-4808-b269-a59db0d2f2f5
time=2026-05-04T09:01:19.592+05:30 level=INFO msg=request method=GET path=/api/v1/outlets/112847/analysis status=200 duration_ms=1 request_id=919830a4-55a6-47ab-8a3f-7d508ef03419
time=2026-05-04T09:01:19.593+05:30 level=INFO msg=request method=GET path=/api/v1/competition/leaderboard status=200 duration_ms=2 request_id=3a0b4e9c-9bf0-4a98-ad03-d3b9b0c68348
time=2026-05-04T09:01:19.593+05:30 level=INFO msg=request method=GET path=/api/v1/competition/c0000000-0001-0001-0001-000000000001/market-share-status status=200 duration_ms=2 request_id=3222cd27-15d7-4453-ba75-c8e6fbcca040
time=2026-05-04T09:01:23.406+05:30 level=INFO msg=request method=OPTIONS path=/api/v1/auth/login status=204 duration_ms=0 request_id=5d2e9558-28a3-4594-a17b-b190cd5f8810
time=2026-05-04T09:01:23.459+05:30 level=INFO msg=request method=POST path=/api/v1/auth/login status=200 duration_ms=52 request_id=7b46a775-16d3-40d2-ad9c-bbc474902172
time=2026-05-04T09:01:26.457+05:30 level=INFO msg=request method=OPTIONS path=/api/v1/outlets/999999 status=204 duration_ms=0 request_id=7dd6b81b-4daa-4f64-abbd-ff6022558ea3
time=2026-05-04T09:01:26.457+05:30 level=INFO msg=request method=OPTIONS path=/api/v1/outlets/999999/performance status=204 duration_ms=0 request_id=10bb537c-5a67-4799-b32d-59dc43908c5d
time=2026-05-04T09:01:26.458+05:30 level=INFO msg=request method=GET path=/api/v1/outlets/999999/performance status=404 duration_ms=1 request_id=ceaaeba0-db40-4ab7-ab43-bfb00359f37a
time=2026-05-04T09:01:26.458+05:30 level=INFO msg=request method=GET path=/api/v1/outlets/999999 status=404 duration_ms=1 request_id=2f3972b2-8ffe-4110-818b-969ea6e3518c
time=2026-05-04T09:01:28.593+05:30 level=INFO msg=request method=POST path=/api/v1/auth/login status=200 duration_ms=48 request_id=bd5175cf-d85d-486a-8080-7490977525e0
time=2026-05-04T09:01:28.600+05:30 level=INFO msg=request method=GET path=/api/v1/territory/outlets status=200 duration_ms=5 request_id=dbe3295a-71f9-4ec2-b6b2-0c52e43ca78e
time=2026-05-04T09:01:28.656+05:30 level=INFO msg=request method=POST path=/api/v1/auth/login status=200 duration_ms=49 request_id=6b3d8d14-6020-4544-ab7f-4bbde33633f9
time=2026-05-04T09:01:28.657+05:30 level=INFO msg=request method=GET path=/api/v1/territory/outlets status=403 duration_ms=0 request_id=42356a4b-7a1c-4cb2-80aa-81b3a206ba03
time=2026-05-04T09:01:28.673+05:30 level=INFO msg=request method=GET path=/api/v1/territory/outlets status=200 duration_ms=11 request_id=79a3761b-1c63-452f-a439-62476c29449c
time=2026-05-04T09:01:28.683+05:30 level=INFO msg=request method=GET path=/api/v1/admin/users status=200 duration_ms=1 request_id=94ecf5e8-5f43-4e8a-a8ef-8a514bb2e35e
time=2026-05-04T09:01:28.734+05:30 level=INFO msg=request method=POST path=/api/v1/admin/users status=500 duration_ms=46 request_id=3da063f5-08eb-4ace-aec6-c600c8ec3b26
time=2026-05-04T09:01:28.740+05:30 level=INFO msg=request method=GET path=/api/v1/admin/users status=200 duration_ms=0 request_id=4cc2345d-3757-48e7-8696-85898e70cb49
time=2026-05-04T09:01:28.742+05:30 level=INFO msg=request method=PUT path=/api/v1/admin/users/e6f57628-9453-40d1-8357-1298ab802300 status=500 duration_ms=1 request_id=4c43a588-594b-4087-bffc-5485be2705a8
time=2026-05-04T09:01:29.037+05:30 level=INFO msg=request method=POST path=/api/v1/auth/login status=200 duration_ms=50 request_id=dba91a88-fbbc-4f4d-866f-7759174f22cb
time=2026-05-04T09:01:29.093+05:30 level=INFO msg=request method=POST path=/api/v1/admin/users status=500 duration_ms=46 request_id=c372e734-6379-42e2-87a4-bebf385ff3c0
time=2026-05-04T09:01:29.101+05:30 level=INFO msg=request method=GET path=/api/v1/admin/users status=429 duration_ms=0 request_id=c7803e62-2b2c-4a17-af1d-8f3f29b68ce6
time=2026-05-04T09:01:29.391+05:30 level=INFO msg=request method=POST path=/api/v1/auth/login status=200 duration_ms=48 request_id=630a7dab-915d-4e0e-9bf8-c78657f46f2d
time=2026-05-04T09:01:29.399+05:30 level=INFO msg=request method=POST path=/api/v1/auth/login status=429 duration_ms=0 request_id=672b1122-08bc-43ad-9d16-408730fd0aff
time=2026-05-04T09:01:29.403+05:30 level=INFO msg=request method=GET path=/api/v1/admin/users status=429 duration_ms=0 request_id=8e8c3694-1274-432e-b2e4-e3a26857d685
time=2026-05-04T09:01:29.411+05:30 level=INFO msg=request method=GET path=/api/v1/competition/c0000000-0001-0001-0001-000000000001/market-share-status status=429 duration_ms=0 request_id=2971c30d-00a9-4e5a-98a1-a81431954406
time=2026-05-04T09:01:29.649+05:30 level=INFO msg=request method=POST path=/api/v1/auth/login status=429 duration_ms=0 request_id=94d08f7a-ae3d-40a1-a806-6fe6ed79f020
time=2026-05-04T09:01:31.726+05:30 level=INFO msg=request method=POST path=/api/v1/auth/login status=200 duration_ms=70 request_id=4d29fd2e-e256-44dc-96df-908bef48936c
time=2026-05-04T09:01:31.730+05:30 level=INFO msg=request method=GET path=/api/v1/competition/c0000000-0001-0001-0001-000000000001/market-share-status status=200 duration_ms=2 request_id=41fe4132-3ac1-4439-98f5-a5f4d9a8bb00
time=2026-05-04T09:01:31.742+05:30 level=INFO msg=request method=GET path=/api/v1/competition/leaderboard status=200 duration_ms=3 request_id=66b7dc79-0e4f-440c-9acf-4c44b45aad4d
time=2026-05-04T09:01:31.750+05:30 level=INFO msg=request method=GET path=/api/v1/competition/leaderboard status=200 duration_ms=2 request_id=acb71cb3-e5f7-40fa-a9ee-c843af0fada8
time=2026-05-04T09:01:32.540+05:30 level=INFO msg=request method=OPTIONS path=/api/v1/auth/login status=204 duration_ms=0 request_id=e3c55691-5cb9-4f24-85b0-7478e5b7ea6f
time=2026-05-04T09:01:32.593+05:30 level=INFO msg=request method=POST path=/api/v1/auth/login status=200 duration_ms=52 request_id=0b71329d-b950-448a-8e7d-06744161ce29
time=2026-05-04T09:01:35.588+05:30 level=INFO msg=request method=OPTIONS path=/api/v1/outlets/112847 status=204 duration_ms=0 request_id=24314118-5a5d-4022-90f7-09e192d44689
time=2026-05-04T09:01:35.588+05:30 level=INFO msg=request method=OPTIONS path=/api/v1/outlets/112847/performance status=204 duration_ms=0 request_id=17c6f13d-0e50-4093-8499-302e880224d1
time=2026-05-04T09:01:35.590+05:30 level=INFO msg=request method=GET path=/api/v1/outlets/112847/performance status=200 duration_ms=1 request_id=c6cb2da5-0835-4db9-aaa5-a3fd2ef23039
time=2026-05-04T09:01:35.590+05:30 level=INFO msg=request method=GET path=/api/v1/outlets/112847 status=200 duration_ms=2 request_id=a783b948-22c9-4c24-a2e0-b43a396cd472
time=2026-05-04T09:01:35.604+05:30 level=INFO msg=request method=OPTIONS path=/api/v1/outlets/112847/targets status=204 duration_ms=0 request_id=e2df6db1-a372-49f1-8339-bbb34324cb66
time=2026-05-04T09:01:35.605+05:30 level=INFO msg=request method=GET path=/api/v1/outlets/112847/targets status=200 duration_ms=0 request_id=d86cf2b4-e580-4631-ac34-e39ac10449ce
time=2026-05-04T09:01:35.606+05:30 level=INFO msg=request method=OPTIONS path=/api/v1/outlets/112847/analysis status=204 duration_ms=0 request_id=7e594e36-7964-44a1-94f0-bf0f4bead241
time=2026-05-04T09:01:35.607+05:30 level=INFO msg=request method=OPTIONS path=/api/v1/competition/leaderboard status=204 duration_ms=0 request_id=ba397c1e-b3dc-4dd9-875e-fb53cedf35c9
time=2026-05-04T09:01:35.607+05:30 level=INFO msg=request method=OPTIONS path=/api/v1/competition/c0000000-0001-0001-0001-000000000001/market-share-status status=204 duration_ms=0 request_id=7dd1dbc5-7f33-466f-bbb1-48ea12bff5d2
time=2026-05-04T09:01:35.607+05:30 level=INFO msg=request method=GET path=/api/v1/competition/c0000000-0001-0001-0001-000000000001/market-share-status status=429 duration_ms=0 request_id=199ccbbb-c5ba-4220-8b45-25708881fecd
time=2026-05-04T09:01:35.608+05:30 level=INFO msg=request method=GET path=/api/v1/outlets/112847/analysis status=200 duration_ms=1 request_id=1e394f38-773e-4b5d-bdf0-f87de82c131c
time=2026-05-04T09:01:35.609+05:30 level=INFO msg=request method=GET path=/api/v1/competition/leaderboard status=200 duration_ms=1 request_id=abf573f4-f952-433a-9cb8-c9d88dc867f7
time=2026-05-04T09:01:38.390+05:30 level=INFO msg=request method=OPTIONS path=/api/v1/auth/login status=204 duration_ms=0 request_id=e50ddb57-75c8-498b-803a-17cfcdd101a9
time=2026-05-04T09:01:38.445+05:30 level=INFO msg=request method=POST path=/api/v1/auth/login status=200 duration_ms=54 request_id=1196757a-8486-474b-8c7a-4d7003ec0850
time=2026-05-04T09:01:41.439+05:30 level=INFO msg=request method=OPTIONS path=/api/v1/outlets/112847 status=204 duration_ms=0 request_id=411bfaf7-a0a8-48a9-a711-333a71fb38d6
time=2026-05-04T09:01:41.439+05:30 level=INFO msg=request method=OPTIONS path=/api/v1/outlets/112847/performance status=204 duration_ms=0 request_id=b425b4bc-6faf-4e17-b629-3a67c349efd6
time=2026-05-04T09:01:41.442+05:30 level=INFO msg=request method=GET path=/api/v1/outlets/112847/performance status=200 duration_ms=1 request_id=eb7ea91c-1fef-493c-8fd7-4781e2dba262
time=2026-05-04T09:01:41.442+05:30 level=INFO msg=request method=GET path=/api/v1/outlets/112847 status=200 duration_ms=2 request_id=529861c0-9567-43a0-9b5b-5c10dd690036
time=2026-05-04T09:01:41.452+05:30 level=INFO msg=request method=OPTIONS path=/api/v1/outlets/112847/targets status=204 duration_ms=0 request_id=fa745ffe-e778-4b27-8889-7129e1c54dc0
time=2026-05-04T09:01:41.454+05:30 level=INFO msg=request method=GET path=/api/v1/outlets/112847/targets status=200 duration_ms=1 request_id=89a3d763-7e71-4435-a576-5f0691237bbb
time=2026-05-04T09:01:41.455+05:30 level=INFO msg=request method=OPTIONS path=/api/v1/outlets/112847/analysis status=204 duration_ms=0 request_id=98148cb5-e249-4c50-9398-8233885070d3
time=2026-05-04T09:01:41.455+05:30 level=INFO msg=request method=OPTIONS path=/api/v1/competition/leaderboard status=204 duration_ms=0 request_id=2f5be1e6-af9e-45fc-a50d-717d3d1f814a
time=2026-05-04T09:01:41.456+05:30 level=INFO msg=request method=OPTIONS path=/api/v1/competition/c0000000-0001-0001-0001-000000000001/market-share-status status=204 duration_ms=0 request_id=4b494460-c7f1-4670-aff7-b629790ab166
time=2026-05-04T09:01:41.457+05:30 level=INFO msg=request method=GET path=/api/v1/outlets/112847/analysis status=200 duration_ms=1 request_id=8260902e-bfae-41b2-92ed-52f48bab646c
time=2026-05-04T09:01:41.457+05:30 level=INFO msg=request method=GET path=/api/v1/competition/leaderboard status=200 duration_ms=1 request_id=aecac2be-a8ee-418e-b101-256e7d924991
time=2026-05-04T09:01:41.458+05:30 level=INFO msg=request method=GET path=/api/v1/competition/c0000000-0001-0001-0001-000000000001/market-share-status status=200 duration_ms=2 request_id=c20fd7d2-eb3d-4cd7-a287-27d9e91b002f
time=2026-05-04T09:01:45.258+05:30 level=INFO msg=request method=OPTIONS path=/api/v1/auth/login status=204 duration_ms=0 request_id=24f5110a-e98b-4c67-890d-0bbdaa172536
time=2026-05-04T09:01:45.313+05:30 level=INFO msg=request method=POST path=/api/v1/auth/login status=200 duration_ms=55 request_id=e28c2342-ae69-49ad-879e-d4ce8474b987
time=2026-05-04T09:01:50.417+05:30 level=INFO msg=request method=POST path=/api/v1/auth/login status=401 duration_ms=1 request_id=cbd14022-c3c6-4eae-8bbb-61514f57bd02
time=2026-05-04T09:01:50.421+05:30 level=INFO msg=request method=POST path=/api/v1/auth/login status=401 duration_ms=0 request_id=f008f339-6610-44e8-81d4-bbea30a237e8
time=2026-05-04T09:01:51.653+05:30 level=INFO msg=request method=GET path=/api/v1/auth/me status=401 duration_ms=0 request_id=87d06aef-344f-4a7a-9766-fb3a5e8376d6
time=2026-05-04T09:01:51.657+05:30 level=INFO msg=request method=GET path=/api/v1/outlets/112847 status=401 duration_ms=0 request_id=03fbcb3a-d0c9-46b9-beea-a6b7df5522db
time=2026-05-04T09:01:51.709+05:30 level=INFO msg=request method=POST path=/api/v1/auth/login status=200 duration_ms=48 request_id=88ea7515-056e-4460-a82a-9a8d913f4c18
time=2026-05-04T09:01:51.713+05:30 level=INFO msg=request method=GET path=/health status=200 duration_ms=0 request_id=47031b93-49be-48fb-a459-2403a31e1ab9
time=2026-05-04T09:01:55.990+05:30 level=INFO msg=request method=POST path=/api/v1/auth/login status=200 duration_ms=49 request_id=3dfd1769-6b92-420e-8cf2-a7edbe3413ba
time=2026-05-04T09:01:56.001+05:30 level=INFO msg=request method=GET path=/api/v1/territory/outlets status=200 duration_ms=7 request_id=9dec60b9-3d89-488a-8ed0-a879939f2a5d
time=2026-05-04T09:01:56.014+05:30 level=INFO msg=request method=GET path=/api/v1/outlets/112386/performance status=200 duration_ms=1 request_id=3107a426-4272-4780-9072-5be41687a9a6
time=2026-05-04T09:01:56.015+05:30 level=INFO msg=request method=GET path=/api/v1/outlets/255872/performance status=200 duration_ms=1 request_id=ae8bb7ca-ce22-42e7-a605-55caf837b0b6
time=2026-05-04T09:01:56.027+05:30 level=INFO msg=request method=GET path=/api/v1/outlets/112417/performance status=429 duration_ms=0 request_id=5110c437-1193-497a-aa45-bdcefd020db0
time=2026-05-04T09:01:56.027+05:30 level=INFO msg=request method=GET path=/api/v1/outlets/112847/performance status=429 duration_ms=0 request_id=3b50d5e8-3629-40b4-8a5e-e15f2602a037
time=2026-05-04T09:01:56.027+05:30 level=INFO msg=request method=GET path=/api/v1/outlets/112431/performance status=429 duration_ms=0 request_id=b4294a99-e6dc-4753-aa9c-0a2f2cbfb77e
time=2026-05-04T09:01:56.027+05:30 level=INFO msg=request method=GET path=/api/v1/outlets/112438/performance status=429 duration_ms=0 request_id=7344f1a5-d31e-45a6-809e-25c253983c78
time=2026-05-04T09:01:56.027+05:30 level=INFO msg=request method=GET path=/api/v1/outlets/127090/performance status=429 duration_ms=0 request_id=355d78b7-7376-479a-9bb1-5d0f48356add
time=2026-05-04T09:01:56.027+05:30 level=INFO msg=request method=GET path=/api/v1/outlets/112456/performance status=429 duration_ms=0 request_id=1d54e138-10a1-4b0a-b1f6-43a62f874c55
time=2026-05-04T09:01:56.027+05:30 level=INFO msg=request method=GET path=/api/v1/outlets/112448/performance status=429 duration_ms=0 request_id=923cea55-28e2-4adf-a50e-fb55841eef47
time=2026-05-04T09:01:56.027+05:30 level=INFO msg=request method=GET path=/api/v1/outlets/110234/performance status=429 duration_ms=0 request_id=119a452a-bb57-4e92-9f6a-15d8595a8bcd
time=2026-05-04T09:01:56.027+05:30 level=INFO msg=request method=GET path=/api/v1/outlets/112458/performance status=429 duration_ms=0 request_id=70ed8169-78a4-474c-98cf-07f942a94711
time=2026-05-04T09:01:56.027+05:30 level=INFO msg=request method=GET path=/api/v1/outlets/112450/performance status=429 duration_ms=0 request_id=8a1193a4-fbea-4438-ae8f-f947d4c0dc87
time=2026-05-04T09:01:56.027+05:30 level=INFO msg=request method=GET path=/api/v1/outlets/111234/performance status=429 duration_ms=0 request_id=567cb6b7-abcd-4b9c-b60e-c5322da2fb73
time=2026-05-04T09:01:56.027+05:30 level=INFO msg=request method=GET path=/api/v1/outlets/131712/performance status=429 duration_ms=0 request_id=42a86e6e-48c1-4f5c-bc8e-c81a834174a4
time=2026-05-04T09:01:56.027+05:30 level=INFO msg=request method=GET path=/api/v1/outlets/129151/performance status=429 duration_ms=0 request_id=55cb08ba-8713-47b6-8177-722699f1eede
time=2026-05-04T09:01:56.027+05:30 level=INFO msg=request method=GET path=/api/v1/outlets/250828/performance status=429 duration_ms=0 request_id=f1030e86-10d5-4f62-baeb-181c57a943ad
time=2026-05-04T09:01:56.027+05:30 level=INFO msg=request method=GET path=/api/v1/outlets/244099/performance status=429 duration_ms=0 request_id=66339a06-ca50-4780-b60f-0c19abf25cbb
time=2026-05-04T09:01:56.027+05:30 level=INFO msg=request method=GET path=/api/v1/outlets/112012/performance status=429 duration_ms=0 request_id=7f25e4ca-0e21-42d0-a648-26482486965d
time=2026-05-04T09:01:56.027+05:30 level=INFO msg=request method=GET path=/api/v1/outlets/111456/performance status=429 duration_ms=0 request_id=f3cb800b-59f0-4095-95a7-169a87db2ee2
time=2026-05-04T09:01:56.027+05:30 level=INFO msg=request method=GET path=/api/v1/outlets/113234/performance status=429 duration_ms=0 request_id=f32ea93d-32b4-47fb-9789-a8d498d6ef6e
time=2026-05-04T09:01:56.028+05:30 level=INFO msg=request method=GET path=/api/v1/outlets/113456/performance status=429 duration_ms=0 request_id=000245c1-46ea-4f02-8231-c6bd44e63f7b
time=2026-05-04T09:01:56.028+05:30 level=INFO msg=request method=GET path=/api/v1/outlets/119876/performance status=429 duration_ms=0 request_id=1bf43b93-a912-430e-9c1b-d9d9874b4ad3
time=2026-05-04T09:01:56.028+05:30 level=INFO msg=request method=GET path=/api/v1/outlets/112460/performance status=429 duration_ms=0 request_id=065a543c-29a6-4547-a58c-4570654ee9af
time=2026-05-04T09:01:56.028+05:30 level=INFO msg=request method=GET path=/api/v1/outlets/236924/performance status=429 duration_ms=0 request_id=37546b5b-ce58-4172-bf3c-f88173d7a2ea
time=2026-05-04T09:01:56.028+05:30 level=INFO msg=request method=GET path=/api/v1/outlets/107634/performance status=429 duration_ms=0 request_id=b0806450-9065-4a2d-87d1-959f4f6eff46
time=2026-05-04T09:01:56.028+05:30 level=INFO msg=request method=GET path=/api/v1/outlets/112462/performance status=429 duration_ms=0 request_id=954ae9f1-d33f-4a23-9a0b-5b26693f848b
time=2026-05-04T09:01:56.028+05:30 level=INFO msg=request method=GET path=/api/v1/outlets/112457/performance status=429 duration_ms=0 request_id=c4994427-2398-43ab-9e48-48faa0f2b7e9
time=2026-05-04T09:01:56.028+05:30 level=INFO msg=request method=GET path=/api/v1/outlets/112441/performance status=429 duration_ms=0 request_id=71870048-ce0a-4c91-a8f9-a1ed14eeee38
time=2026-05-04T09:01:56.028+05:30 level=INFO msg=request method=GET path=/api/v1/outlets/112391/performance status=429 duration_ms=0 request_id=2a1fcf70-2514-4910-8106-2e7ee11fc900
time=2026-05-04T09:01:56.028+05:30 level=INFO msg=request method=GET path=/api/v1/outlets/113890/performance status=429 duration_ms=0 request_id=b8754546-2853-4777-87eb-c6abe4794277
time=2026-05-04T09:01:56.028+05:30 level=INFO msg=request method=GET path=/api/v1/outlets/112392/performance status=429 duration_ms=0 request_id=26106edb-f9af-46a9-bfd0-84ac945450b5
time=2026-05-04T09:01:56.028+05:30 level=INFO msg=request method=GET path=/api/v1/outlets/112393/performance status=429 duration_ms=0 request_id=0b92470b-b397-40b5-ae81-1b186d4ef5a8
time=2026-05-04T09:01:56.028+05:30 level=INFO msg=request method=GET path=/api/v1/outlets/118345/performance status=429 duration_ms=0 request_id=10390417-763d-4629-922e-cd4ceb523d24
time=2026-05-04T09:01:56.028+05:30 level=INFO msg=request method=GET path=/api/v1/outlets/112383/performance status=429 duration_ms=0 request_id=dc10a324-3dcb-4052-81df-875a4aa3f2a1
time=2026-05-04T09:01:56.028+05:30 level=INFO msg=request method=GET path=/api/v1/outlets/112387/performance status=429 duration_ms=0 request_id=b4f12b26-d616-4b4f-99d7-b99611829bf2
time=2026-05-04T09:01:56.028+05:30 level=INFO msg=request method=GET path=/api/v1/outlets/112444/performance status=429 duration_ms=0 request_id=76df8538-f103-458b-85c9-16abc9a2b452
time=2026-05-04T09:01:56.028+05:30 level=INFO msg=request method=GET path=/api/v1/outlets/112453/performance status=429 duration_ms=0 request_id=280c5214-2fd3-4ad6-965e-1d514a03b12e
time=2026-05-04T09:01:56.028+05:30 level=INFO msg=request method=GET path=/api/v1/outlets/112789/performance status=429 duration_ms=0 request_id=b7a701ce-3cad-49cb-8702-348b84506488
time=2026-05-04T09:01:56.028+05:30 level=INFO msg=request method=GET path=/api/v1/outlets/112397/performance status=429 duration_ms=0 request_id=e77b058a-25d0-4020-93f6-1ce3d26e9447
time=2026-05-04T09:01:56.028+05:30 level=INFO msg=request method=GET path=/api/v1/outlets/108923/performance status=429 duration_ms=0 request_id=e457e68c-d41f-4c49-a392-1090e2e2147c
time=2026-05-04T09:01:56.028+05:30 level=INFO msg=request method=GET path=/api/v1/outlets/157172/performance status=429 duration_ms=0 request_id=4f1872ee-37ce-4f29-954e-1f896576d87d
time=2026-05-04T09:01:56.028+05:30 level=INFO msg=request method=GET path=/api/v1/outlets/198868/performance status=429 duration_ms=0 request_id=8cade2eb-cce9-4b5a-8028-98c4d35f1b76
time=2026-05-04T09:01:56.028+05:30 level=INFO msg=request method=GET path=/api/v1/outlets/112401/performance status=429 duration_ms=0 request_id=4819205e-3c0b-47df-96c0-1486dc339283
time=2026-05-04T09:01:56.028+05:30 level=INFO msg=request method=GET path=/api/v1/outlets/151186/performance status=429 duration_ms=0 request_id=c8a1dca5-8f6a-48c9-94c2-efc83a752722
time=2026-05-04T09:01:56.028+05:30 level=INFO msg=request method=GET path=/api/v1/outlets/112445/performance status=429 duration_ms=0 request_id=484829b2-c230-44eb-8bc5-40eda518eed1
time=2026-05-04T09:01:56.028+05:30 level=INFO msg=request method=GET path=/api/v1/outlets/156837/performance status=429 duration_ms=0 request_id=2fd5ae8a-8603-48d9-85b1-6a43e0e0d3b4
time=2026-05-04T09:01:56.028+05:30 level=INFO msg=request method=GET path=/api/v1/outlets/114234/performance status=429 duration_ms=0 request_id=3267c7f9-6167-4ca3-8d32-46ec4ff50c32
time=2026-05-04T09:01:56.028+05:30 level=INFO msg=request method=GET path=/api/v1/outlets/112398/performance status=429 duration_ms=0 request_id=ba9824ef-8dff-421b-b37a-97646441dab0
time=2026-05-04T09:01:56.028+05:30 level=INFO msg=request method=GET path=/api/v1/outlets/112454/performance status=429 duration_ms=0 request_id=b84ceb2f-f51d-4360-9989-303bca3c1e58
time=2026-05-04T09:01:56.028+05:30 level=INFO msg=request method=GET path=/api/v1/outlets/112345/performance status=429 duration_ms=0 request_id=132baf69-7d7d-447b-bbeb-3b9a901a550f
time=2026-05-04T09:01:56.028+05:30 level=INFO msg=request method=GET path=/api/v1/outlets/112429/performance status=429 duration_ms=0 request_id=31376751-c6f0-4af4-9f0a-f03e497f45f9
time=2026-05-04T09:01:56.028+05:30 level=INFO msg=request method=GET path=/api/v1/outlets/112436/performance status=429 duration_ms=0 request_id=80510cb3-0f72-48de-a0f5-21649157ca9e
time=2026-05-04T09:01:56.028+05:30 level=INFO msg=request method=GET path=/api/v1/outlets/109251/performance status=429 duration_ms=0 request_id=b06ce752-89ec-4183-941a-8661503cae1f
time=2026-05-04T09:01:56.028+05:30 level=INFO msg=request method=GET path=/api/v1/outlets/112434/performance status=429 duration_ms=0 request_id=63d9e8ab-a80d-444f-ba06-27b86723c5ce
time=2026-05-04T09:01:56.028+05:30 level=INFO msg=request method=GET path=/api/v1/outlets/112407/performance status=429 duration_ms=0 request_id=ab017274-0afb-4c3f-8ea6-fa35bd841199
time=2026-05-04T09:01:56.028+05:30 level=INFO msg=request method=GET path=/api/v1/outlets/148413/performance status=429 duration_ms=0 request_id=20b2825c-e990-4ae4-91ff-0173743d2417
time=2026-05-04T09:01:56.028+05:30 level=INFO msg=request method=GET path=/api/v1/outlets/112415/performance status=429 duration_ms=0 request_id=3f46a494-0f95-4444-95db-4e79d26d30be
time=2026-05-04T09:01:56.028+05:30 level=INFO msg=request method=GET path=/api/v1/outlets/108765/performance status=429 duration_ms=0 request_id=21e38541-1ca9-4673-bc89-39dac4df2f84
time=2026-05-04T09:01:56.028+05:30 level=INFO msg=request method=GET path=/api/v1/outlets/168006/performance status=429 duration_ms=0 request_id=719b4f77-21ef-44e2-97a4-a66733a5e1bc
time=2026-05-04T09:01:56.028+05:30 level=INFO msg=request method=GET path=/api/v1/outlets/118012/performance status=429 duration_ms=0 request_id=7d06adb5-8874-44c7-b4aa-3053d615c728
time=2026-05-04T09:01:56.028+05:30 level=INFO msg=request method=GET path=/api/v1/outlets/112402/performance status=429 duration_ms=0 request_id=f9752bff-48a4-460d-b393-9fdd8cbd24cc
time=2026-05-04T09:01:56.028+05:30 level=INFO msg=request method=GET path=/api/v1/outlets/112420/performance status=429 duration_ms=0 request_id=00d03828-8f5a-4513-b792-2d9f0d35a62c
time=2026-05-04T09:01:56.028+05:30 level=INFO msg=request method=GET path=/api/v1/outlets/118901/performance status=429 duration_ms=0 request_id=cd413e30-d63c-4dc2-8e50-9c9d97c93652
time=2026-05-04T09:01:56.028+05:30 level=INFO msg=request method=GET path=/api/v1/outlets/118567/performance status=429 duration_ms=0 request_id=8f5626c7-c1e8-4455-93d0-abb1a4c9aea6
time=2026-05-04T09:01:56.028+05:30 level=INFO msg=request method=GET path=/api/v1/outlets/112390/performance status=200 duration_ms=1 request_id=74b199fe-af76-4a55-aeab-59b935c1055c
time=2026-05-04T09:01:56.028+05:30 level=INFO msg=request method=GET path=/api/v1/outlets/200922/performance status=200 duration_ms=1 request_id=e28a6c29-607b-4241-9ea0-b73deb0dd0a8
time=2026-05-04T09:01:56.028+05:30 level=INFO msg=request method=GET path=/api/v1/outlets/198751/performance status=429 duration_ms=0 request_id=f3943c50-1b00-4e35-8764-16c1698f61a8
time=2026-05-04T09:01:56.028+05:30 level=INFO msg=request method=GET path=/api/v1/outlets/136152/performance status=429 duration_ms=0 request_id=05454a5e-cbb6-412f-b104-8f956b3a57cf
time=2026-05-04T09:01:56.028+05:30 level=INFO msg=request method=GET path=/api/v1/outlets/112446/performance status=429 duration_ms=0 request_id=fd11b887-b163-4801-a775-f6ae4d98e8f3
time=2026-05-04T09:01:56.028+05:30 level=INFO msg=request method=GET path=/api/v1/outlets/112384/performance status=429 duration_ms=0 request_id=2cc7a184-2db7-4b46-a060-5a736077ec6d
time=2026-05-04T09:01:56.028+05:30 level=INFO msg=request method=GET path=/api/v1/outlets/128472/performance status=429 duration_ms=0 request_id=d00db2f8-8e40-4be2-9fef-71b59e746e42
time=2026-05-04T09:01:56.028+05:30 level=INFO msg=request method=GET path=/api/v1/outlets/117890/performance status=429 duration_ms=0 request_id=0db060a1-5495-4447-aebc-8c54f44333e7
time=2026-05-04T09:01:56.028+05:30 level=INFO msg=request method=GET path=/api/v1/outlets/112385/performance status=429 duration_ms=0 request_id=da41a8c7-b554-4756-a813-218ae73dd42d
time=2026-05-04T09:01:56.028+05:30 level=INFO msg=request method=GET path=/api/v1/outlets/112389/performance status=429 duration_ms=0 request_id=f359a063-2434-4db3-96dc-679c776ede1d
time=2026-05-04T09:01:56.028+05:30 level=INFO msg=request method=GET path=/api/v1/outlets/112395/performance status=429 duration_ms=0 request_id=dcf8d6e2-7f95-4cbd-ba90-9933876a52ae
time=2026-05-04T09:01:56.028+05:30 level=INFO msg=request method=GET path=/api/v1/outlets/115634/performance status=429 duration_ms=0 request_id=d5bbc85d-aa02-417d-b653-61717d9e4a00
time=2026-05-04T09:01:56.028+05:30 level=INFO msg=request method=GET path=/api/v1/outlets/123784/performance status=429 duration_ms=0 request_id=3e79ed8c-d44e-4f87-92b2-d1c6a1b30596
time=2026-05-04T09:01:56.028+05:30 level=INFO msg=request method=GET path=/api/v1/outlets/149238/performance status=429 duration_ms=0 request_id=a926ac3a-5fbb-4aaf-a8c7-2e83468c3aa1
time=2026-05-04T09:01:56.028+05:30 level=INFO msg=request method=GET path=/api/v1/outlets/116456/performance status=429 duration_ms=0 request_id=c5df8fa5-1de9-4989-b5e2-0c884430afc5
time=2026-05-04T09:01:56.028+05:30 level=INFO msg=request method=GET path=/api/v1/outlets/119012/performance status=429 duration_ms=0 request_id=0c64610e-ed8b-470c-a94c-a36747f4b79f
time=2026-05-04T09:01:56.028+05:30 level=INFO msg=request method=GET path=/api/v1/outlets/147286/performance status=429 duration_ms=0 request_id=b1870656-8216-45a2-b8e3-704bc44bec69
time=2026-05-04T09:01:56.029+05:30 level=INFO msg=request method=GET path=/api/v1/outlets/112403/performance status=429 duration_ms=0 request_id=cbdb3a45-0c39-4901-b02b-5ade4a9b4ad3
time=2026-05-04T09:01:56.029+05:30 level=INFO msg=request method=GET path=/api/v1/outlets/112411/performance status=429 duration_ms=0 request_id=acc3e286-2c59-4dbf-a5f0-edd5362ad523
time=2026-05-04T09:01:56.029+05:30 level=INFO msg=request method=GET path=/api/v1/outlets/112412/performance status=429 duration_ms=0 request_id=6b0d26b2-6c73-417f-aa44-41a12d2c527d
time=2026-05-04T09:01:56.029+05:30 level=INFO msg=request method=GET path=/api/v1/outlets/167171/performance status=429 duration_ms=0 request_id=cc9745d8-1164-46f2-be8c-b2833d3ce31f
time=2026-05-04T09:01:56.029+05:30 level=INFO msg=request method=GET path=/api/v1/outlets/112414/performance status=200 duration_ms=1 request_id=3dc27529-3fe2-4c45-8875-94b9c7d13fe8
time=2026-05-04T09:01:56.029+05:30 level=INFO msg=request method=GET path=/api/v1/outlets/144329/performance status=200 duration_ms=2 request_id=19ed989f-102f-488a-b28b-295ec812d925
time=2026-05-04T09:01:56.029+05:30 level=INFO msg=request method=GET path=/api/v1/outlets/117567/performance status=200 duration_ms=2 request_id=c7996833-5988-4ffb-b51d-b18d521f5323
time=2026-05-04T09:01:56.029+05:30 level=INFO msg=request method=GET path=/api/v1/outlets/109678/performance status=200 duration_ms=1 request_id=1998598f-d5d8-4806-b177-f4cc78c294ff
time=2026-05-04T09:01:56.029+05:30 level=INFO msg=request method=GET path=/api/v1/outlets/115901/performance status=200 duration_ms=2 request_id=4cfb0d36-1606-4125-a6dd-defe1b3e8357
time=2026-05-04T09:01:56.029+05:30 level=INFO msg=request method=GET path=/api/v1/outlets/115789/performance status=429 duration_ms=0 request_id=76d06f18-94a0-4ea8-9e45-bd47cc06cc34
time=2026-05-04T09:01:56.029+05:30 level=INFO msg=request method=GET path=/api/v1/outlets/112416/performance status=429 duration_ms=0 request_id=cf3bba2a-c020-4748-bcf8-792e7e7f0966
time=2026-05-04T09:01:56.029+05:30 level=INFO msg=request method=GET path=/api/v1/outlets/112418/performance status=429 duration_ms=0 request_id=e9ee3cff-6672-4435-9b70-6485d28d8174
time=2026-05-04T09:01:56.029+05:30 level=INFO msg=request method=GET path=/api/v1/outlets/112422/performance status=429 duration_ms=0 request_id=dd6e80e5-fd1b-4a0a-b436-963e92496e09
time=2026-05-04T09:01:56.029+05:30 level=INFO msg=request method=GET path=/api/v1/outlets/112425/performance status=429 duration_ms=0 request_id=0b92d3b4-726c-4c5c-b4ff-73ad767e4468
time=2026-05-04T09:01:56.029+05:30 level=INFO msg=request method=GET path=/api/v1/outlets/112419/performance status=429 duration_ms=0 request_id=fb0167c3-2130-4e1c-9e30-b889659a283d
time=2026-05-04T09:01:56.029+05:30 level=INFO msg=request method=GET path=/api/v1/outlets/112424/performance status=429 duration_ms=0 request_id=a6947691-364a-43cf-888f-c9f4c968962c
time=2026-05-04T09:01:56.029+05:30 level=INFO msg=request method=GET path=/api/v1/outlets/115012/performance status=429 duration_ms=0 request_id=f2c72a70-40fe-418a-bf11-e766a1d5a13b
time=2026-05-04T09:01:56.029+05:30 level=INFO msg=request method=GET path=/api/v1/outlets/112437/performance status=429 duration_ms=0 request_id=cb4a70bc-dc3e-46cf-b62d-9662ff7b0eeb
time=2026-05-04T09:01:56.029+05:30 level=INFO msg=request method=GET path=/api/v1/outlets/112428/performance status=429 duration_ms=0 request_id=d6f77f38-3700-4eba-a4b3-212db772e2e5
time=2026-05-04T09:01:56.029+05:30 level=INFO msg=request method=GET path=/api/v1/outlets/114678/performance status=429 duration_ms=0 request_id=766db59b-9437-4070-b050-d26826e8fd73
time=2026-05-04T09:01:56.029+05:30 level=INFO msg=request method=GET path=/api/v1/outlets/112440/performance status=429 duration_ms=0 request_id=75b3d699-bd71-4db4-bb4a-82119780ed74
time=2026-05-04T09:01:56.029+05:30 level=INFO msg=request method=GET path=/api/v1/outlets/112443/performance status=429 duration_ms=0 request_id=831354c9-ecd7-41c3-8cdb-5b7343664763
time=2026-05-04T09:01:56.029+05:30 level=INFO msg=request method=GET path=/api/v1/outlets/112442/performance status=429 duration_ms=0 request_id=407186f2-f9a7-4ae7-91d9-e4f880d0e17d
time=2026-05-04T09:01:56.029+05:30 level=INFO msg=request method=GET path=/api/v1/outlets/111789/performance status=429 duration_ms=0 request_id=abd72854-7098-45e3-96c6-10f6fafa225e
time=2026-05-04T09:01:56.029+05:30 level=INFO msg=request method=GET path=/api/v1/outlets/112439/performance status=429 duration_ms=0 request_id=479c8d8f-689c-4ee5-8649-b519c0a342cd
time=2026-05-04T09:01:56.029+05:30 level=INFO msg=request method=GET path=/api/v1/outlets/114521/performance status=429 duration_ms=0 request_id=5f309c3f-3e88-4ebc-9893-10f37ac570e0
time=2026-05-04T09:01:56.029+05:30 level=INFO msg=request method=GET path=/api/v1/outlets/112455/performance status=429 duration_ms=0 request_id=f621c88a-5ed7-4b12-aeb9-023d3a680c8d
time=2026-05-04T09:01:56.029+05:30 level=INFO msg=request method=GET path=/api/v1/outlets/163708/performance status=429 duration_ms=0 request_id=3ff2a771-9a1b-476c-a06c-7715879b5a84
time=2026-05-04T09:01:56.029+05:30 level=INFO msg=request method=GET path=/api/v1/outlets/117234/performance status=429 duration_ms=0 request_id=2c77513a-dddc-492c-bc9a-fc19a0994691
time=2026-05-04T09:01:56.029+05:30 level=INFO msg=request method=GET path=/api/v1/outlets/112459/performance status=429 duration_ms=0 request_id=0c7f467f-8a47-4e2b-bc61-36a31092a66a
time=2026-05-04T09:01:56.030+05:30 level=INFO msg=request method=GET path=/api/v1/outlets/112466/performance status=429 duration_ms=0 request_id=e22a3f1c-df4f-436b-bdca-84ce7be95bc9
time=2026-05-04T09:01:56.030+05:30 level=INFO msg=request method=GET path=/api/v1/outlets/112461/performance status=429 duration_ms=0 request_id=2f2d6f61-6ed3-4d24-8a60-be41c64ff933
time=2026-05-04T09:01:56.030+05:30 level=INFO msg=request method=GET path=/api/v1/outlets/110567/performance status=429 duration_ms=0 request_id=0e4eac35-75f5-4fc5-96a5-29b611cf8ffa
time=2026-05-04T09:01:56.030+05:30 level=INFO msg=request method=GET path=/api/v1/outlets/112404/performance status=429 duration_ms=0 request_id=e741e440-ee83-4155-adb0-9ccd95c404d9
time=2026-05-04T09:01:56.030+05:30 level=INFO msg=request method=GET path=/api/v1/outlets/112427/performance status=429 duration_ms=0 request_id=e1560eba-c6cc-4805-b1fa-14d5486fe052
time=2026-05-04T09:01:56.030+05:30 level=INFO msg=request method=GET path=/api/v1/outlets/116890/performance status=429 duration_ms=0 request_id=73c0f76e-9bcd-42c2-bb14-7752689a7b7c
time=2026-05-04T09:01:56.030+05:30 level=INFO msg=request method=GET path=/api/v1/outlets/112435/performance status=429 duration_ms=0 request_id=7b3e0b61-3f9c-4575-8f59-d5a38098e31f
time=2026-05-04T09:01:56.030+05:30 level=INFO msg=request method=GET path=/api/v1/outlets/116789/performance status=429 duration_ms=0 request_id=c8e0525e-91a2-419c-be24-ed6e2c061048
time=2026-05-04T09:01:56.030+05:30 level=INFO msg=request method=GET path=/api/v1/outlets/116123/performance status=429 duration_ms=0 request_id=510c1bcb-3ca0-414d-b1aa-885ddb42a008
time=2026-05-04T09:01:56.034+05:30 level=INFO msg=request method=GET path=/api/v1/outlets/256507/performance status=429 duration_ms=0 request_id=7f507008-ef67-4079-8c62-2159b15bb3eb
time=2026-05-04T09:01:56.034+05:30 level=INFO msg=request method=GET path=/api/v1/outlets/163741/performance status=429 duration_ms=0 request_id=9287dec5-734c-45eb-9f45-4c3b25670abb
time=2026-05-04T09:01:56.035+05:30 level=INFO msg=request method=GET path=/api/v1/outlets/112408/performance status=429 duration_ms=0 request_id=82a5a915-3fc7-45d0-ae00-af2bb16e8ade
time=2026-05-04T09:01:56.035+05:30 level=INFO msg=request method=GET path=/api/v1/outlets/112410/performance status=429 duration_ms=0 request_id=0bf56765-bfee-4153-bca6-0aedf4f8c637
time=2026-05-04T09:01:56.035+05:30 level=INFO msg=request method=GET path=/api/v1/outlets/144348/performance status=429 duration_ms=0 request_id=fc7a69d2-b210-4f20-adda-1fee85012a14
time=2026-05-04T09:01:56.035+05:30 level=INFO msg=request method=GET path=/api/v1/outlets/147087/performance status=429 duration_ms=0 request_id=5ebfab00-c8e6-4261-b776-0841134970bf
time=2026-05-04T09:01:56.035+05:30 level=INFO msg=request method=GET path=/api/v1/outlets/113782/performance status=429 duration_ms=0 request_id=a817858e-a3b8-4dd7-9396-fe5cd930a320
time=2026-05-04T09:01:56.035+05:30 level=INFO msg=request method=GET path=/api/v1/outlets/146411/performance status=429 duration_ms=0 request_id=5eefc178-78e9-4d0e-84aa-ea8ab588b0ec
time=2026-05-04T09:01:56.035+05:30 level=INFO msg=request method=GET path=/api/v1/outlets/112451/performance status=429 duration_ms=0 request_id=16fa2597-19c2-4782-90f4-15b1d0351b67
time=2026-05-04T09:01:56.035+05:30 level=INFO msg=request method=GET path=/api/v1/outlets/149412/performance status=429 duration_ms=0 request_id=056d134b-cc6c-4b2c-b267-48ad98685809
time=2026-05-04T09:01:56.035+05:30 level=INFO msg=request method=GET path=/api/v1/outlets/119456/performance status=429 duration_ms=0 request_id=8b695c64-2503-48cb-abb8-0cc4dced26c0
time=2026-05-04T09:01:56.270+05:30 level=INFO msg=request method=POST path=/api/v1/auth/login status=429 duration_ms=0 request_id=81013eda-eb2f-4d7f-90c0-b342c7e03fa5
time=2026-05-04T09:01:58.348+05:30 level=INFO msg=request method=POST path=/api/v1/auth/login status=200 duration_ms=71 request_id=64f19a7f-378c-4f52-aec2-5ef18b444d64
time=2026-05-04T09:01:58.355+05:30 level=INFO msg=request method=GET path=/api/v1/territory/outlets status=200 duration_ms=5 request_id=c78685d7-c06f-4a4a-9982-4c7a0fe396e5
time=2026-05-04T09:01:58.364+05:30 level=INFO msg=request method=GET path=/api/v1/outlets/112386/performance status=200 duration_ms=1 request_id=d4604ba7-4332-423b-9361-b543fe9d01c1
time=2026-05-04T09:01:58.372+05:30 level=INFO msg=request method=GET path=/api/v1/outlets/255872/performance status=429 duration_ms=0 request_id=af07f061-6f37-49e8-81d9-198675e0a6ab
time=2026-05-04T09:01:58.372+05:30 level=INFO msg=request method=GET path=/api/v1/outlets/144329/performance status=429 duration_ms=0 request_id=6ee63296-6fc9-46b4-800f-0b23ba12cd05
time=2026-05-04T09:01:58.372+05:30 level=INFO msg=request method=GET path=/api/v1/outlets/200922/performance status=429 duration_ms=0 request_id=c7fbcc7c-3c89-42e7-92b8-963d725015d7
time=2026-05-04T09:01:58.372+05:30 level=INFO msg=request method=GET path=/api/v1/outlets/115901/performance status=429 duration_ms=0 request_id=e27fde75-5e8e-4977-9894-ba3036161446
time=2026-05-04T09:01:58.372+05:30 level=INFO msg=request method=GET path=/api/v1/outlets/117567/performance status=429 duration_ms=0 request_id=0da45353-c459-4e7b-aaea-e1b4d6af51b6
time=2026-05-04T09:01:58.373+05:30 level=INFO msg=request method=GET path=/api/v1/outlets/112414/performance status=429 duration_ms=0 request_id=301acbb5-9dfa-46f3-926e-01e28e82086a
time=2026-05-04T09:01:58.373+05:30 level=INFO msg=request method=GET path=/api/v1/outlets/112417/performance status=429 duration_ms=0 request_id=31bd8f5a-8607-4f5a-8d7c-ea4e743020fe
time=2026-05-04T09:01:58.373+05:30 level=INFO msg=request method=GET path=/api/v1/outlets/109678/performance status=429 duration_ms=0 request_id=cb9c5a2e-ff3c-4e57-af51-20ddc39ed281
time=2026-05-04T09:01:58.373+05:30 level=INFO msg=request method=GET path=/api/v1/outlets/127090/performance status=429 duration_ms=0 request_id=841e2a4d-c4aa-4543-9739-8cb150469a62
time=2026-05-04T09:01:58.373+05:30 level=INFO msg=request method=GET path=/api/v1/outlets/112847/performance status=429 duration_ms=0 request_id=eb64dbdd-45d4-4efe-9a26-2f50c2c34f74
time=2026-05-04T09:01:58.373+05:30 level=INFO msg=request method=GET path=/api/v1/outlets/112431/performance status=429 duration_ms=0 request_id=4e119b87-0f28-4cc9-a546-4593ec2b6960
time=2026-05-04T09:01:58.373+05:30 level=INFO msg=request method=GET path=/api/v1/outlets/112438/performance status=429 duration_ms=0 request_id=96f44f89-a574-472e-b88c-7ae92b8b9fb1
time=2026-05-04T09:01:58.373+05:30 level=INFO msg=request method=GET path=/api/v1/outlets/112448/performance status=429 duration_ms=0 request_id=6ab236c2-a78a-493d-9a82-20ac0ade165d
time=2026-05-04T09:01:58.373+05:30 level=INFO msg=request method=GET path=/api/v1/outlets/111234/performance status=429 duration_ms=0 request_id=8fcac225-8add-4793-8c22-cddac6f7fd94
time=2026-05-04T09:01:58.373+05:30 level=INFO msg=request method=GET path=/api/v1/outlets/110234/performance status=429 duration_ms=0 request_id=dfe82818-301f-4199-8f4b-0bc22380c2d5
time=2026-05-04T09:01:58.373+05:30 level=INFO msg=request method=GET path=/api/v1/outlets/112450/performance status=429 duration_ms=0 request_id=085e9f16-0721-491d-905b-5412e53a6e0a
time=2026-05-04T09:01:58.373+05:30 level=INFO msg=request method=GET path=/api/v1/outlets/112456/performance status=429 duration_ms=0 request_id=a7c8157e-a940-4f5e-b574-33f1fcdd0802
time=2026-05-04T09:01:58.373+05:30 level=INFO msg=request method=GET path=/api/v1/outlets/244099/performance status=429 duration_ms=0 request_id=72ff8071-d766-443e-8123-09af40f214ca
time=2026-05-04T09:01:58.373+05:30 level=INFO msg=request method=GET path=/api/v1/outlets/112458/performance status=429 duration_ms=0 request_id=19f17779-c8a3-4c1e-b51b-e207b4948e71
time=2026-05-04T09:01:58.373+05:30 level=INFO msg=request method=GET path=/api/v1/outlets/129151/performance status=429 duration_ms=0 request_id=c811825a-ac0c-4e73-b205-e3c8570cad83
time=2026-05-04T09:01:58.373+05:30 level=INFO msg=request method=GET path=/api/v1/outlets/131712/performance status=429 duration_ms=0 request_id=31bd705b-d405-4775-b329-e748a5336677
time=2026-05-04T09:01:58.373+05:30 level=INFO msg=request method=GET path=/api/v1/outlets/250828/performance status=429 duration_ms=0 request_id=5440b6ce-a740-4045-a541-34870860dcf4
time=2026-05-04T09:01:58.373+05:30 level=INFO msg=request method=GET path=/api/v1/outlets/113234/performance status=429 duration_ms=0 request_id=be58273f-d135-4e6b-ab6c-c8ff07e25ca4
time=2026-05-04T09:01:58.373+05:30 level=INFO msg=request method=GET path=/api/v1/outlets/112012/performance status=429 duration_ms=0 request_id=fae8dcd1-86da-40b3-9b1d-ff877660d3fa
time=2026-05-04T09:01:58.373+05:30 level=INFO msg=request method=GET path=/api/v1/outlets/113456/performance status=429 duration_ms=0 request_id=3f11d203-424d-4969-aa0d-a758c09c0ecc
time=2026-05-04T09:01:58.373+05:30 level=INFO msg=request method=GET path=/api/v1/outlets/113890/performance status=429 duration_ms=0 request_id=9aec7a76-d3d2-4570-927e-128d2e016c56
time=2026-05-04T09:01:58.373+05:30 level=INFO msg=request method=GET path=/api/v1/outlets/111456/performance status=429 duration_ms=0 request_id=4cf2fa8a-09a0-48b7-924c-3a1d874171bc
time=2026-05-04T09:01:58.373+05:30 level=INFO msg=request method=GET path=/api/v1/outlets/119876/performance status=429 duration_ms=0 request_id=d5373dcf-604e-46f1-a511-c00b0e586237
time=2026-05-04T09:01:58.373+05:30 level=INFO msg=request method=GET path=/api/v1/outlets/118345/performance status=429 duration_ms=0 request_id=515a48db-c093-43b5-bee2-46faf5b4080a
time=2026-05-04T09:01:58.373+05:30 level=INFO msg=request method=GET path=/api/v1/outlets/112441/performance status=429 duration_ms=0 request_id=7b59d80f-6fbb-4f03-93f3-d27349ab1a13
time=2026-05-04T09:01:58.373+05:30 level=INFO msg=request method=GET path=/api/v1/outlets/107634/performance status=429 duration_ms=0 request_id=325a6bf1-1773-4dcc-81b5-cef4484f62af
time=2026-05-04T09:01:58.373+05:30 level=INFO msg=request method=GET path=/api/v1/outlets/112457/performance status=429 duration_ms=0 request_id=290434d5-407f-4f1b-bb8a-7e1b8fdd756a
time=2026-05-04T09:01:58.373+05:30 level=INFO msg=request method=GET path=/api/v1/outlets/112460/performance status=429 duration_ms=0 request_id=d06d32af-0fcf-4aa5-a694-0d7b308056a2
time=2026-05-04T09:01:58.373+05:30 level=INFO msg=request method=GET path=/api/v1/outlets/236924/performance status=429 duration_ms=0 request_id=00192849-f75f-4c25-a175-b11d53c46032
time=2026-05-04T09:01:58.373+05:30 level=INFO msg=request method=GET path=/api/v1/outlets/112383/performance status=429 duration_ms=0 request_id=7a0c6827-06fb-4322-9fd7-c3f60d9efbbb
time=2026-05-04T09:01:58.373+05:30 level=INFO msg=request method=GET path=/api/v1/outlets/112392/performance status=429 duration_ms=0 request_id=5ae43d6b-3e09-4543-b496-7d8689d258a2
time=2026-05-04T09:01:58.373+05:30 level=INFO msg=request method=GET path=/api/v1/outlets/112393/performance status=429 duration_ms=0 request_id=e16528e9-6b9e-4144-b216-96bfcee20f6e
time=2026-05-04T09:01:58.373+05:30 level=INFO msg=request method=GET path=/api/v1/outlets/112387/performance status=429 duration_ms=0 request_id=a9a52580-4cf4-4e9c-99d0-5216dd415b7c
time=2026-05-04T09:01:58.373+05:30 level=INFO msg=request method=GET path=/api/v1/outlets/112391/performance status=429 duration_ms=0 request_id=dd32f989-aa6c-4de4-acb9-93a63cdee079
time=2026-05-04T09:01:58.373+05:30 level=INFO msg=request method=GET path=/api/v1/outlets/112434/performance status=429 duration_ms=0 request_id=efc6d611-8340-4c84-afcf-8374991c9af1
time=2026-05-04T09:01:58.374+05:30 level=INFO msg=request method=GET path=/api/v1/outlets/112436/performance status=429 duration_ms=0 request_id=8077ba49-5b34-4d3c-a546-5dc2ca6ca1a0
time=2026-05-04T09:01:58.374+05:30 level=INFO msg=request method=GET path=/api/v1/outlets/112453/performance status=429 duration_ms=0 request_id=d9281d06-857c-483d-98cb-3b6118b4120f
time=2026-05-04T09:01:58.374+05:30 level=INFO msg=request method=GET path=/api/v1/outlets/112398/performance status=429 duration_ms=0 request_id=6e033642-cbb5-4d09-a160-34c7c2878dd3
time=2026-05-04T09:01:58.374+05:30 level=INFO msg=request method=GET path=/api/v1/outlets/112445/performance status=429 duration_ms=0 request_id=a5c56153-49f3-451f-bcb3-5421f95bafc5
time=2026-05-04T09:01:58.374+05:30 level=INFO msg=request method=GET path=/api/v1/outlets/157172/performance status=429 duration_ms=0 request_id=623ed1ea-199b-4df6-8175-ee027fd4036e
time=2026-05-04T09:01:58.374+05:30 level=INFO msg=request method=GET path=/api/v1/outlets/112789/performance status=429 duration_ms=0 request_id=9bc9e9f8-aca8-459d-8e89-026abbbbe5fa
time=2026-05-04T09:01:58.374+05:30 level=INFO msg=request method=GET path=/api/v1/outlets/112397/performance status=429 duration_ms=0 request_id=53109444-9185-4d45-86e6-830054775777
time=2026-05-04T09:01:58.374+05:30 level=INFO msg=request method=GET path=/api/v1/outlets/112401/performance status=429 duration_ms=0 request_id=59c3783b-f8c0-4760-9a4b-183aaf854801
time=2026-05-04T09:01:58.374+05:30 level=INFO msg=request method=GET path=/api/v1/outlets/112444/performance status=429 duration_ms=0 request_id=90888a54-c792-40f9-b2f4-9fa63fbe6acc
time=2026-05-04T09:01:58.374+05:30 level=INFO msg=request method=GET path=/api/v1/outlets/156837/performance status=429 duration_ms=0 request_id=c7e965c6-472d-4ee7-8af2-c3ec64205ade
time=2026-05-04T09:01:58.374+05:30 level=INFO msg=request method=GET path=/api/v1/outlets/112345/performance status=429 duration_ms=0 request_id=393fe4f6-17c8-4b88-963f-096af4ab08be
time=2026-05-04T09:01:58.374+05:30 level=INFO msg=request method=GET path=/api/v1/outlets/112429/performance status=429 duration_ms=0 request_id=bf50d7e1-d742-4f6c-90e8-85b78148dc21
time=2026-05-04T09:01:58.374+05:30 level=INFO msg=request method=GET path=/api/v1/outlets/108923/performance status=429 duration_ms=0 request_id=962bcd0c-8b5e-43d0-9025-aafa6f4ac376
time=2026-05-04T09:01:58.374+05:30 level=INFO msg=request method=GET path=/api/v1/outlets/112462/performance status=429 duration_ms=0 request_id=8acd2365-a6bb-4bcb-ba74-cfbe0706af9e
time=2026-05-04T09:01:58.374+05:30 level=INFO msg=request method=GET path=/api/v1/outlets/112390/performance status=200 duration_ms=1 request_id=2535512e-8993-46fb-b3eb-915b5abf2fe6
time=2026-05-04T09:01:58.374+05:30 level=INFO msg=request method=GET path=/api/v1/outlets/114234/performance status=429 duration_ms=0 request_id=4e8f2e52-bab1-4626-a415-1055e6c2a3a6
time=2026-05-04T09:01:58.374+05:30 level=INFO msg=request method=GET path=/api/v1/outlets/112454/performance status=429 duration_ms=0 request_id=e916df76-c32f-46ed-961f-a4281bf85dca
time=2026-05-04T09:01:58.374+05:30 level=INFO msg=request method=GET path=/api/v1/outlets/151186/performance status=429 duration_ms=0 request_id=3f6414f5-3e59-47e2-a320-64753f51dad7
time=2026-05-04T09:01:58.374+05:30 level=INFO msg=request method=GET path=/api/v1/outlets/118012/performance status=429 duration_ms=0 request_id=c66f3181-fb72-4717-aa7d-281b26d6a58f
time=2026-05-04T09:01:58.374+05:30 level=INFO msg=request method=GET path=/api/v1/outlets/198868/performance status=429 duration_ms=0 request_id=6c0bd7d9-37ae-4d21-8933-729eba6675ae
time=2026-05-04T09:01:58.374+05:30 level=INFO msg=request method=GET path=/api/v1/outlets/118567/performance status=429 duration_ms=0 request_id=10def86e-d0f2-46be-a000-8a291e0a05fc
time=2026-05-04T09:01:58.374+05:30 level=INFO msg=request method=GET path=/api/v1/outlets/109251/performance status=429 duration_ms=0 request_id=ecf115c7-ec72-4e65-9a4e-58cae686d4b1
time=2026-05-04T09:01:58.374+05:30 level=INFO msg=request method=GET path=/api/v1/outlets/112402/performance status=429 duration_ms=0 request_id=49fe20d3-f456-426c-b4d0-97e7981238cd
time=2026-05-04T09:01:58.374+05:30 level=INFO msg=request method=GET path=/api/v1/outlets/168006/performance status=429 duration_ms=0 request_id=3994596a-3eb1-4ceb-aa3f-ccdff0a28e4f
time=2026-05-04T09:01:58.374+05:30 level=INFO msg=request method=GET path=/api/v1/outlets/112407/performance status=429 duration_ms=0 request_id=f4b172d4-c6e5-49e2-bbec-7472b8fc1759
time=2026-05-04T09:01:58.374+05:30 level=INFO msg=request method=GET path=/api/v1/outlets/148413/performance status=429 duration_ms=0 request_id=7f8a8219-675f-4a2a-a9c2-7b537e76c46e
time=2026-05-04T09:01:58.374+05:30 level=INFO msg=request method=GET path=/api/v1/outlets/112415/performance status=429 duration_ms=0 request_id=8f2bd72b-7540-48db-9c23-0c28d4eee30c
time=2026-05-04T09:01:58.374+05:30 level=INFO msg=request method=GET path=/api/v1/outlets/198751/performance status=429 duration_ms=0 request_id=d4da3b67-3806-4805-9111-46f4e69f9c33
time=2026-05-04T09:01:58.374+05:30 level=INFO msg=request method=GET path=/api/v1/outlets/108765/performance status=429 duration_ms=0 request_id=80941fec-3a64-4d87-b398-386ac7eb226b
time=2026-05-04T09:01:58.374+05:30 level=INFO msg=request method=GET path=/api/v1/outlets/118901/performance status=429 duration_ms=0 request_id=5a6b75f6-922d-46cf-9c30-1b919ccde086
time=2026-05-04T09:01:58.374+05:30 level=INFO msg=request method=GET path=/api/v1/outlets/112420/performance status=429 duration_ms=0 request_id=a60746b8-50be-4e0b-a485-caccc6387457
time=2026-05-04T09:01:58.375+05:30 level=INFO msg=request method=GET path=/api/v1/outlets/117890/performance status=429 duration_ms=0 request_id=e78e239e-7030-47d8-8a3b-e0b785f0aaeb
time=2026-05-04T09:01:58.375+05:30 level=INFO msg=request method=GET path=/api/v1/outlets/112446/performance status=429 duration_ms=0 request_id=6b83275b-fb07-4a45-bcd6-34fa4d67340e
time=2026-05-04T09:01:58.379+05:30 level=INFO msg=request method=GET path=/api/v1/outlets/136152/performance status=429 duration_ms=0 request_id=2e66d09c-8f1d-4a0e-b232-7a05b8258ec4
time=2026-05-04T09:01:58.379+05:30 level=INFO msg=request method=GET path=/api/v1/outlets/128472/performance status=429 duration_ms=0 request_id=90dc82a9-49c8-41d4-9d52-212235dd1cc7
time=2026-05-04T09:01:58.379+05:30 level=INFO msg=request method=GET path=/api/v1/outlets/112385/performance status=429 duration_ms=0 request_id=3a645e2e-2592-4fd4-bab8-f249239dbb1c
time=2026-05-04T09:01:58.379+05:30 level=INFO msg=request method=GET path=/api/v1/outlets/112389/performance status=429 duration_ms=0 request_id=24b4a656-7a64-47e6-95db-4df804c52e96
time=2026-05-04T09:01:58.379+05:30 level=INFO msg=request method=GET path=/api/v1/outlets/112384/performance status=429 duration_ms=0 request_id=9c60008a-9376-4f0a-8b15-d9f3489c9375
time=2026-05-04T09:01:58.379+05:30 level=INFO msg=request method=GET path=/api/v1/outlets/115634/performance status=429 duration_ms=0 request_id=a9d3123e-250f-43a3-a607-0307dd494219
time=2026-05-04T09:01:58.379+05:30 level=INFO msg=request method=GET path=/api/v1/outlets/112395/performance status=429 duration_ms=0 request_id=3085e898-fe92-42a9-9a9a-002062b2b043
time=2026-05-04T09:01:58.379+05:30 level=INFO msg=request method=GET path=/api/v1/outlets/123784/performance status=429 duration_ms=0 request_id=ad4fd7a6-8ad9-4b2c-9135-824c291ea615
time=2026-05-04T09:01:58.379+05:30 level=INFO msg=request method=GET path=/api/v1/outlets/116456/performance status=429 duration_ms=0 request_id=45612361-e824-431a-99a8-de2b7e679a2e
time=2026-05-04T09:01:58.379+05:30 level=INFO msg=request method=GET path=/api/v1/outlets/119012/performance status=429 duration_ms=0 request_id=8c73365a-ada5-458a-b157-5b11e4107d14
time=2026-05-04T09:01:58.379+05:30 level=INFO msg=request method=GET path=/api/v1/outlets/149238/performance status=429 duration_ms=0 request_id=019d1206-4ee7-4b5e-b616-df2c220cb9a0
time=2026-05-04T09:01:58.379+05:30 level=INFO msg=request method=GET path=/api/v1/outlets/147286/performance status=429 duration_ms=0 request_id=8a01ddb0-82a3-49dc-ab42-72abc228060e
time=2026-05-04T09:01:58.379+05:30 level=INFO msg=request method=GET path=/api/v1/outlets/112411/performance status=429 duration_ms=0 request_id=f64666f1-5060-45a9-9cd6-3e80fb1cd2b3
time=2026-05-04T09:01:58.379+05:30 level=INFO msg=request method=GET path=/api/v1/outlets/112403/performance status=429 duration_ms=0 request_id=c5f292ac-2d37-418d-9e7c-57ce2b136c7a
time=2026-05-04T09:01:58.380+05:30 level=INFO msg=request method=GET path=/api/v1/outlets/112412/performance status=429 duration_ms=0 request_id=e4a91c1a-8bbe-4eeb-a2c2-bc1e6e340b29
time=2026-05-04T09:01:58.380+05:30 level=INFO msg=request method=GET path=/api/v1/outlets/167171/performance status=429 duration_ms=0 request_id=01157e3a-f17e-4845-b099-67997a9fbd8a
time=2026-05-04T09:01:58.380+05:30 level=INFO msg=request method=GET path=/api/v1/outlets/115789/performance status=429 duration_ms=0 request_id=609bfd81-93d4-48c9-855f-4fd3dbefc7e3
time=2026-05-04T09:01:58.380+05:30 level=INFO msg=request method=GET path=/api/v1/outlets/112416/performance status=429 duration_ms=0 request_id=aa1c6e72-0e5e-4442-991d-d90e97f22ff9
time=2026-05-04T09:01:58.380+05:30 level=INFO msg=request method=GET path=/api/v1/outlets/112418/performance status=429 duration_ms=0 request_id=9e13ded7-3e30-4b44-a8ee-fe17301ed8f9
time=2026-05-04T09:01:58.380+05:30 level=INFO msg=request method=GET path=/api/v1/outlets/112419/performance status=429 duration_ms=0 request_id=26b26e04-7b08-481b-8498-87a8bb4a7fa9
time=2026-05-04T09:01:58.380+05:30 level=INFO msg=request method=GET path=/api/v1/outlets/112422/performance status=429 duration_ms=0 request_id=59c5882a-7cf8-47fe-8624-fe1397edad73
time=2026-05-04T09:01:58.380+05:30 level=INFO msg=request method=GET path=/api/v1/outlets/112424/performance status=429 duration_ms=0 request_id=f4f853e3-dd52-405e-9ef8-d465d24f6e2c
time=2026-05-04T09:01:58.380+05:30 level=INFO msg=request method=GET path=/api/v1/outlets/115012/performance status=429 duration_ms=0 request_id=1d0b30d6-3786-4252-97b8-cfca0980816a
time=2026-05-04T09:01:58.380+05:30 level=INFO msg=request method=GET path=/api/v1/outlets/112425/performance status=429 duration_ms=0 request_id=f30cc1a1-6a01-40ba-b0ac-2911d3c1baf8
time=2026-05-04T09:01:58.380+05:30 level=INFO msg=request method=GET path=/api/v1/outlets/112428/performance status=429 duration_ms=0 request_id=2fbe362c-b03c-4a4d-9c47-832041b8f50b
time=2026-05-04T09:01:58.380+05:30 level=INFO msg=request method=GET path=/api/v1/outlets/112437/performance status=429 duration_ms=0 request_id=2dc33fe5-a8a1-4454-a55b-34db63c1ecc6
time=2026-05-04T09:01:58.380+05:30 level=INFO msg=request method=GET path=/api/v1/outlets/114678/performance status=429 duration_ms=0 request_id=40f0d497-2202-4830-9382-bac4f25d8ea9
time=2026-05-04T09:01:58.381+05:30 level=INFO msg=request method=GET path=/api/v1/outlets/112440/performance status=429 duration_ms=0 request_id=3bb5ae55-72dc-49b1-a8ee-1d4fa0be3792
time=2026-05-04T09:01:58.381+05:30 level=INFO msg=request method=GET path=/api/v1/outlets/112443/performance status=429 duration_ms=0 request_id=19b3961a-9cf7-438b-a231-69423d38c485
time=2026-05-04T09:01:58.381+05:30 level=INFO msg=request method=GET path=/api/v1/outlets/112442/performance status=429 duration_ms=0 request_id=2c26aec0-deac-463f-b491-5acd6b0868eb
time=2026-05-04T09:01:58.381+05:30 level=INFO msg=request method=GET path=/api/v1/outlets/112439/performance status=429 duration_ms=0 request_id=f58d291f-d524-4582-a3bd-cc11b777d520
time=2026-05-04T09:01:58.381+05:30 level=INFO msg=request method=GET path=/api/v1/outlets/111789/performance status=429 duration_ms=0 request_id=533f1b6b-e7b5-4473-8141-c9e6cb6701a5
time=2026-05-04T09:01:58.381+05:30 level=INFO msg=request method=GET path=/api/v1/outlets/114521/performance status=429 duration_ms=0 request_id=d3155a51-39e0-487f-9984-0f618590e8d7
time=2026-05-04T09:01:58.381+05:30 level=INFO msg=request method=GET path=/api/v1/outlets/163708/performance status=429 duration_ms=0 request_id=f16c4a1a-be02-4fa0-821e-4235db45e1b4
time=2026-05-04T09:01:58.381+05:30 level=INFO msg=request method=GET path=/api/v1/outlets/112455/performance status=429 duration_ms=0 request_id=6f58a41a-3c76-4e95-b938-36c5c756d894
time=2026-05-04T09:01:58.381+05:30 level=INFO msg=request method=GET path=/api/v1/outlets/117234/performance status=429 duration_ms=0 request_id=afa4080c-5fd5-4d8d-8dbe-ec46ffaf1759
time=2026-05-04T09:01:58.381+05:30 level=INFO msg=request method=GET path=/api/v1/outlets/112461/performance status=429 duration_ms=0 request_id=8f21daf1-0165-49cd-aabf-6dcf7eeccb06
time=2026-05-04T09:01:58.381+05:30 level=INFO msg=request method=GET path=/api/v1/outlets/112459/performance status=429 duration_ms=0 request_id=c668dc51-6c16-477d-99a7-f1db2e157497
time=2026-05-04T09:01:58.381+05:30 level=INFO msg=request method=GET path=/api/v1/outlets/112466/performance status=429 duration_ms=0 request_id=32feea40-4f05-47cc-b0fe-0fcdb7a8e20e
time=2026-05-04T09:01:58.381+05:30 level=INFO msg=request method=GET path=/api/v1/outlets/112404/performance status=429 duration_ms=0 request_id=4c60448e-8db5-4f3f-b28e-a6782d51f004
time=2026-05-04T09:01:58.381+05:30 level=INFO msg=request method=GET path=/api/v1/outlets/110567/performance status=429 duration_ms=0 request_id=77d8ac6c-1670-463d-80e5-cbbe59b0ec21
time=2026-05-04T09:01:58.381+05:30 level=INFO msg=request method=GET path=/api/v1/outlets/112435/performance status=429 duration_ms=0 request_id=365a338c-379c-43a8-b5c7-666d8002db2c
time=2026-05-04T09:01:58.381+05:30 level=INFO msg=request method=GET path=/api/v1/outlets/116890/performance status=429 duration_ms=0 request_id=be0dba02-4aec-4f14-8950-27312d40d93c
time=2026-05-04T09:01:58.381+05:30 level=INFO msg=request method=GET path=/api/v1/outlets/112427/performance status=429 duration_ms=0 request_id=f580127c-bc1d-4260-82a1-0920b5022152
time=2026-05-04T09:01:58.381+05:30 level=INFO msg=request method=GET path=/api/v1/outlets/116789/performance status=429 duration_ms=0 request_id=f9244e16-7ad5-464e-8464-9110d5ad1618
time=2026-05-04T09:01:58.381+05:30 level=INFO msg=request method=GET path=/api/v1/outlets/116123/performance status=429 duration_ms=0 request_id=a82c5ab7-decb-4f31-bc07-463475fd97c9
time=2026-05-04T09:01:58.381+05:30 level=INFO msg=request method=GET path=/api/v1/outlets/163741/performance status=429 duration_ms=0 request_id=88f1d35b-2ab4-4a62-9c1d-c379dc54c576
time=2026-05-04T09:01:58.381+05:30 level=INFO msg=request method=GET path=/api/v1/outlets/256507/performance status=429 duration_ms=0 request_id=3892273d-150b-4c9f-b32a-168688050384
time=2026-05-04T09:01:58.381+05:30 level=INFO msg=request method=GET path=/api/v1/outlets/112408/performance status=429 duration_ms=0 request_id=a4cfd251-4f7e-4c5b-ae69-f07040494c54
time=2026-05-04T09:01:58.381+05:30 level=INFO msg=request method=GET path=/api/v1/outlets/112410/performance status=429 duration_ms=0 request_id=e5cd7c2c-fa05-4067-8233-5afe0862e8d9
time=2026-05-04T09:01:58.381+05:30 level=INFO msg=request method=GET path=/api/v1/outlets/144348/performance status=429 duration_ms=0 request_id=7b8d362e-f3c8-4d64-8e2b-29256cc639a9
time=2026-05-04T09:01:58.381+05:30 level=INFO msg=request method=GET path=/api/v1/outlets/147087/performance status=429 duration_ms=0 request_id=57e00fc3-0825-4079-84b4-86af0fcefe1c
time=2026-05-04T09:01:58.381+05:30 level=INFO msg=request method=GET path=/api/v1/outlets/113782/performance status=429 duration_ms=0 request_id=d000bd07-9581-40f8-bd7f-23ea08ac46c5
time=2026-05-04T09:01:58.381+05:30 level=INFO msg=request method=GET path=/api/v1/outlets/146411/performance status=429 duration_ms=0 request_id=0b7955e8-9b31-41c2-9527-7c8ecb060db9
time=2026-05-04T09:01:58.381+05:30 level=INFO msg=request method=GET path=/api/v1/outlets/112451/performance status=429 duration_ms=0 request_id=794aadf4-85d2-4763-82f8-55da16a636a8
time=2026-05-04T09:01:58.381+05:30 level=INFO msg=request method=GET path=/api/v1/outlets/149412/performance status=429 duration_ms=0 request_id=7d9d3dd7-0195-461e-a70f-5257e64e0447
time=2026-05-04T09:01:58.381+05:30 level=INFO msg=request method=GET path=/api/v1/outlets/119456/performance status=429 duration_ms=0 request_id=a87ef990-b285-49f5-b945-806048895f7b
time=2026-05-04T09:01:58.612+05:30 level=INFO msg=request method=POST path=/api/v1/auth/login status=429 duration_ms=0 request_id=c8c67f1d-3c71-4e68-b855-6832099be390
time=2026-05-04T09:02:00.692+05:30 level=INFO msg=request method=POST path=/api/v1/auth/login status=200 duration_ms=72 request_id=c0aafea9-4e1a-40f4-a366-2a757b611bdc
time=2026-05-04T09:02:00.699+05:30 level=INFO msg=request method=GET path=/api/v1/territory/outlets status=200 duration_ms=5 request_id=c7120c58-7296-44e3-bdd2-624e27cca5ca
time=2026-05-04T09:02:00.708+05:30 level=INFO msg=request method=GET path=/api/v1/outlets/112386/performance status=200 duration_ms=1 request_id=bdfd4e0e-14db-4c83-979e-f10f9d31f78f
time=2026-05-04T09:02:00.986+05:30 level=INFO msg=request method=POST path=/api/v1/auth/login status=200 duration_ms=48 request_id=2d84ebb9-9a9e-4b9b-b7f5-b07b7a236a19
time=2026-05-04T09:02:00.990+05:30 level=INFO msg=request method=GET path=/api/v1/territory/outlets status=429 duration_ms=0 request_id=89a58248-1a4a-4bb7-84c9-fa247137593f
time=2026-05-04T09:02:00.999+05:30 level=INFO msg=request method=GET path=/api/v1/competition/leaderboard status=429 duration_ms=0 request_id=51232f0c-da78-4e1d-bc1e-9a23209ac91b
time=2026-05-04T09:02:01.236+05:30 level=INFO msg=request method=POST path=/api/v1/auth/login status=429 duration_ms=0 request_id=f898d5d5-a397-4f85-9c30-f728f69912bd
time=2026-05-04T09:02:03.317+05:30 level=INFO msg=request method=POST path=/api/v1/auth/login status=200 duration_ms=73 request_id=e7b35368-d44d-4133-880f-db28243d619a
time=2026-05-04T09:02:03.324+05:30 level=INFO msg=request method=GET path=/api/v1/territory/outlets status=200 duration_ms=5 request_id=df03147a-7178-421f-9c92-5544f184edc5
time=2026-05-04T09:02:03.334+05:30 level=INFO msg=request method=GET path=/api/v1/competition/leaderboard status=200 duration_ms=2 request_id=75908431-ca96-45d6-8c3f-28bed9a58ab2
time=2026-05-04T09:02:03.615+05:30 level=INFO msg=request method=POST path=/api/v1/auth/login status=200 duration_ms=48 request_id=c2847051-d0da-4e8f-8c35-9c30d8841f8f
time=2026-05-04T09:02:03.624+05:30 level=INFO msg=request method=POST path=/api/v1/auth/login status=429 duration_ms=0 request_id=9b3cc1a4-9c79-42cd-b8fa-b3f0e77340ba
time=2026-05-04T09:02:03.924+05:30 level=INFO msg=request method=POST path=/api/v1/auth/login status=200 duration_ms=48 request_id=68aa1f23-e52d-4835-a1c0-2beb4c54f73e
time=2026-05-04T09:02:03.933+05:30 level=INFO msg=request method=POST path=/api/v1/auth/login status=429 duration_ms=0 request_id=e4d9ae5c-3075-4603-acc3-51449fa6b7dc
time=2026-05-04T09:02:04.186+05:30 level=INFO msg=request method=POST path=/api/v1/auth/login status=429 duration_ms=0 request_id=c6101ca1-87a8-4903-8c10-29ff7cf3d147
time=2026-05-04T09:02:06.262+05:30 level=INFO msg=request method=POST path=/api/v1/auth/login status=200 duration_ms=69 request_id=8e6ad680-77d6-4d2c-8f87-715006d196f8
time=2026-05-04T09:02:06.317+05:30 level=INFO msg=request method=POST path=/api/v1/auth/login status=401 duration_ms=46 request_id=47527425-b6ca-42ae-ac70-c80be4be5201
time=2026-05-04T09:02:06.323+05:30 level=INFO msg=request method=GET path=/api/v1/auth/me status=200 duration_ms=0 request_id=99ede123-f270-4ad2-99cb-087b3f6b3455
time=2026-05-04T09:02:06.330+05:30 level=INFO msg=request method=GET path=/api/v1/auth/me status=401 duration_ms=0 request_id=2b718db5-e291-4544-9d8e-66075fb53db2
time=2026-05-04T09:02:06.334+05:30 level=INFO msg=request method=GET path=/api/v1/outlets/112847 status=429 duration_ms=0 request_id=ed57dc48-950a-4628-9565-0fb981e05e8d
time=2026-05-04T09:02:06.564+05:30 level=INFO msg=request method=POST path=/api/v1/auth/login status=429 duration_ms=0 request_id=bbbd6bb8-d0e7-44c7-91b1-0e1d597f8bb2
time=2026-05-04T09:02:08.643+05:30 level=INFO msg=request method=POST path=/api/v1/auth/login status=200 duration_ms=72 request_id=6e043395-d367-43ca-8449-257aa6eb2f9b
time=2026-05-04T09:02:08.652+05:30 level=INFO msg=request method=GET path=/api/v1/outlets/112847 status=200 duration_ms=1 request_id=57672e90-ae56-4091-b45d-8cc04022cc45
time=2026-05-04T09:02:08.660+05:30 level=INFO msg=request method=GET path=/api/v1/outlets/999999 status=404 duration_ms=0 request_id=4ad402d9-4b1f-4a73-a79d-fcccc533f2c9
time=2026-05-04T09:02:08.668+05:30 level=INFO msg=request method=GET path=/api/v1/outlets/112847/performance status=200 duration_ms=1 request_id=1af2ce11-8eed-434c-a422-f9ad5ae5b873
time=2026-05-04T09:02:08.675+05:30 level=INFO msg=request method=GET path=/api/v1/outlets/112847/performance status=429 duration_ms=0 request_id=8b397c83-7b66-4e91-96dc-926ddb9ec5f2
time=2026-05-04T09:02:08.904+05:30 level=INFO msg=request method=POST path=/api/v1/auth/login status=429 duration_ms=0 request_id=ceaf1398-ab58-43cb-91a9-30b3e04ac3f6
time=2026-05-04T09:02:10.986+05:30 level=INFO msg=request method=POST path=/api/v1/auth/login status=200 duration_ms=73 request_id=0c446392-4937-4b69-b8ff-18ea36c312bd
time=2026-05-04T09:02:10.995+05:30 level=INFO msg=request method=GET path=/api/v1/outlets/112847/performance status=200 duration_ms=2 request_id=57052b3d-a415-4f73-91a2-fe0a2c5e5f42
time=2026-05-04T09:02:11.003+05:30 level=INFO msg=request method=GET path=/api/v1/outlets/112847/performance status=200 duration_ms=1 request_id=5d821f47-297f-4d31-8f95-faa5c1d20790
time=2026-05-04T09:02:11.012+05:30 level=INFO msg=request method=GET path=/api/v1/outlets/112847/performance status=200 duration_ms=1 request_id=ec8a5adc-a97d-4061-bf60-aec0838a285d
time=2026-05-04T09:02:11.017+05:30 level=INFO msg=request method=GET path=/api/v1/outlets/112847/analysis status=429 duration_ms=0 request_id=3ad6e668-ef46-4b5a-9c52-22f4fb962ad7
time=2026-05-04T09:02:11.248+05:30 level=INFO msg=request method=POST path=/api/v1/auth/login status=429 duration_ms=0 request_id=f3e70d60-3245-4502-859e-1521480cc583
time=2026-05-04T09:02:13.331+05:30 level=INFO msg=request method=POST path=/api/v1/auth/login status=200 duration_ms=73 request_id=b45040fc-0642-48db-ace2-f009676265cd
time=2026-05-04T09:02:13.342+05:30 level=INFO msg=request method=GET path=/api/v1/outlets/112847/analysis status=200 duration_ms=3 request_id=a860a81c-5d1e-401f-92e4-9019f0fb6fcd
time=2026-05-04T09:02:13.351+05:30 level=INFO msg=request method=GET path=/api/v1/outlets/112847/trend status=200 duration_ms=2 request_id=16773b12-34b7-4442-a9ab-516912cbe447
time=2026-05-04T09:02:13.630+05:30 level=INFO msg=request method=POST path=/api/v1/auth/login status=200 duration_ms=48 request_id=48c91d12-71fe-4319-9128-51047e7ede6d
time=2026-05-04T09:02:13.639+05:30 level=INFO msg=request method=GET path=/api/v1/outlets/112847/trend status=429 duration_ms=0 request_id=8cad6bbe-d925-481a-9d51-e71771e3b3ed
time=2026-05-04T09:02:13.889+05:30 level=INFO msg=request method=POST path=/api/v1/auth/login status=429 duration_ms=0 request_id=53e37897-4274-459f-ab82-47942c03725b
time=2026-05-04T09:02:15.969+05:30 level=INFO msg=request method=POST path=/api/v1/auth/login status=200 duration_ms=72 request_id=fc868452-5156-4387-a749-248a04f36bef
time=2026-05-04T09:02:15.979+05:30 level=INFO msg=request method=GET path=/api/v1/outlets/112847/targets status=200 duration_ms=1 request_id=adba0198-67b0-4a33-84be-fec2a5e89a99
time=2026-05-04T09:02:16.035+05:30 level=INFO msg=request method=POST path=/api/v1/auth/login status=200 duration_ms=48 request_id=89a9d6df-4bdc-45e5-868e-9ac642bd22bb
time=2026-05-04T09:02:16.036+05:30 level=INFO msg=request method=PUT path=/api/v1/outlets/112847/targets status=422 duration_ms=0 request_id=e9a5f18a-8989-4043-8ddf-80eee15f95b8
time=2026-05-04T09:02:16.267+05:30 level=INFO msg=request method=POST path=/api/v1/auth/login status=429 duration_ms=0 request_id=3baae025-b7d0-47aa-a671-5d8ea32f5142
time=2026-05-04T09:02:18.348+05:30 level=INFO msg=request method=POST path=/api/v1/auth/login status=200 duration_ms=73 request_id=b730fec3-938e-42be-be73-adadc67e1d9f
time=2026-05-04T09:02:18.406+05:30 level=INFO msg=request method=POST path=/api/v1/auth/login status=200 duration_ms=49 request_id=13d6973d-3fe6-4a81-90ee-c1d8c858c954
time=2026-05-04T09:02:18.407+05:30 level=INFO msg=request method=PUT path=/api/v1/outlets/112847/targets status=422 duration_ms=0 request_id=626b1a5b-2f3f-44bd-9185-17cea3592167
time=2026-05-04T09:02:18.684+05:30 level=INFO msg=request method=POST path=/api/v1/auth/login status=200 duration_ms=48 request_id=a05268da-5ea1-40a1-8de4-76819e88aaa8
time=2026-05-04T09:02:18.693+05:30 level=INFO msg=request method=GET path=/api/v1/competition/leaderboard status=429 duration_ms=0 request_id=82b89053-01a5-44fc-a035-594346b1e57d
time=2026-05-04T09:02:18.991+05:30 level=INFO msg=request method=POST path=/api/v1/auth/login status=200 duration_ms=47 request_id=5ccad34c-9405-4628-92b2-9f6acd514eec
time=2026-05-04T09:02:19.000+05:30 level=INFO msg=request method=GET path=/api/v1/competition/leaderboard status=429 duration_ms=0 request_id=76a0e6e5-c5a7-4a52-b172-abe928a0e3a7
time=2026-05-04T09:02:19.253+05:30 level=INFO msg=request method=POST path=/api/v1/auth/login status=429 duration_ms=0 request_id=c2a2d923-b532-4db3-b621-1950a612b892
time=2026-05-04T09:02:21.332+05:30 level=INFO msg=request method=POST path=/api/v1/auth/login status=200 duration_ms=70 request_id=7a373ca6-5c46-458a-b64a-a63368b0b1f4
time=2026-05-04T09:02:21.343+05:30 level=INFO msg=request method=GET path=/api/v1/competition/leaderboard status=200 duration_ms=1 request_id=36567700-3430-4431-9c91-82fd1efef7a1
time=2026-05-04T09:02:21.352+05:30 level=INFO msg=request method=GET path=/api/v1/competition/leaderboard status=200 duration_ms=1 request_id=0add2033-7bc4-4df5-9934-b094285bde27
time=2026-05-04T09:02:21.411+05:30 level=INFO msg=request method=POST path=/api/v1/auth/login status=200 duration_ms=50 request_id=71239714-a9e9-4221-84e5-36b8df5c8df1
time=2026-05-04T09:02:21.412+05:30 level=INFO msg=request method=GET path=/api/v1/territory/outlets status=429 duration_ms=0 request_id=3f38fae2-3520-44aa-b8d3-71849b0453c0
time=2026-05-04T09:02:21.642+05:30 level=INFO msg=request method=POST path=/api/v1/auth/login status=429 duration_ms=0 request_id=63917f6c-8b9b-4a8f-ab18-ce04e63d6e87
time=2026-05-04T09:02:23.719+05:30 level=INFO msg=request method=POST path=/api/v1/auth/login status=200 duration_ms=69 request_id=4b2d447e-6598-4105-ae09-102f98e2524c
time=2026-05-04T09:02:23.777+05:30 level=INFO msg=request method=POST path=/api/v1/auth/login status=200 duration_ms=49 request_id=f9cc999e-8ee1-472c-b3cb-c1c525cb13cf
time=2026-05-04T09:02:23.780+05:30 level=INFO msg=request method=GET path=/api/v1/territory/outlets status=200 duration_ms=2 request_id=918346a9-9017-4793-ac70-6c2a38b56d4a
time=2026-05-04T09:02:23.834+05:30 level=INFO msg=request method=POST path=/api/v1/auth/login status=200 duration_ms=47 request_id=12e78e27-f034-4eef-b8f9-3e8f76507466
time=2026-05-04T09:02:23.835+05:30 level=INFO msg=request method=GET path=/api/v1/territory/outlets status=429 duration_ms=0 request_id=4e06cf95-feda-498e-8708-a982144087f9
time=2026-05-04T09:02:24.068+05:30 level=INFO msg=request method=POST path=/api/v1/auth/login status=429 duration_ms=0 request_id=534c074f-c0aa-4a60-9241-3701b47c5375
time=2026-05-04T09:02:26.147+05:30 level=INFO msg=request method=POST path=/api/v1/auth/login status=200 duration_ms=71 request_id=9ca859c2-0ce3-439f-a899-cc13ae43791e
time=2026-05-04T09:02:26.204+05:30 level=INFO msg=request method=POST path=/api/v1/auth/login status=200 duration_ms=48 request_id=14130d79-2a8f-4ded-885f-5aacefbab2f0
time=2026-05-04T09:02:26.205+05:30 level=INFO msg=request method=GET path=/api/v1/territory/outlets status=403 duration_ms=0 request_id=0527660c-535a-4ed3-9cbd-c2bd49beaa78
time=2026-05-04T09:02:26.213+05:30 level=INFO msg=request method=GET path=/api/v1/admin/users status=200 duration_ms=2 request_id=f3d0d0af-c432-41e6-87d4-be8a8cafb8fd
time=2026-05-04T09:02:26.222+05:30 level=INFO msg=request method=GET path=/api/v1/admin/users status=429 duration_ms=0 request_id=34eb1adf-f0e8-4272-84b9-3419561b735e
time=2026-05-04T09:02:26.454+05:30 level=INFO msg=request method=POST path=/api/v1/auth/login status=429 duration_ms=0 request_id=82764acb-7432-45e8-8e70-4f3b7b32ff2c
time=2026-05-04T09:02:28.534+05:30 level=INFO msg=request method=POST path=/api/v1/auth/login status=200 duration_ms=72 request_id=587cecf3-bc9b-4e8d-97a3-a5dfdb730e9c
time=2026-05-04T09:02:28.591+05:30 level=INFO msg=request method=POST path=/api/v1/auth/login status=200 duration_ms=48 request_id=46ec38ec-a1ec-4ed4-893e-2a8592a5f073
time=2026-05-04T09:02:28.592+05:30 level=INFO msg=request method=GET path=/api/v1/admin/users status=403 duration_ms=0 request_id=79213959-fbda-4db4-9b77-d689fffb2112
time=2026-05-04T09:02:28.602+05:30 level=INFO msg=request method=GET path=/api/v1/competition/c0000000-0001-0001-0001-000000000001/market-share-status status=200 duration_ms=4 request_id=9bed6f0d-a674-46af-bf62-c78048dd642a
time=2026-05-04T09:02:28.608+05:30 level=INFO msg=request method=GET path=/health status=429 duration_ms=0 request_id=1f19dd39-538d-4fa8-956b-b5f77fd518ff
time=2026-05-04T09:02:29.407+05:30 level=INFO msg=request method=OPTIONS path=/api/v1/auth/login status=204 duration_ms=0 request_id=0dfde4f4-e150-445a-b0fc-a34a344c1a62
time=2026-05-04T09:02:29.461+05:30 level=INFO msg=request method=POST path=/api/v1/auth/login status=200 duration_ms=53 request_id=c219a4dc-fb0e-479e-8877-1c04c95b212b
time=2026-05-04T09:02:33.206+05:30 level=INFO msg=request method=OPTIONS path=/api/v1/auth/login status=204 duration_ms=0 request_id=2314f45a-a48f-4b86-bfc7-a83a8cb74bb5
time=2026-05-04T09:02:33.257+05:30 level=INFO msg=request method=POST path=/api/v1/auth/login status=401 duration_ms=50 request_id=5015f9f7-99a1-4655-b2c2-b6ed43b95c8a
time=2026-05-04T09:02:36.306+05:30 level=INFO msg=request method=OPTIONS path=/api/v1/auth/login status=204 duration_ms=0 request_id=63493459-9c52-4b68-a633-0fc5500acc20
time=2026-05-04T09:02:36.357+05:30 level=INFO msg=request method=POST path=/api/v1/auth/login status=401 duration_ms=50 request_id=2f6700c5-4e22-49c0-bf0b-f236d1ccfa91
time=2026-05-04T09:02:39.424+05:30 level=INFO msg=request method=OPTIONS path=/api/v1/auth/login status=204 duration_ms=0 request_id=3916b3d6-23c5-4086-be5a-d6436bded425
time=2026-05-04T09:02:39.478+05:30 level=INFO msg=request method=POST path=/api/v1/auth/login status=200 duration_ms=54 request_id=761e8238-e5ab-4a95-a9e4-d5e21e465877
time=2026-05-04T09:02:43.239+05:30 level=INFO msg=request method=OPTIONS path=/api/v1/auth/login status=204 duration_ms=0 request_id=ec6b4b7e-22aa-4113-9f95-321abd52ce0b
time=2026-05-04T09:02:43.294+05:30 level=INFO msg=request method=POST path=/api/v1/auth/login status=200 duration_ms=54 request_id=dd8ed942-18d5-48fa-860e-deae4c54c429
time=2026-05-04T09:02:49.390+05:30 level=INFO msg=request method=OPTIONS path=/api/v1/auth/login status=204 duration_ms=0 request_id=fc9fa120-e66d-42cc-bd35-55a96295439f
time=2026-05-04T09:02:49.443+05:30 level=INFO msg=request method=POST path=/api/v1/auth/login status=200 duration_ms=52 request_id=3f83c6c8-e942-4b26-8daa-1aae547fbb07
time=2026-05-04T09:02:54.809+05:30 level=INFO msg=request method=POST path=/api/v1/auth/login status=200 duration_ms=48 request_id=66d4a1f3-b97f-4bb0-b9ed-ad0e0bf2d194
time=2026-05-04T09:02:54.816+05:30 level=INFO msg=request method=GET path=/api/v1/competition/leaderboard status=200 duration_ms=3 request_id=81e071fa-5ef8-47f5-b61e-f6f3329ea3ae
time=2026-05-04T09:02:54.827+05:30 level=INFO msg=request method=GET path=/api/v1/competition/leaderboard status=200 duration_ms=2 request_id=a122ea74-1f41-4bc9-8f2c-93b3d2d467c3
time=2026-05-04T09:02:55.607+05:30 level=INFO msg=request method=OPTIONS path=/api/v1/auth/login status=204 duration_ms=0 request_id=c3ea7582-6290-4289-9011-9a8b3ed6a4bc
time=2026-05-04T09:02:55.658+05:30 level=INFO msg=request method=POST path=/api/v1/auth/login status=200 duration_ms=51 request_id=d351e40a-c32e-498d-bcc7-09e3b091a347
time=2026-05-04T09:02:58.657+05:30 level=INFO msg=request method=OPTIONS path=/api/v1/outlets/112847 status=204 duration_ms=0 request_id=8ce7be7b-8d3b-493d-b635-7401b257098f
time=2026-05-04T09:02:58.657+05:30 level=INFO msg=request method=OPTIONS path=/api/v1/outlets/112847/performance status=204 duration_ms=0 request_id=3dfb32f4-f255-4262-b2d9-b5069de36cca
time=2026-05-04T09:02:58.659+05:30 level=INFO msg=request method=GET path=/api/v1/outlets/112847/performance status=200 duration_ms=1 request_id=e96c0251-06f7-4e0e-a6e7-0ecc284a4e01
time=2026-05-04T09:02:58.659+05:30 level=INFO msg=request method=GET path=/api/v1/outlets/112847 status=200 duration_ms=2 request_id=4e406dcc-1953-4427-9d28-aca2521a0aa2
time=2026-05-04T09:02:58.671+05:30 level=INFO msg=request method=OPTIONS path=/api/v1/outlets/112847/targets status=204 duration_ms=0 request_id=982d7551-9a3a-4d35-80d0-21cd9cc9ac89
time=2026-05-04T09:02:58.672+05:30 level=INFO msg=request method=GET path=/api/v1/outlets/112847/targets status=200 duration_ms=1 request_id=e042454d-ab21-42f9-acaf-19131eafa104
time=2026-05-04T09:02:58.673+05:30 level=INFO msg=request method=OPTIONS path=/api/v1/outlets/112847/analysis status=204 duration_ms=0 request_id=b0bb20cd-7ea8-4ff7-81c2-060f0b39a1f4
time=2026-05-04T09:02:58.673+05:30 level=INFO msg=request method=OPTIONS path=/api/v1/competition/leaderboard status=204 duration_ms=0 request_id=2a9fac76-6158-4881-baa2-4c43af365e33
time=2026-05-04T09:02:58.674+05:30 level=INFO msg=request method=OPTIONS path=/api/v1/competition/c0000000-0001-0001-0001-000000000001/market-share-status status=204 duration_ms=0 request_id=12e71de9-3220-463d-b4c3-c5c467b06830
time=2026-05-04T09:02:58.675+05:30 level=INFO msg=request method=GET path=/api/v1/outlets/112847/analysis status=200 duration_ms=1 request_id=ae7fe42c-89b6-4943-8c60-9952a7237809
time=2026-05-04T09:02:58.676+05:30 level=INFO msg=request method=GET path=/api/v1/competition/c0000000-0001-0001-0001-000000000001/market-share-status status=200 duration_ms=1 request_id=36709058-1f66-43f2-a598-c6bd4c929a95
time=2026-05-04T09:02:58.676+05:30 level=INFO msg=request method=GET path=/api/v1/competition/leaderboard status=200 duration_ms=2 request_id=d1e483e9-1dd2-4a0f-96a0-978d27dd0165
time=2026-05-04T09:03:02.456+05:30 level=INFO msg=request method=OPTIONS path=/api/v1/auth/login status=204 duration_ms=0 request_id=ea49b87f-cf6b-4d8a-a207-7d55256af6d5
time=2026-05-04T09:03:02.509+05:30 level=INFO msg=request method=POST path=/api/v1/auth/login status=200 duration_ms=52 request_id=fe250331-661d-45b8-85b1-ce1425a7bdd4
time=2026-05-04T09:03:05.507+05:30 level=INFO msg=request method=OPTIONS path=/api/v1/outlets/112847 status=204 duration_ms=0 request_id=1e12ded1-977c-4026-8a74-a949c02ea5d8
time=2026-05-04T09:03:05.507+05:30 level=INFO msg=request method=OPTIONS path=/api/v1/outlets/112847/performance status=204 duration_ms=0 request_id=6d1521b8-a8a7-4290-89f1-1ac983324f69
time=2026-05-04T09:03:05.509+05:30 level=INFO msg=request method=GET path=/api/v1/outlets/112847/performance status=200 duration_ms=1 request_id=54d73633-a5a0-4c25-b1c8-f540f3a3063d
time=2026-05-04T09:03:05.509+05:30 level=INFO msg=request method=GET path=/api/v1/outlets/112847 status=200 duration_ms=2 request_id=797dcdd4-e8c7-4031-891b-a775a926d169
time=2026-05-04T09:03:05.521+05:30 level=INFO msg=request method=OPTIONS path=/api/v1/outlets/112847/targets status=204 duration_ms=0 request_id=9dc9ce9a-95f0-466e-ac3c-1056372ad7c0
time=2026-05-04T09:03:05.522+05:30 level=INFO msg=request method=GET path=/api/v1/outlets/112847/targets status=200 duration_ms=1 request_id=2257b826-426a-4783-bf49-cd052e22e3fa
time=2026-05-04T09:03:05.523+05:30 level=INFO msg=request method=OPTIONS path=/api/v1/outlets/112847/analysis status=204 duration_ms=0 request_id=344ac292-6a86-4618-a45f-afde5f05d407
time=2026-05-04T09:03:05.523+05:30 level=INFO msg=request method=OPTIONS path=/api/v1/competition/leaderboard status=204 duration_ms=0 request_id=bc3a5f37-2a60-44b0-9559-967f86ac525a
time=2026-05-04T09:03:05.524+05:30 level=INFO msg=request method=OPTIONS path=/api/v1/competition/c0000000-0001-0001-0001-000000000001/market-share-status status=204 duration_ms=0 request_id=e6cb474d-aa7c-4940-aa06-6b2f9324b90a
time=2026-05-04T09:03:05.526+05:30 level=INFO msg=request method=GET path=/api/v1/outlets/112847/analysis status=200 duration_ms=1 request_id=aff954ac-812f-4990-abed-c0c8d09cf265
time=2026-05-04T09:03:05.526+05:30 level=INFO msg=request method=GET path=/api/v1/competition/leaderboard status=200 duration_ms=2 request_id=6e100633-46ff-4299-ba05-2f6ffe1732fa
time=2026-05-04T09:03:05.527+05:30 level=INFO msg=request method=GET path=/api/v1/competition/c0000000-0001-0001-0001-000000000001/market-share-status status=200 duration_ms=2 request_id=072f3b0b-b971-4889-8c32-ff94d5db7e3f
time=2026-05-04T09:03:09.323+05:30 level=INFO msg=request method=OPTIONS path=/api/v1/auth/login status=204 duration_ms=0 request_id=81bf4e3f-d0f2-406b-8ad7-71d2f30bcda9
time=2026-05-04T09:03:09.377+05:30 level=INFO msg=request method=POST path=/api/v1/auth/login status=200 duration_ms=54 request_id=0b1a8ec8-af8f-4cd9-a0c6-5901e21cf3d2
time=2026-05-04T09:03:12.373+05:30 level=INFO msg=request method=OPTIONS path=/api/v1/outlets/112847 status=204 duration_ms=0 request_id=01a77ece-d8df-4c69-83de-1a46013635e6
time=2026-05-04T09:03:12.373+05:30 level=INFO msg=request method=OPTIONS path=/api/v1/outlets/112847/performance status=204 duration_ms=0 request_id=cbaae29e-f79a-4a64-af2d-1540500e9b60
time=2026-05-04T09:03:12.375+05:30 level=INFO msg=request method=GET path=/api/v1/outlets/112847/performance status=200 duration_ms=1 request_id=6cf68a07-31c9-454c-be50-bf6b8871f0c5
time=2026-05-04T09:03:12.377+05:30 level=INFO msg=request method=GET path=/api/v1/outlets/112847 status=200 duration_ms=2 request_id=30d07087-dfdf-4b5e-baf8-f3f93cfe9ab1
time=2026-05-04T09:03:12.387+05:30 level=INFO msg=request method=OPTIONS path=/api/v1/outlets/112847/targets status=204 duration_ms=0 request_id=40260f1a-e693-4948-b068-de160bc5f8be
time=2026-05-04T09:03:12.388+05:30 level=INFO msg=request method=GET path=/api/v1/outlets/112847/targets status=200 duration_ms=0 request_id=5f78a6fe-c998-4fa3-8054-ffa6b743ada9
time=2026-05-04T09:03:12.389+05:30 level=INFO msg=request method=OPTIONS path=/api/v1/outlets/112847/analysis status=204 duration_ms=0 request_id=a4306b96-28c5-4054-98c2-a7b85092b611
time=2026-05-04T09:03:12.389+05:30 level=INFO msg=request method=OPTIONS path=/api/v1/competition/leaderboard status=204 duration_ms=0 request_id=7253e2ce-81a6-489c-b49e-5baa9ab6b6c7
time=2026-05-04T09:03:12.390+05:30 level=INFO msg=request method=OPTIONS path=/api/v1/competition/c0000000-0001-0001-0001-000000000001/market-share-status status=204 duration_ms=0 request_id=69305a45-2652-4519-b663-0d440711d3c5
time=2026-05-04T09:03:12.392+05:30 level=INFO msg=request method=GET path=/api/v1/competition/leaderboard status=200 duration_ms=1 request_id=106943fd-9661-46d7-b789-e6f21a3f5d7c
time=2026-05-04T09:03:12.392+05:30 level=INFO msg=request method=GET path=/api/v1/outlets/112847/analysis status=200 duration_ms=1 request_id=04e61fe2-7392-4f65-b87d-3d7316684947
time=2026-05-04T09:03:12.393+05:30 level=INFO msg=request method=GET path=/api/v1/competition/c0000000-0001-0001-0001-000000000001/market-share-status status=200 duration_ms=2 request_id=3b802769-4d5a-4bcc-beae-be4461977ff1
time=2026-05-04T09:03:16.173+05:30 level=INFO msg=request method=OPTIONS path=/api/v1/auth/login status=204 duration_ms=0 request_id=ccacf8d8-4809-49f9-ae31-c66118d76f33
time=2026-05-04T09:03:16.226+05:30 level=INFO msg=request method=POST path=/api/v1/auth/login status=200 duration_ms=52 request_id=51a9732c-e637-4d35-8463-22d5b1c6757e
time=2026-05-04T09:03:19.223+05:30 level=INFO msg=request method=OPTIONS path=/api/v1/outlets/999999 status=204 duration_ms=0 request_id=734ca2cf-2b83-4cbb-9f66-2173b168db98
time=2026-05-04T09:03:19.223+05:30 level=INFO msg=request method=OPTIONS path=/api/v1/outlets/999999/performance status=204 duration_ms=0 request_id=f5fc2a91-f3e7-42f9-8f26-6e81aa525118
time=2026-05-04T09:03:19.224+05:30 level=INFO msg=request method=GET path=/api/v1/outlets/999999 status=404 duration_ms=0 request_id=31a0237d-c39e-4d7d-aba8-35b671048ea0
time=2026-05-04T09:03:19.224+05:30 level=INFO msg=request method=GET path=/api/v1/outlets/999999/performance status=404 duration_ms=0 request_id=b3d9ea3a-8b8f-45ef-868d-abcf5f2f9801
time=2026-05-04T09:03:21.368+05:30 level=INFO msg=request method=POST path=/api/v1/auth/login status=200 duration_ms=52 request_id=7da75b33-569a-42dd-a6f4-5b7b5cead500
time=2026-05-04T09:03:21.370+05:30 level=INFO msg=request method=GET path=/api/v1/territory/outlets status=200 duration_ms=0 request_id=f22f6883-9ece-4261-b660-721fc8871458
time=2026-05-04T09:03:21.424+05:30 level=INFO msg=request method=POST path=/api/v1/auth/login status=200 duration_ms=49 request_id=570773c0-62f3-406c-ac2a-0a917fde4f64
time=2026-05-04T09:03:21.425+05:30 level=INFO msg=request method=GET path=/api/v1/territory/outlets status=403 duration_ms=0 request_id=0e055ec9-7cba-4845-8bfd-740991bd18ae
time=2026-05-04T09:03:21.432+05:30 level=INFO msg=request method=GET path=/api/v1/territory/outlets status=200 duration_ms=2 request_id=a01e9127-3686-493e-b88b-f8d71e16253e
time=2026-05-04T09:03:21.441+05:30 level=INFO msg=request method=GET path=/api/v1/admin/users status=200 duration_ms=0 request_id=d531dfcd-2768-4c79-bcc2-e821a896eaab
time=2026-05-04T09:03:21.491+05:30 level=INFO msg=request method=POST path=/api/v1/admin/users status=500 duration_ms=45 request_id=80002240-09fc-4c53-a955-9d8ff86cbc33
time=2026-05-04T09:03:21.497+05:30 level=INFO msg=request method=GET path=/api/v1/admin/users status=200 duration_ms=0 request_id=40e1fd26-ed2a-4f27-b747-fef5111c00e3
time=2026-05-04T09:03:21.498+05:30 level=INFO msg=request method=PUT path=/api/v1/admin/users/e6f57628-9453-40d1-8357-1298ab802300 status=500 duration_ms=0 request_id=a6be281b-378f-44bd-8a8e-b1b9420b4171
time=2026-05-04T09:03:21.782+05:30 level=INFO msg=request method=POST path=/api/v1/auth/login status=200 duration_ms=49 request_id=0f093bd3-cad9-4b38-82e9-e52e9088f990
time=2026-05-04T09:03:21.838+05:30 level=INFO msg=request method=POST path=/api/v1/admin/users status=500 duration_ms=46 request_id=a5198671-5429-427d-8b8e-64598e78bf04
time=2026-05-04T09:03:21.845+05:30 level=INFO msg=request method=GET path=/api/v1/admin/users status=429 duration_ms=0 request_id=a6b36aab-cb06-4dee-9cef-07af4336efd7
time=2026-05-04T09:03:22.135+05:30 level=INFO msg=request method=POST path=/api/v1/auth/login status=200 duration_ms=49 request_id=a10a272d-a240-4aab-8f21-0234b46ecdbb
time=2026-05-04T09:03:22.143+05:30 level=INFO msg=request method=POST path=/api/v1/auth/login status=429 duration_ms=0 request_id=23dcc5e8-9700-408a-96f2-0276ea4a1040
time=2026-05-04T09:03:22.147+05:30 level=INFO msg=request method=GET path=/api/v1/admin/users status=429 duration_ms=0 request_id=4c0d761e-b26d-4f15-aefb-87c011f3f9ba
time=2026-05-04T09:03:22.155+05:30 level=INFO msg=request method=GET path=/api/v1/competition/c0000000-0001-0001-0001-000000000001/market-share-status status=429 duration_ms=0 request_id=21e5040d-ce11-40a2-b441-65492bd2556c
time=2026-05-04T09:03:22.390+05:30 level=INFO msg=request method=POST path=/api/v1/auth/login status=429 duration_ms=0 request_id=8e2827b4-a377-4765-8d14-1b135225ac2c
time=2026-05-04T09:03:24.469+05:30 level=INFO msg=request method=POST path=/api/v1/auth/login status=200 duration_ms=71 request_id=14a79831-0bd8-4c5b-9b82-f67aabb2b290
time=2026-05-04T09:03:24.473+05:30 level=INFO msg=request method=GET path=/api/v1/competition/c0000000-0001-0001-0001-000000000001/market-share-status status=200 duration_ms=2 request_id=35eb9b8b-e05d-4172-aa28-4d11103985aa
time=2026-05-04T09:03:24.484+05:30 level=INFO msg=request method=GET path=/api/v1/competition/leaderboard status=200 duration_ms=2 request_id=65c0e103-6ae4-4473-92eb-f810058f2694
time=2026-05-04T09:03:24.491+05:30 level=INFO msg=request method=GET path=/api/v1/competition/leaderboard status=200 duration_ms=1 request_id=fd7414e5-e6ab-4a2e-a7f3-2f103cfca422
time=2026-05-04T09:03:25.273+05:30 level=INFO msg=request method=OPTIONS path=/api/v1/auth/login status=204 duration_ms=0 request_id=5bae0c24-f5e0-40bd-8c1a-feb586572088
time=2026-05-04T09:03:25.326+05:30 level=INFO msg=request method=POST path=/api/v1/auth/login status=200 duration_ms=52 request_id=7200e5f5-e917-473d-87ba-7705f54f2a84
time=2026-05-04T09:03:28.323+05:30 level=INFO msg=request method=OPTIONS path=/api/v1/outlets/112847 status=204 duration_ms=0 request_id=f0a8797a-e1db-41ec-91e6-2b3289251967
time=2026-05-04T09:03:28.323+05:30 level=INFO msg=request method=OPTIONS path=/api/v1/outlets/112847/performance status=204 duration_ms=0 request_id=f035b9e2-6b9a-4b8e-b75e-bb6aea7dbf23
time=2026-05-04T09:03:28.325+05:30 level=INFO msg=request method=GET path=/api/v1/outlets/112847/performance status=200 duration_ms=1 request_id=6bedd725-b27b-4077-b7ce-5c6464317eed
time=2026-05-04T09:03:28.326+05:30 level=INFO msg=request method=GET path=/api/v1/outlets/112847 status=200 duration_ms=2 request_id=53eed133-4bd1-4d95-9da9-feae2c52498e
time=2026-05-04T09:03:28.337+05:30 level=INFO msg=request method=OPTIONS path=/api/v1/outlets/112847/targets status=204 duration_ms=0 request_id=6ca2ea51-9bcb-43b6-b347-63314031d08a
time=2026-05-04T09:03:28.339+05:30 level=INFO msg=request method=GET path=/api/v1/outlets/112847/targets status=200 duration_ms=0 request_id=264ce337-49f4-4a2f-896c-5d156519e27c
time=2026-05-04T09:03:28.340+05:30 level=INFO msg=request method=OPTIONS path=/api/v1/outlets/112847/analysis status=204 duration_ms=0 request_id=cead291d-7264-4bff-8278-9dcd7d31a417
time=2026-05-04T09:03:28.340+05:30 level=INFO msg=request method=OPTIONS path=/api/v1/competition/leaderboard status=204 duration_ms=0 request_id=ac673f28-adad-48f0-a5c0-fd378b6b2e37
time=2026-05-04T09:03:28.340+05:30 level=INFO msg=request method=OPTIONS path=/api/v1/competition/c0000000-0001-0001-0001-000000000001/market-share-status status=204 duration_ms=0 request_id=31be8a7f-7374-48c5-8a9a-3af326817942
time=2026-05-04T09:03:28.341+05:30 level=INFO msg=request method=GET path=/api/v1/competition/c0000000-0001-0001-0001-000000000001/market-share-status status=429 duration_ms=0 request_id=5a5bb1ba-6b30-44cf-8321-8973b80a9763
time=2026-05-04T09:03:28.342+05:30 level=INFO msg=request method=GET path=/api/v1/outlets/112847/analysis status=200 duration_ms=1 request_id=8bc773af-d1ce-40b7-a265-8b270e4d345f
time=2026-05-04T09:03:28.342+05:30 level=INFO msg=request method=GET path=/api/v1/competition/leaderboard status=200 duration_ms=1 request_id=76d5da87-e81c-4d1f-8754-030b86b78a95
time=2026-05-04T09:03:31.123+05:30 level=INFO msg=request method=OPTIONS path=/api/v1/auth/login status=204 duration_ms=0 request_id=0f074c23-0697-4088-9ed1-bfd6197df4e9
time=2026-05-04T09:03:31.177+05:30 level=INFO msg=request method=POST path=/api/v1/auth/login status=200 duration_ms=53 request_id=5834b396-07f5-4deb-b2c8-a8081dd834d2
time=2026-05-04T09:03:34.172+05:30 level=INFO msg=request method=OPTIONS path=/api/v1/outlets/112847 status=204 duration_ms=0 request_id=28096cea-0c3c-46e2-8424-ef08e22ae0e8
time=2026-05-04T09:03:34.172+05:30 level=INFO msg=request method=OPTIONS path=/api/v1/outlets/112847/performance status=204 duration_ms=0 request_id=6158c931-6c22-4ebd-9bd1-57bc36c7c17e
time=2026-05-04T09:03:34.175+05:30 level=INFO msg=request method=GET path=/api/v1/outlets/112847/performance status=200 duration_ms=1 request_id=2914fcc9-9694-41a5-bad2-b08af6ca9e3b
time=2026-05-04T09:03:34.175+05:30 level=INFO msg=request method=GET path=/api/v1/outlets/112847 status=200 duration_ms=2 request_id=e848aeb8-f3ba-4357-af63-a77781809ae8
time=2026-05-04T09:03:34.185+05:30 level=INFO msg=request method=OPTIONS path=/api/v1/outlets/112847/targets status=204 duration_ms=0 request_id=573ba0e0-6f02-45ea-9e24-074373530b98
time=2026-05-04T09:03:34.187+05:30 level=INFO msg=request method=GET path=/api/v1/outlets/112847/targets status=200 duration_ms=1 request_id=33743303-1143-42dc-93ef-b9b32cac1fec
time=2026-05-04T09:03:34.188+05:30 level=INFO msg=request method=OPTIONS path=/api/v1/outlets/112847/analysis status=204 duration_ms=0 request_id=c619f1c5-dac6-4037-b19f-3d384b23a1d1
time=2026-05-04T09:03:34.188+05:30 level=INFO msg=request method=OPTIONS path=/api/v1/competition/leaderboard status=204 duration_ms=0 request_id=d44e0958-bce2-42ea-b2ba-d0cc0ecdefc7
time=2026-05-04T09:03:34.189+05:30 level=INFO msg=request method=OPTIONS path=/api/v1/competition/c0000000-0001-0001-0001-000000000001/market-share-status status=204 duration_ms=0 request_id=a74b80cd-e96e-4804-b05e-5ec04da3c5e7
time=2026-05-04T09:03:34.190+05:30 level=INFO msg=request method=GET path=/api/v1/outlets/112847/analysis status=200 duration_ms=1 request_id=70872441-cf67-4ba8-88d3-27f12c8eb4ef
time=2026-05-04T09:03:34.191+05:30 level=INFO msg=request method=GET path=/api/v1/competition/leaderboard status=200 duration_ms=2 request_id=ba7146ba-c1e0-461b-ae44-6a90a9c45b40
time=2026-05-04T09:03:34.191+05:30 level=INFO msg=request method=GET path=/api/v1/competition/c0000000-0001-0001-0001-000000000001/market-share-status status=200 duration_ms=2 request_id=e44f6e43-00ee-475f-8b54-3a209e613812
time=2026-05-04T09:03:37.956+05:30 level=INFO msg=request method=OPTIONS path=/api/v1/auth/login status=204 duration_ms=0 request_id=401d9972-865c-4bc0-a180-8f5aa55374e1
time=2026-05-04T09:03:38.010+05:30 level=INFO msg=request method=POST path=/api/v1/auth/login status=200 duration_ms=53 request_id=a2d1e4a4-2093-45bf-acdc-0c94eb65427b
time=2026-05-04T09:03:43.110+05:30 level=INFO msg=request method=POST path=/api/v1/auth/login status=401 duration_ms=2 request_id=575b797e-5dc1-4030-8409-1de7ccc61d61
time=2026-05-04T09:03:43.114+05:30 level=INFO msg=request method=POST path=/api/v1/auth/login status=401 duration_ms=0 request_id=b65ba1fb-82a0-4215-be61-b3a7fe2438f2
time=2026-05-04T09:03:44.341+05:30 level=INFO msg=request method=GET path=/api/v1/auth/me status=401 duration_ms=0 request_id=4f472d38-b94e-4b0e-8a8b-fb6ae661c08d
time=2026-05-04T09:03:44.344+05:30 level=INFO msg=request method=GET path=/api/v1/outlets/112847 status=401 duration_ms=0 request_id=b752028a-e17b-4e35-ab5e-2b83762ae3aa
time=2026-05-04T09:03:44.399+05:30 level=INFO msg=request method=POST path=/api/v1/auth/login status=200 duration_ms=51 request_id=966be6ea-2f70-499f-b4c8-e796a4bdbd7e
time=2026-05-04T09:03:44.404+05:30 level=INFO msg=request method=GET path=/health status=200 duration_ms=0 request_id=d6d847ac-520b-4262-878d-16ca0c176c33
time=2026-05-04T14:14:59.093+05:30 level=INFO msg=request method=POST path=/api/v1/auth/login status=200 duration_ms=69 request_id=06f6170e-9ff8-41c3-9f0e-bdb286b9d311
time=2026-05-04T14:14:59.117+05:30 level=INFO msg=request method=GET path=/api/v1/territory/outlets status=200 duration_ms=20 request_id=c549237b-1fb5-436a-bdcd-ea30a814da7f
time=2026-05-04T14:14:59.133+05:30 level=INFO msg=request method=GET path=/api/v1/outlets/112386/performance status=200 duration_ms=2 request_id=caf81ef4-4bd2-491b-bc15-c0af7ceecfbd
time=2026-05-04T14:14:59.134+05:30 level=INFO msg=request method=GET path=/api/v1/outlets/255872/performance status=200 duration_ms=4 request_id=87f32885-bd7f-4ede-8a8d-f9cf551cabc9
time=2026-05-04T14:14:59.145+05:30 level=INFO msg=request method=GET path=/api/v1/outlets/112448/performance status=429 duration_ms=0 request_id=722bc3f8-4be9-487f-9580-119ffee40b0e
time=2026-05-04T14:14:59.145+05:30 level=INFO msg=request method=GET path=/api/v1/outlets/110234/performance status=429 duration_ms=0 request_id=6065fdc6-b153-4a75-9418-8c35e92e3bae
time=2026-05-04T14:14:59.145+05:30 level=INFO msg=request method=GET path=/api/v1/outlets/127090/performance status=429 duration_ms=0 request_id=677aeb23-e46b-4029-bbf9-b0c316d0e145
time=2026-05-04T14:14:59.145+05:30 level=INFO msg=request method=GET path=/api/v1/outlets/113890/performance status=429 duration_ms=0 request_id=0758da10-2805-48e2-a47c-14fefce9eff1
time=2026-05-04T14:14:59.145+05:30 level=INFO msg=request method=GET path=/api/v1/outlets/112450/performance status=429 duration_ms=0 request_id=e3293908-6c79-40a4-8507-8908935007b3
time=2026-05-04T14:14:59.145+05:30 level=INFO msg=request method=GET path=/api/v1/outlets/118345/performance status=429 duration_ms=0 request_id=f474b1e3-8746-45ee-930c-caa0ceb43e5e
time=2026-05-04T14:14:59.145+05:30 level=INFO msg=request method=GET path=/api/v1/outlets/112441/performance status=429 duration_ms=0 request_id=e5b814ab-307a-41dc-bf7d-d9b92c057b56
time=2026-05-04T14:14:59.145+05:30 level=INFO msg=request method=GET path=/api/v1/outlets/119876/performance status=429 duration_ms=0 request_id=58a9a2b6-7f12-4ad9-bf43-f1922265a59d
time=2026-05-04T14:14:59.145+05:30 level=INFO msg=request method=GET path=/api/v1/outlets/112460/performance status=429 duration_ms=0 request_id=176ff140-4351-419a-947f-d181f2e619ba
time=2026-05-04T14:14:59.145+05:30 level=INFO msg=request method=GET path=/api/v1/outlets/112456/performance status=429 duration_ms=0 request_id=d1878ba0-51e8-40b5-b261-d95c03a2aa3f
time=2026-05-04T14:14:59.145+05:30 level=INFO msg=request method=GET path=/api/v1/outlets/112431/performance status=429 duration_ms=0 request_id=278a3e34-51e9-44b4-885e-d951a080dc9a
time=2026-05-04T14:14:59.145+05:30 level=INFO msg=request method=GET path=/api/v1/outlets/112457/performance status=429 duration_ms=0 request_id=0becbed9-6ddd-4d15-9d59-811d6b26eeda
time=2026-05-04T14:14:59.145+05:30 level=INFO msg=request method=GET path=/api/v1/outlets/112462/performance status=429 duration_ms=0 request_id=66ce7f9b-51a3-47a7-8a20-957558c74595
time=2026-05-04T14:14:59.145+05:30 level=INFO msg=request method=GET path=/api/v1/outlets/236924/performance status=429 duration_ms=0 request_id=5990e1d7-bb18-48b4-babe-c378a54e7547
time=2026-05-04T14:14:59.145+05:30 level=INFO msg=request method=GET path=/api/v1/outlets/112438/performance status=429 duration_ms=0 request_id=26380af8-3846-4eb5-89ed-263f1ab6a9d7
time=2026-05-04T14:14:59.145+05:30 level=INFO msg=request method=GET path=/api/v1/outlets/112417/performance status=429 duration_ms=0 request_id=7aefdfa2-5371-4c3b-84eb-60d771247567
time=2026-05-04T14:14:59.145+05:30 level=INFO msg=request method=GET path=/api/v1/outlets/112391/performance status=429 duration_ms=0 request_id=55b8c28e-cb80-42e3-a66b-0280e8aeb1e2
time=2026-05-04T14:14:59.145+05:30 level=INFO msg=request method=GET path=/api/v1/outlets/131712/performance status=429 duration_ms=0 request_id=5ec5c6aa-86b4-4067-b6e6-a18b22e0af40
time=2026-05-04T14:14:59.145+05:30 level=INFO msg=request method=GET path=/api/v1/outlets/156837/performance status=429 duration_ms=0 request_id=7866849b-a2a8-4021-b4d8-d34b4fd36520
time=2026-05-04T14:14:59.145+05:30 level=INFO msg=request method=GET path=/api/v1/outlets/113456/performance status=429 duration_ms=0 request_id=3410f8d1-ae26-49ad-8964-f0bea70b6cd6
time=2026-05-04T14:14:59.145+05:30 level=INFO msg=request method=GET path=/api/v1/outlets/111456/performance status=429 duration_ms=0 request_id=98481fd3-078d-4528-acdd-d6beafa7440c
time=2026-05-04T14:14:59.145+05:30 level=INFO msg=request method=GET path=/api/v1/outlets/112847/performance status=429 duration_ms=0 request_id=b4936eb8-3bb5-48d9-b7cc-0c4480ed184f
time=2026-05-04T14:14:59.145+05:30 level=INFO msg=request method=GET path=/api/v1/outlets/244099/performance status=429 duration_ms=0 request_id=02be13c5-b0c5-4af3-8b5f-295dcc4f362a
time=2026-05-04T14:14:59.145+05:30 level=INFO msg=request method=GET path=/api/v1/outlets/129151/performance status=429 duration_ms=0 request_id=9da6c8b4-2644-4945-a2f9-1f309a419e39
time=2026-05-04T14:14:59.145+05:30 level=INFO msg=request method=GET path=/api/v1/outlets/113234/performance status=429 duration_ms=0 request_id=6d99deb0-ec90-4dbe-9b40-fa4a58b4cdd3
time=2026-05-04T14:14:59.145+05:30 level=INFO msg=request method=GET path=/api/v1/outlets/107634/performance status=429 duration_ms=0 request_id=224b314b-3041-4a71-946d-3653c5ca7186
time=2026-05-04T14:14:59.145+05:30 level=INFO msg=request method=GET path=/api/v1/outlets/112393/performance status=429 duration_ms=0 request_id=a974d779-75ae-4ee9-840d-6a2038ee8e5a
time=2026-05-04T14:14:59.145+05:30 level=INFO msg=request method=GET path=/api/v1/outlets/112383/performance status=429 duration_ms=0 request_id=72ed1cd5-679c-430b-abe4-a407d9a96484
time=2026-05-04T14:14:59.145+05:30 level=INFO msg=request method=GET path=/api/v1/outlets/112392/performance status=429 duration_ms=0 request_id=a277f410-6d07-4ebc-94d3-ba6666672d96
time=2026-05-04T14:14:59.145+05:30 level=INFO msg=request method=GET path=/api/v1/outlets/250828/performance status=429 duration_ms=0 request_id=1a335aa4-c0fc-4f58-8c16-1b82615edad9
time=2026-05-04T14:14:59.145+05:30 level=INFO msg=request method=GET path=/api/v1/outlets/112012/performance status=429 duration_ms=0 request_id=872d7494-3094-4681-adab-71543f122325
time=2026-05-04T14:14:59.145+05:30 level=INFO msg=request method=GET path=/api/v1/outlets/112458/performance status=429 duration_ms=0 request_id=f24f42e4-8862-4ebc-96ba-abb9ffe91f0b
time=2026-05-04T14:14:59.145+05:30 level=INFO msg=request method=GET path=/api/v1/outlets/111234/performance status=429 duration_ms=0 request_id=ac4bad12-4fd1-4fa1-8664-33a44e73234b
time=2026-05-04T14:14:59.145+05:30 level=INFO msg=request method=GET path=/api/v1/outlets/112387/performance status=429 duration_ms=0 request_id=fc5d43c0-86d0-4922-9d2a-2566a775aff8
time=2026-05-04T14:14:59.145+05:30 level=INFO msg=request method=GET path=/api/v1/outlets/157172/performance status=429 duration_ms=0 request_id=c7a937d1-af6c-49b1-88f2-a2452f87227c
time=2026-05-04T14:14:59.145+05:30 level=INFO msg=request method=GET path=/api/v1/outlets/112436/performance status=429 duration_ms=0 request_id=fc9b5ed5-306f-493e-83d0-15a7971bd8c6
time=2026-05-04T14:14:59.145+05:30 level=INFO msg=request method=GET path=/api/v1/outlets/112429/performance status=429 duration_ms=0 request_id=0f21691c-ad91-4450-bd8f-118e85647189
time=2026-05-04T14:14:59.145+05:30 level=INFO msg=request method=GET path=/api/v1/outlets/112345/performance status=429 duration_ms=0 request_id=a20db454-a6c4-49d3-9946-8e896b089133
time=2026-05-04T14:14:59.145+05:30 level=INFO msg=request method=GET path=/api/v1/outlets/112398/performance status=429 duration_ms=0 request_id=23e6a1af-d6e1-4c17-8b9d-b6517ade685d
time=2026-05-04T14:14:59.145+05:30 level=INFO msg=request method=GET path=/api/v1/outlets/112397/performance status=429 duration_ms=0 request_id=db3a4393-cd82-494a-b7ac-b36cd0eb6e71
time=2026-05-04T14:14:59.145+05:30 level=INFO msg=request method=GET path=/api/v1/outlets/112401/performance status=429 duration_ms=0 request_id=a88f7f62-1af6-41c9-a29a-b791611e65c2
time=2026-05-04T14:14:59.145+05:30 level=INFO msg=request method=GET path=/api/v1/outlets/108923/performance status=429 duration_ms=0 request_id=d1f0da54-aaf9-46a4-92fb-90f3d8ba8358
time=2026-05-04T14:14:59.145+05:30 level=INFO msg=request method=GET path=/api/v1/outlets/112444/performance status=429 duration_ms=0 request_id=3e3b21ff-9398-4b17-95e8-fa0a6f47764e
time=2026-05-04T14:14:59.146+05:30 level=INFO msg=request method=GET path=/api/v1/outlets/112434/performance status=429 duration_ms=0 request_id=a7c13ef0-d6cc-4a0d-9148-e84c66a79b4a
time=2026-05-04T14:14:59.146+05:30 level=INFO msg=request method=GET path=/api/v1/outlets/112789/performance status=429 duration_ms=0 request_id=7072116a-6c5d-47f8-93a3-5b6448a2dc5a
time=2026-05-04T14:14:59.146+05:30 level=INFO msg=request method=GET path=/api/v1/outlets/112445/performance status=429 duration_ms=0 request_id=dfc403f4-2f4d-4703-a34b-26db63ecb686
time=2026-05-04T14:14:59.146+05:30 level=INFO msg=request method=GET path=/api/v1/outlets/112454/performance status=429 duration_ms=0 request_id=e5bc9772-fe22-46ea-9400-9edd2c39b46b
time=2026-05-04T14:14:59.146+05:30 level=INFO msg=request method=GET path=/api/v1/outlets/151186/performance status=429 duration_ms=0 request_id=de58cc84-bd2c-4816-a41a-6c9a939791a5
time=2026-05-04T14:14:59.146+05:30 level=INFO msg=request method=GET path=/api/v1/outlets/112453/performance status=429 duration_ms=0 request_id=74e5586f-7e6b-455f-9c25-312670424761
time=2026-05-04T14:14:59.146+05:30 level=INFO msg=request method=GET path=/api/v1/outlets/114234/performance status=429 duration_ms=0 request_id=0c5d6b16-b5fd-45df-9783-30247d8f8131
time=2026-05-04T14:14:59.146+05:30 level=INFO msg=request method=GET path=/api/v1/outlets/198868/performance status=429 duration_ms=0 request_id=35971cd7-a8d8-4945-b061-4fa16340c0e4
time=2026-05-04T14:14:59.146+05:30 level=INFO msg=request method=GET path=/api/v1/outlets/109251/performance status=429 duration_ms=0 request_id=147a7847-e377-4add-9c04-cb290037ba84
time=2026-05-04T14:14:59.146+05:30 level=INFO msg=request method=GET path=/api/v1/outlets/112402/performance status=429 duration_ms=0 request_id=cb0b57d3-d9a7-47d8-b69e-a17e5e4cd1a0
time=2026-05-04T14:14:59.146+05:30 level=INFO msg=request method=GET path=/api/v1/outlets/168006/performance status=429 duration_ms=0 request_id=3cbd6a5d-014c-44b6-9c15-7767a81fb72b
time=2026-05-04T14:14:59.146+05:30 level=INFO msg=request method=GET path=/api/v1/outlets/148413/performance status=429 duration_ms=0 request_id=0e140baf-b160-4b13-af07-0459f2a73387
time=2026-05-04T14:14:59.146+05:30 level=INFO msg=request method=GET path=/api/v1/outlets/112415/performance status=429 duration_ms=0 request_id=71329e7e-4541-4232-8c0f-f7bfc21c1d2e
time=2026-05-04T14:14:59.146+05:30 level=INFO msg=request method=GET path=/api/v1/outlets/118012/performance status=429 duration_ms=0 request_id=41f4ca09-e0a7-4b9f-a4d7-c7d1c233b683
time=2026-05-04T14:14:59.146+05:30 level=INFO msg=request method=GET path=/api/v1/outlets/108765/performance status=429 duration_ms=0 request_id=9197640f-de97-420b-8816-dc48d1fb8b84
time=2026-05-04T14:14:59.146+05:30 level=INFO msg=request method=GET path=/api/v1/outlets/112407/performance status=429 duration_ms=0 request_id=5458e393-96f7-4a1b-9356-807c26832151
time=2026-05-04T14:14:59.146+05:30 level=INFO msg=request method=GET path=/api/v1/outlets/118567/performance status=429 duration_ms=0 request_id=dcd7b0f4-60c2-4cc9-ab1b-fa3bcd247f56
time=2026-05-04T14:14:59.146+05:30 level=INFO msg=request method=GET path=/api/v1/outlets/117890/performance status=429 duration_ms=0 request_id=98b8597b-9b1f-4186-bbbe-0c44d0e3fabe
time=2026-05-04T14:14:59.146+05:30 level=INFO msg=request method=GET path=/api/v1/outlets/112420/performance status=429 duration_ms=0 request_id=13444b08-c353-46dc-9e66-0c2fa5c95d97
time=2026-05-04T14:14:59.146+05:30 level=INFO msg=request method=GET path=/api/v1/outlets/198751/performance status=429 duration_ms=0 request_id=36a4a514-9f31-4a9e-80f3-f36f93a9aebd
time=2026-05-04T14:14:59.146+05:30 level=INFO msg=request method=GET path=/api/v1/outlets/118901/performance status=429 duration_ms=0 request_id=0c01b717-1b2f-454c-9246-a43b23f423d0
time=2026-05-04T14:14:59.146+05:30 level=INFO msg=request method=GET path=/api/v1/outlets/112446/performance status=429 duration_ms=0 request_id=499fd231-d2ea-4fd5-ae8a-bcd704e6ffd2
time=2026-05-04T14:14:59.146+05:30 level=INFO msg=request method=GET path=/api/v1/outlets/136152/performance status=429 duration_ms=0 request_id=76c8b581-220a-4e5d-a998-cd5c585ca632
time=2026-05-04T14:14:59.146+05:30 level=INFO msg=request method=GET path=/api/v1/outlets/112385/performance status=429 duration_ms=0 request_id=aac4a897-29e4-4d80-99a2-3b69c414c8dd
time=2026-05-04T14:14:59.146+05:30 level=INFO msg=request method=GET path=/api/v1/outlets/128472/performance status=429 duration_ms=0 request_id=87e6d11c-679f-4e00-9693-7a7a98113330
time=2026-05-04T14:14:59.146+05:30 level=INFO msg=request method=GET path=/api/v1/outlets/112389/performance status=429 duration_ms=0 request_id=9bda5813-8c09-4e14-9a0f-ecc693500849
time=2026-05-04T14:14:59.146+05:30 level=INFO msg=request method=GET path=/api/v1/outlets/115634/performance status=429 duration_ms=0 request_id=d1600851-1073-4b11-a27b-a28aca22bf69
time=2026-05-04T14:14:59.146+05:30 level=INFO msg=request method=GET path=/api/v1/outlets/112384/performance status=429 duration_ms=0 request_id=2950c467-a55e-4aab-93d2-45b7a1724b85
time=2026-05-04T14:14:59.146+05:30 level=INFO msg=request method=GET path=/api/v1/outlets/112395/performance status=429 duration_ms=0 request_id=ff89caae-83f9-48e3-835f-45e342127941
time=2026-05-04T14:14:59.146+05:30 level=INFO msg=request method=GET path=/api/v1/outlets/116456/performance status=429 duration_ms=0 request_id=7e816eed-a5c3-4158-8f48-932c453c098f
time=2026-05-04T14:14:59.146+05:30 level=INFO msg=request method=GET path=/api/v1/outlets/123784/performance status=429 duration_ms=0 request_id=0b5a2c07-4543-470a-858a-58021aa8f466
time=2026-05-04T14:14:59.146+05:30 level=INFO msg=request method=GET path=/api/v1/outlets/119012/performance status=429 duration_ms=0 request_id=a608bf94-1e28-42f7-810b-bff87e02e438
time=2026-05-04T14:14:59.146+05:30 level=INFO msg=request method=GET path=/api/v1/outlets/149238/performance status=429 duration_ms=0 request_id=7e5908ee-e729-45d1-a1ee-3a7b803524f1
time=2026-05-04T14:14:59.146+05:30 level=INFO msg=request method=GET path=/api/v1/outlets/147286/performance status=429 duration_ms=0 request_id=159fb3bc-f879-4500-94fe-7767b0310a14
time=2026-05-04T14:14:59.146+05:30 level=INFO msg=request method=GET path=/api/v1/outlets/112403/performance status=429 duration_ms=0 request_id=de15a90b-2bb7-4116-938b-3476890b8c54
time=2026-05-04T14:14:59.146+05:30 level=INFO msg=request method=GET path=/api/v1/outlets/112411/performance status=429 duration_ms=0 request_id=97c8995d-a947-4087-b86c-e08d37db67be
time=2026-05-04T14:14:59.146+05:30 level=INFO msg=request method=GET path=/api/v1/outlets/112412/performance status=429 duration_ms=0 request_id=84cf5211-6efd-41cb-bf97-ad348407c612
time=2026-05-04T14:14:59.146+05:30 level=INFO msg=request method=GET path=/api/v1/outlets/167171/performance status=429 duration_ms=0 request_id=afc53090-5c6e-4fc5-8843-8137eb0138d7
time=2026-05-04T14:14:59.146+05:30 level=INFO msg=request method=GET path=/api/v1/outlets/115789/performance status=429 duration_ms=0 request_id=0fddfdd7-a853-43c7-ab8b-1195cb5e5bfc
time=2026-05-04T14:14:59.146+05:30 level=INFO msg=request method=GET path=/api/v1/outlets/112418/performance status=429 duration_ms=0 request_id=d725af03-2979-4d69-b76f-7e68bb813082
time=2026-05-04T14:14:59.146+05:30 level=INFO msg=request method=GET path=/api/v1/outlets/112416/performance status=429 duration_ms=0 request_id=5d621bad-33cd-48b4-b7f4-609b7cb44cbe
time=2026-05-04T14:14:59.146+05:30 level=INFO msg=request method=GET path=/api/v1/outlets/112419/performance status=429 duration_ms=0 request_id=720ccfab-86c1-41f5-a307-ac5f1940b40c
time=2026-05-04T14:14:59.147+05:30 level=INFO msg=request method=GET path=/api/v1/outlets/115012/performance status=429 duration_ms=0 request_id=a01ab8dc-926c-4f37-b82e-0e663f65c40a
time=2026-05-04T14:14:59.147+05:30 level=INFO msg=request method=GET path=/api/v1/outlets/112424/performance status=429 duration_ms=0 request_id=eadf7206-06a8-43c9-b87e-9d94aaad711d
time=2026-05-04T14:14:59.147+05:30 level=INFO msg=request method=GET path=/api/v1/outlets/112422/performance status=429 duration_ms=0 request_id=3609ab5f-ca67-4853-96b8-3ac0c434f7c4
time=2026-05-04T14:14:59.147+05:30 level=INFO msg=request method=GET path=/api/v1/outlets/112425/performance status=429 duration_ms=0 request_id=4d68df74-77cc-4ff9-911b-120a60bab7c2
time=2026-05-04T14:14:59.147+05:30 level=INFO msg=request method=GET path=/api/v1/outlets/112437/performance status=429 duration_ms=0 request_id=783f321a-ecdc-4dc6-8091-0e2cce215e05
time=2026-05-04T14:14:59.147+05:30 level=INFO msg=request method=GET path=/api/v1/outlets/112428/performance status=429 duration_ms=0 request_id=65fba610-9bf3-4be3-b5cd-d667447b563b
time=2026-05-04T14:14:59.147+05:30 level=INFO msg=request method=GET path=/api/v1/outlets/114678/performance status=429 duration_ms=0 request_id=bf730ff0-876c-414e-af39-491217f1c76f
time=2026-05-04T14:14:59.147+05:30 level=INFO msg=request method=GET path=/api/v1/outlets/112440/performance status=429 duration_ms=0 request_id=b5d3ccce-bf1a-48be-88dd-dcb596613aeb
time=2026-05-04T14:14:59.147+05:30 level=INFO msg=request method=GET path=/api/v1/outlets/112442/performance status=429 duration_ms=0 request_id=04ce3f88-d4f0-4074-b974-b37d37991a83
time=2026-05-04T14:14:59.147+05:30 level=INFO msg=request method=GET path=/api/v1/outlets/111789/performance status=429 duration_ms=0 request_id=25e471f8-ec42-448b-889c-7b6598f7dce9
time=2026-05-04T14:14:59.147+05:30 level=INFO msg=request method=GET path=/api/v1/outlets/112443/performance status=429 duration_ms=0 request_id=4a2897d2-16bf-4d40-8c49-b652a7e9169e
time=2026-05-04T14:14:59.147+05:30 level=INFO msg=request method=GET path=/api/v1/outlets/112439/performance status=429 duration_ms=0 request_id=6363e1d8-85b5-411a-a27e-5e9073a1d7f7
time=2026-05-04T14:14:59.147+05:30 level=INFO msg=request method=GET path=/api/v1/outlets/114521/performance status=429 duration_ms=0 request_id=98ebb491-c7fc-4c03-b5ad-8639ba75ca33
time=2026-05-04T14:14:59.147+05:30 level=INFO msg=request method=GET path=/api/v1/outlets/163708/performance status=429 duration_ms=0 request_id=49bed505-e340-441e-9cf6-3b1a535754d3
time=2026-05-04T14:14:59.147+05:30 level=INFO msg=request method=GET path=/api/v1/outlets/112455/performance status=429 duration_ms=0 request_id=dd537734-fa75-42cc-9f58-ce255f97d5d8
time=2026-05-04T14:14:59.147+05:30 level=INFO msg=request method=GET path=/api/v1/outlets/117234/performance status=429 duration_ms=0 request_id=eb81681c-c07e-470b-bad7-d197358b13e1
time=2026-05-04T14:14:59.147+05:30 level=INFO msg=request method=GET path=/api/v1/outlets/112459/performance status=429 duration_ms=0 request_id=8a794dde-e810-48cc-84e1-7221cfbe863d
time=2026-05-04T14:14:59.147+05:30 level=INFO msg=request method=GET path=/api/v1/outlets/112461/performance status=429 duration_ms=0 request_id=5197e294-1c2d-405a-bbc4-0b7b579cd1b8
time=2026-05-04T14:14:59.147+05:30 level=INFO msg=request method=GET path=/api/v1/outlets/112404/performance status=429 duration_ms=0 request_id=f4fc0842-9aa8-422b-9ace-ae169fa1ff08
time=2026-05-04T14:14:59.147+05:30 level=INFO msg=request method=GET path=/api/v1/outlets/112466/performance status=429 duration_ms=0 request_id=1a96e15b-1954-4666-9647-3566e98f5543
time=2026-05-04T14:14:59.147+05:30 level=INFO msg=request method=GET path=/api/v1/outlets/110567/performance status=429 duration_ms=0 request_id=46646efe-d17d-4a4a-898b-7ee7b41499be
time=2026-05-04T14:14:59.147+05:30 level=INFO msg=request method=GET path=/api/v1/outlets/112427/performance status=429 duration_ms=0 request_id=53101585-6a6c-4898-a2e2-a4d6efb9894a
time=2026-05-04T14:14:59.147+05:30 level=INFO msg=request method=GET path=/api/v1/outlets/112435/performance status=429 duration_ms=0 request_id=80e59528-720a-44ef-b818-ad11a24fcaf8
time=2026-05-04T14:14:59.147+05:30 level=INFO msg=request method=GET path=/api/v1/outlets/116890/performance status=429 duration_ms=0 request_id=72f43192-0aff-40ae-a3e8-70619da53755
time=2026-05-04T14:14:59.147+05:30 level=INFO msg=request method=GET path=/api/v1/outlets/116123/performance status=429 duration_ms=0 request_id=2fb6945d-7e4a-4df6-99c3-067ea5433674
time=2026-05-04T14:14:59.147+05:30 level=INFO msg=request method=GET path=/api/v1/outlets/163741/performance status=429 duration_ms=0 request_id=2cc746c5-3e43-4f4c-b216-ea3d7d5b04f6
time=2026-05-04T14:14:59.147+05:30 level=INFO msg=request method=GET path=/api/v1/outlets/116789/performance status=429 duration_ms=0 request_id=c6dd6094-ce58-4109-b7d6-1ce46d826caa
time=2026-05-04T14:14:59.147+05:30 level=INFO msg=request method=GET path=/api/v1/outlets/112408/performance status=429 duration_ms=0 request_id=0e301572-f9c4-4e81-87f4-82f0e7cdc15e
time=2026-05-04T14:14:59.147+05:30 level=INFO msg=request method=GET path=/api/v1/outlets/256507/performance status=429 duration_ms=0 request_id=0618b38c-917c-4eec-b524-d816b9c32324
time=2026-05-04T14:14:59.147+05:30 level=INFO msg=request method=GET path=/api/v1/outlets/144348/performance status=429 duration_ms=0 request_id=b159f959-a1a7-4948-9b1e-8540d3c1d48c
time=2026-05-04T14:14:59.147+05:30 level=INFO msg=request method=GET path=/api/v1/outlets/112410/performance status=429 duration_ms=0 request_id=0dc61c85-c8e4-4d48-ac87-71164334c79f
time=2026-05-04T14:14:59.147+05:30 level=INFO msg=request method=GET path=/api/v1/outlets/147087/performance status=429 duration_ms=0 request_id=23d66c24-7b27-4365-a740-4503f6b180ff
time=2026-05-04T14:14:59.147+05:30 level=INFO msg=request method=GET path=/api/v1/outlets/113782/performance status=429 duration_ms=0 request_id=a471ddd0-1c6a-4bcd-9157-ba7186e6c0be
time=2026-05-04T14:14:59.147+05:30 level=INFO msg=request method=GET path=/api/v1/outlets/146411/performance status=429 duration_ms=0 request_id=debd4bae-d1de-4404-8d76-ebe8be1fb906
time=2026-05-04T14:14:59.147+05:30 level=INFO msg=request method=GET path=/api/v1/outlets/112451/performance status=429 duration_ms=0 request_id=7fa410f3-dd81-42c7-8118-da7174245def
time=2026-05-04T14:14:59.147+05:30 level=INFO msg=request method=GET path=/api/v1/outlets/149412/performance status=429 duration_ms=0 request_id=1a2ceaab-637e-4f87-9288-22ebc5244e54
time=2026-05-04T14:14:59.147+05:30 level=INFO msg=request method=GET path=/api/v1/outlets/119456/performance status=429 duration_ms=0 request_id=11c29911-d6ed-4ab0-843c-af4c18575aed
time=2026-05-04T14:14:59.147+05:30 level=INFO msg=request method=GET path=/api/v1/outlets/200922/performance status=200 duration_ms=3 request_id=6d0863d3-77d3-4663-a356-b47cce96094c
time=2026-05-04T14:14:59.147+05:30 level=INFO msg=request method=GET path=/api/v1/outlets/112390/performance status=200 duration_ms=3 request_id=c52a2c82-8257-4608-884a-e5bd20549992
time=2026-05-04T14:14:59.153+05:30 level=INFO msg=request method=GET path=/api/v1/outlets/112414/performance status=200 duration_ms=8 request_id=a96e8af8-0b65-4cc8-8358-a333151e5be1
time=2026-05-04T14:14:59.153+05:30 level=INFO msg=request method=GET path=/api/v1/outlets/144329/performance status=200 duration_ms=9 request_id=2ae54f01-216c-4ff3-b039-cef6587db578
time=2026-05-04T14:14:59.153+05:30 level=INFO msg=request method=GET path=/api/v1/outlets/109678/performance status=200 duration_ms=8 request_id=88e4d16f-14e9-40ff-b890-fc5455314ce0
time=2026-05-04T14:14:59.153+05:30 level=INFO msg=request method=GET path=/api/v1/outlets/115901/performance status=200 duration_ms=9 request_id=77d46465-7190-4a3f-872e-fa566203f85a
time=2026-05-04T14:14:59.153+05:30 level=INFO msg=request method=GET path=/api/v1/outlets/117567/performance status=200 duration_ms=9 request_id=f1e2678a-be5a-490c-9dbc-8e4c02b00042
time=2026-05-04T14:14:59.389+05:30 level=INFO msg=request method=POST path=/api/v1/auth/login status=429 duration_ms=0 request_id=a1bdd167-8533-4404-acf7-03b56d28f120
time=2026-05-04T14:15:01.470+05:30 level=INFO msg=request method=POST path=/api/v1/auth/login status=200 duration_ms=74 request_id=4e1e9f9f-6474-467a-82bd-2fadaa0ccc8c
time=2026-05-04T14:15:01.485+05:30 level=INFO msg=request method=GET path=/api/v1/territory/outlets status=200 duration_ms=12 request_id=6e5f430f-885f-444c-b95f-a5baa7c95806
time=2026-05-04T14:15:01.494+05:30 level=INFO msg=request method=GET path=/api/v1/outlets/112386/performance status=200 duration_ms=1 request_id=29f7220f-0ce2-4f1d-a536-e34163726665
time=2026-05-04T14:15:01.501+05:30 level=INFO msg=request method=GET path=/api/v1/outlets/112390/performance status=429 duration_ms=0 request_id=30682dac-e33d-4875-bb6b-681cd7a48b02
time=2026-05-04T14:15:01.501+05:30 level=INFO msg=request method=GET path=/api/v1/outlets/200922/performance status=429 duration_ms=0 request_id=3cadfaae-4085-41c5-9a3f-1f1021157998
time=2026-05-04T14:15:01.502+05:30 level=INFO msg=request method=GET path=/api/v1/outlets/144329/performance status=429 duration_ms=0 request_id=6250e663-2915-4de2-abd9-986f6ea111ba
time=2026-05-04T14:15:01.502+05:30 level=INFO msg=request method=GET path=/api/v1/outlets/115901/performance status=429 duration_ms=0 request_id=faac4e8c-4823-45b3-9724-d87403938857
time=2026-05-04T14:15:01.502+05:30 level=INFO msg=request method=GET path=/api/v1/outlets/117567/performance status=429 duration_ms=0 request_id=e0f0b17b-daf3-4f7c-a5b9-443a1440e79c
time=2026-05-04T14:15:01.502+05:30 level=INFO msg=request method=GET path=/api/v1/outlets/112414/performance status=429 duration_ms=0 request_id=96009f4d-f062-456c-be1d-0f828645155c
time=2026-05-04T14:15:01.502+05:30 level=INFO msg=request method=GET path=/api/v1/outlets/112417/performance status=429 duration_ms=0 request_id=e15ee129-3265-4abc-a9b8-035f3de0186e
time=2026-05-04T14:15:01.502+05:30 level=INFO msg=request method=GET path=/api/v1/outlets/109678/performance status=429 duration_ms=0 request_id=c4a39790-b095-4599-9a02-66ac0999d9b4
time=2026-05-04T14:15:01.502+05:30 level=INFO msg=request method=GET path=/api/v1/outlets/112847/performance status=429 duration_ms=0 request_id=14649762-9e5a-4cba-9909-5723e03cc87e
time=2026-05-04T14:15:01.502+05:30 level=INFO msg=request method=GET path=/api/v1/outlets/112438/performance status=429 duration_ms=0 request_id=9249fc39-d812-40f7-b07b-74a02c881c79
time=2026-05-04T14:15:01.502+05:30 level=INFO msg=request method=GET path=/api/v1/outlets/112431/performance status=429 duration_ms=0 request_id=f0d366c9-1ef6-46e0-abb3-1c50d18ea26d
time=2026-05-04T14:15:01.502+05:30 level=INFO msg=request method=GET path=/api/v1/outlets/127090/performance status=429 duration_ms=0 request_id=a4ae9424-14a4-426f-a29a-bb5d856de68e
time=2026-05-04T14:15:01.502+05:30 level=INFO msg=request method=GET path=/api/v1/outlets/112450/performance status=429 duration_ms=0 request_id=4a1d9068-a29d-481f-8653-71e78e33e7ff
time=2026-05-04T14:15:01.502+05:30 level=INFO msg=request method=GET path=/api/v1/outlets/112448/performance status=429 duration_ms=0 request_id=68594935-8cc5-411c-b04c-dee46d45975c
time=2026-05-04T14:15:01.502+05:30 level=INFO msg=request method=GET path=/api/v1/outlets/110234/performance status=429 duration_ms=0 request_id=b28581c8-8c2d-4b55-b61a-d669d76d788d
time=2026-05-04T14:15:01.502+05:30 level=INFO msg=request method=GET path=/api/v1/outlets/111234/performance status=429 duration_ms=0 request_id=f2ff2388-486d-4fe4-936e-3fcbeb990c51
time=2026-05-04T14:15:01.502+05:30 level=INFO msg=request method=GET path=/api/v1/outlets/112456/performance status=429 duration_ms=0 request_id=59a52816-d810-44ba-b9fc-bdf57e948494
time=2026-05-04T14:15:01.502+05:30 level=INFO msg=request method=GET path=/api/v1/outlets/244099/performance status=429 duration_ms=0 request_id=3b182ebf-2476-4abf-99eb-d4bccb3706c1
time=2026-05-04T14:15:01.502+05:30 level=INFO msg=request method=GET path=/api/v1/outlets/112458/performance status=429 duration_ms=0 request_id=e36e7fef-d2b7-4c71-8339-1386051554d1
time=2026-05-04T14:15:01.502+05:30 level=INFO msg=request method=GET path=/api/v1/outlets/131712/performance status=429 duration_ms=0 request_id=3df99ec1-4138-4b3a-a018-b1613326accc
time=2026-05-04T14:15:01.502+05:30 level=INFO msg=request method=GET path=/api/v1/outlets/255872/performance status=200 duration_ms=1 request_id=e5597642-912a-4876-bd5f-dab060fbe99b
time=2026-05-04T14:15:01.502+05:30 level=INFO msg=request method=GET path=/api/v1/outlets/113234/performance status=429 duration_ms=0 request_id=236742d3-e704-4a9c-ba2c-84fa64ef59fe
time=2026-05-04T14:15:01.502+05:30 level=INFO msg=request method=GET path=/api/v1/outlets/113456/performance status=429 duration_ms=0 request_id=24dc2bae-3f1f-432a-832a-aaf576e99dc3
time=2026-05-04T14:15:01.502+05:30 level=INFO msg=request method=GET path=/api/v1/outlets/250828/performance status=429 duration_ms=0 request_id=92092e18-1b22-4a11-96f3-0d0c283bd21c
time=2026-05-04T14:15:01.502+05:30 level=INFO msg=request method=GET path=/api/v1/outlets/129151/performance status=429 duration_ms=0 request_id=5dc634d4-f5f2-4eff-b1c4-57922a757aae
time=2026-05-04T14:15:01.502+05:30 level=INFO msg=request method=GET path=/api/v1/outlets/111456/performance status=429 duration_ms=0 request_id=9ca31b64-61b6-4b03-ad6e-cd668032325d
time=2026-05-04T14:15:01.502+05:30 level=INFO msg=request method=GET path=/api/v1/outlets/112012/performance status=429 duration_ms=0 request_id=aeccd4a8-36c5-4479-b155-cb4c98f043c6
time=2026-05-04T14:15:01.502+05:30 level=INFO msg=request method=GET path=/api/v1/outlets/113890/performance status=429 duration_ms=0 request_id=e6d99d41-22f0-499a-80dd-a4ddc001ef11
time=2026-05-04T14:15:01.502+05:30 level=INFO msg=request method=GET path=/api/v1/outlets/119876/performance status=429 duration_ms=0 request_id=e740450c-28ee-4c20-a0f4-c99c6ba42ba2
time=2026-05-04T14:15:01.502+05:30 level=INFO msg=request method=GET path=/api/v1/outlets/112441/performance status=429 duration_ms=0 request_id=30001493-c5c8-491b-afeb-621d45df00d7
time=2026-05-04T14:15:01.502+05:30 level=INFO msg=request method=GET path=/api/v1/outlets/118345/performance status=429 duration_ms=0 request_id=5a4d035a-d3e1-4c28-a793-48990ebe299a
time=2026-05-04T14:15:01.502+05:30 level=INFO msg=request method=GET path=/api/v1/outlets/107634/performance status=429 duration_ms=0 request_id=e3548fb4-d6ab-4504-aade-8795b1f32cb8
time=2026-05-04T14:15:01.503+05:30 level=INFO msg=request method=GET path=/api/v1/outlets/112457/performance status=429 duration_ms=0 request_id=1df6c0f7-bfe1-4b85-8f1a-42a30e70e857
time=2026-05-04T14:15:01.503+05:30 level=INFO msg=request method=GET path=/api/v1/outlets/112460/performance status=429 duration_ms=0 request_id=6d05da6c-bb1d-46e0-ac9d-7bef9bc47988
time=2026-05-04T14:15:01.503+05:30 level=INFO msg=request method=GET path=/api/v1/outlets/236924/performance status=429 duration_ms=0 request_id=46e9c404-8b5e-4b9b-8be6-86ad3eb0e954
time=2026-05-04T14:15:01.503+05:30 level=INFO msg=request method=GET path=/api/v1/outlets/112462/performance status=429 duration_ms=0 request_id=1106c148-6a60-4d3f-bab0-b46c054f0767
time=2026-05-04T14:15:01.503+05:30 level=INFO msg=request method=GET path=/api/v1/outlets/112383/performance status=429 duration_ms=0 request_id=6b70e72c-b98a-46b3-a207-701dc2136ad6
time=2026-05-04T14:15:01.503+05:30 level=INFO msg=request method=GET path=/api/v1/outlets/112387/performance status=429 duration_ms=0 request_id=76224819-7331-4685-89d3-c024fde8c124
time=2026-05-04T14:15:01.503+05:30 level=INFO msg=request method=GET path=/api/v1/outlets/112392/performance status=429 duration_ms=0 request_id=52dde388-dc71-473e-bd7d-6ef6ac854c83
time=2026-05-04T14:15:01.503+05:30 level=INFO msg=request method=GET path=/api/v1/outlets/112391/performance status=429 duration_ms=0 request_id=558a4663-6b10-4aa5-a584-e57750fc9492
time=2026-05-04T14:15:01.503+05:30 level=INFO msg=request method=GET path=/api/v1/outlets/112393/performance status=429 duration_ms=0 request_id=2aa22a98-bac8-427f-acbf-62aeb3783b2d
time=2026-05-04T14:15:01.503+05:30 level=INFO msg=request method=GET path=/api/v1/outlets/156837/performance status=429 duration_ms=0 request_id=d9b53d03-1a8e-4270-b9c0-64193af59727
time=2026-05-04T14:15:01.503+05:30 level=INFO msg=request method=GET path=/api/v1/outlets/112398/performance status=429 duration_ms=0 request_id=2f12925c-ac0c-4e09-9189-1b4d050c6458
time=2026-05-04T14:15:01.503+05:30 level=INFO msg=request method=GET path=/api/v1/outlets/112397/performance status=429 duration_ms=0 request_id=bdea186e-9e06-4da3-bc2f-cbb472b40faf
time=2026-05-04T14:15:01.503+05:30 level=INFO msg=request method=GET path=/api/v1/outlets/112401/performance status=429 duration_ms=0 request_id=b0f373cb-7cbf-4f25-9646-bc8e650bdcf9
time=2026-05-04T14:15:01.503+05:30 level=INFO msg=request method=GET path=/api/v1/outlets/112345/performance status=429 duration_ms=0 request_id=70b7974a-79b1-44cf-99ec-4d39ea9e8dd7
time=2026-05-04T14:15:01.503+05:30 level=INFO msg=request method=GET path=/api/v1/outlets/157172/performance status=429 duration_ms=0 request_id=de444640-3682-4083-9d44-8c2e20c221b5
time=2026-05-04T14:15:01.503+05:30 level=INFO msg=request method=GET path=/api/v1/outlets/112429/performance status=429 duration_ms=0 request_id=e2b1fc22-3fb9-4826-81ae-d4d6dd0b3f7d
time=2026-05-04T14:15:01.503+05:30 level=INFO msg=request method=GET path=/api/v1/outlets/112436/performance status=429 duration_ms=0 request_id=f8530df6-69e6-40f1-a53a-e2ce075a05f7
time=2026-05-04T14:15:01.503+05:30 level=INFO msg=request method=GET path=/api/v1/outlets/112444/performance status=429 duration_ms=0 request_id=858cd233-b6b3-4f76-adb4-e667818a4be0
time=2026-05-04T14:15:01.503+05:30 level=INFO msg=request method=GET path=/api/v1/outlets/112434/performance status=429 duration_ms=0 request_id=056cc8c1-4007-4305-b2f1-9efa36f67113
time=2026-05-04T14:15:01.503+05:30 level=INFO msg=request method=GET path=/api/v1/outlets/112445/performance status=429 duration_ms=0 request_id=31206a48-2dc7-4f90-a98e-4d87aa04d8c4
time=2026-05-04T14:15:01.503+05:30 level=INFO msg=request method=GET path=/api/v1/outlets/108923/performance status=429 duration_ms=0 request_id=5b78f2f6-a47d-4766-86d4-c8b22d30d0f9
time=2026-05-04T14:15:01.504+05:30 level=INFO msg=request method=GET path=/api/v1/outlets/112789/performance status=429 duration_ms=0 request_id=c5429245-57eb-48b8-a7cf-e62fdd053fce
time=2026-05-04T14:15:01.504+05:30 level=INFO msg=request method=GET path=/api/v1/outlets/112454/performance status=429 duration_ms=0 request_id=b353e961-19fc-4587-bbd0-c80769d0ed2d
time=2026-05-04T14:15:01.504+05:30 level=INFO msg=request method=GET path=/api/v1/outlets/112453/performance status=429 duration_ms=0 request_id=f66dd76e-54d9-4c86-a083-4bb19d20fec1
time=2026-05-04T14:15:01.504+05:30 level=INFO msg=request method=GET path=/api/v1/outlets/114234/performance status=429 duration_ms=0 request_id=4fd50dee-5922-464e-970e-cbe9b45ebc65
time=2026-05-04T14:15:01.504+05:30 level=INFO msg=request method=GET path=/api/v1/outlets/151186/performance status=429 duration_ms=0 request_id=58cc7e53-bcf6-43b1-b414-eda7310ae24c
time=2026-05-04T14:15:01.504+05:30 level=INFO msg=request method=GET path=/api/v1/outlets/198868/performance status=429 duration_ms=0 request_id=af7745d9-41b3-4f54-9581-dbf94b117272
time=2026-05-04T14:15:01.504+05:30 level=INFO msg=request method=GET path=/api/v1/outlets/118567/performance status=429 duration_ms=0 request_id=6cd278cd-fe4c-49dd-8469-13a10d611f25
time=2026-05-04T14:15:01.504+05:30 level=INFO msg=request method=GET path=/api/v1/outlets/118012/performance status=429 duration_ms=0 request_id=9d7f4fc5-c5f6-4c2f-aa76-5da5bf7dd184
time=2026-05-04T14:15:01.504+05:30 level=INFO msg=request method=GET path=/api/v1/outlets/112402/performance status=429 duration_ms=0 request_id=a126ee9a-b719-46b9-b2c0-f830dfb10e0e
time=2026-05-04T14:15:01.504+05:30 level=INFO msg=request method=GET path=/api/v1/outlets/168006/performance status=429 duration_ms=0 request_id=fea0c3f3-5abe-420b-8de9-94ee1bf6d7bd
time=2026-05-04T14:15:01.504+05:30 level=INFO msg=request method=GET path=/api/v1/outlets/109251/performance status=429 duration_ms=0 request_id=650c8939-9176-4903-908c-16a5569df5c3
time=2026-05-04T14:15:01.504+05:30 level=INFO msg=request method=GET path=/api/v1/outlets/112407/performance status=429 duration_ms=0 request_id=6657d8a4-64a5-4da9-a0f1-7559be594448
time=2026-05-04T14:15:01.504+05:30 level=INFO msg=request method=GET path=/api/v1/outlets/112415/performance status=429 duration_ms=0 request_id=b5ca0e41-98b8-4079-9f22-b753b29f4138
time=2026-05-04T14:15:01.504+05:30 level=INFO msg=request method=GET path=/api/v1/outlets/148413/performance status=429 duration_ms=0 request_id=e8bcd562-e553-45cd-8722-de5c118f5292
time=2026-05-04T14:15:01.504+05:30 level=INFO msg=request method=GET path=/api/v1/outlets/108765/performance status=429 duration_ms=0 request_id=e06482bd-7860-457e-9acf-34994ca2b44e
time=2026-05-04T14:15:01.504+05:30 level=INFO msg=request method=GET path=/api/v1/outlets/118901/performance status=429 duration_ms=0 request_id=018e3296-9877-4585-9796-0b2f2716f6bc
time=2026-05-04T14:15:01.504+05:30 level=INFO msg=request method=GET path=/api/v1/outlets/198751/performance status=429 duration_ms=0 request_id=32a4e92b-1065-49df-8f1a-f4688bd892f2
time=2026-05-04T14:15:01.508+05:30 level=INFO msg=request method=GET path=/api/v1/outlets/117890/performance status=429 duration_ms=0 request_id=035e2fae-a8aa-4b90-af3e-671883bf0b5e
time=2026-05-04T14:15:01.508+05:30 level=INFO msg=request method=GET path=/api/v1/outlets/112420/performance status=429 duration_ms=0 request_id=d08c5c15-df54-4825-a81a-adf9af11df80
time=2026-05-04T14:15:01.508+05:30 level=INFO msg=request method=GET path=/api/v1/outlets/136152/performance status=429 duration_ms=0 request_id=8b883d7a-8b85-4963-8c07-c5ae103ee2cc
time=2026-05-04T14:15:01.508+05:30 level=INFO msg=request method=GET path=/api/v1/outlets/112384/performance status=429 duration_ms=0 request_id=3c251c46-2775-4175-ae5a-918649632833
time=2026-05-04T14:15:01.508+05:30 level=INFO msg=request method=GET path=/api/v1/outlets/112446/performance status=429 duration_ms=0 request_id=148cab81-b75e-4c5b-9567-6204a793ab2e
time=2026-05-04T14:15:01.508+05:30 level=INFO msg=request method=GET path=/api/v1/outlets/112385/performance status=429 duration_ms=0 request_id=38580adb-8f34-4b0e-9225-452c4edee50e
time=2026-05-04T14:15:01.508+05:30 level=INFO msg=request method=GET path=/api/v1/outlets/128472/performance status=429 duration_ms=0 request_id=de946712-d2bc-4c58-91f4-84977d4018c1
time=2026-05-04T14:15:01.508+05:30 level=INFO msg=request method=GET path=/api/v1/outlets/112395/performance status=429 duration_ms=0 request_id=9b8ed6f9-d2ab-4555-a24c-50ab826f36cf
time=2026-05-04T14:15:01.508+05:30 level=INFO msg=request method=GET path=/api/v1/outlets/112389/performance status=429 duration_ms=0 request_id=295b0f29-5403-4ba7-8639-9ff6ed6455c1
time=2026-05-04T14:15:01.508+05:30 level=INFO msg=request method=GET path=/api/v1/outlets/123784/performance status=429 duration_ms=0 request_id=a26aa5d3-3c38-41e1-8e43-c4712fde666e
time=2026-05-04T14:15:01.508+05:30 level=INFO msg=request method=GET path=/api/v1/outlets/149238/performance status=429 duration_ms=0 request_id=88b99ef3-0979-48dc-b29b-c40943b8cf6b
time=2026-05-04T14:15:01.509+05:30 level=INFO msg=request method=GET path=/api/v1/outlets/147286/performance status=429 duration_ms=0 request_id=00aec44d-b1f6-4807-8847-0b2f2cd59099
time=2026-05-04T14:15:01.508+05:30 level=INFO msg=request method=GET path=/api/v1/outlets/115634/performance status=429 duration_ms=0 request_id=71123e5b-7041-42c1-a076-0615f36ecf07
time=2026-05-04T14:15:01.509+05:30 level=INFO msg=request method=GET path=/api/v1/outlets/112403/performance status=429 duration_ms=0 request_id=91949574-0217-4495-bb45-ea0a9978c125
time=2026-05-04T14:15:01.509+05:30 level=INFO msg=request method=GET path=/api/v1/outlets/115789/performance status=429 duration_ms=0 request_id=4e8dab89-6e2f-407a-8a4d-48a57fecfc3f
time=2026-05-04T14:15:01.509+05:30 level=INFO msg=request method=GET path=/api/v1/outlets/116456/performance status=429 duration_ms=0 request_id=4b8c9676-3891-4325-9092-9bbeeb7d5bce
time=2026-05-04T14:15:01.509+05:30 level=INFO msg=request method=GET path=/api/v1/outlets/112416/performance status=429 duration_ms=0 request_id=8919b0b9-774a-4515-bf73-538216670a9f
time=2026-05-04T14:15:01.509+05:30 level=INFO msg=request method=GET path=/api/v1/outlets/119012/performance status=429 duration_ms=0 request_id=57ebe81c-7ccb-4424-91b7-812cb9aef389
time=2026-05-04T14:15:01.509+05:30 level=INFO msg=request method=GET path=/api/v1/outlets/112411/performance status=429 duration_ms=0 request_id=3c395711-82ca-4bdd-9912-6fc49028615b
time=2026-05-04T14:15:01.509+05:30 level=INFO msg=request method=GET path=/api/v1/outlets/112412/performance status=429 duration_ms=0 request_id=5390abb0-54f9-4234-97a7-c178e8163b2c
time=2026-05-04T14:15:01.509+05:30 level=INFO msg=request method=GET path=/api/v1/outlets/167171/performance status=429 duration_ms=0 request_id=bf7231bb-2f2f-44d3-b7f1-a8d078b5b675
time=2026-05-04T14:15:01.509+05:30 level=INFO msg=request method=GET path=/api/v1/outlets/112422/performance status=429 duration_ms=0 request_id=bea3dc71-4f02-4a49-9fd9-5555183f5bcd
time=2026-05-04T14:15:01.509+05:30 level=INFO msg=request method=GET path=/api/v1/outlets/112418/performance status=429 duration_ms=0 request_id=c7c6004e-cc34-4386-a2c7-8c0a47bdb3d7
time=2026-05-04T14:15:01.509+05:30 level=INFO msg=request method=GET path=/api/v1/outlets/112425/performance status=429 duration_ms=0 request_id=d3ac290b-ae5c-41af-9bdc-536efe5e6cfb
time=2026-05-04T14:15:01.509+05:30 level=INFO msg=request method=GET path=/api/v1/outlets/115012/performance status=429 duration_ms=0 request_id=41a7020a-42a4-40b1-8d1f-f1a68ec3ccfd
time=2026-05-04T14:15:01.509+05:30 level=INFO msg=request method=GET path=/api/v1/outlets/112419/performance status=429 duration_ms=0 request_id=55197b3e-fbd3-41a2-bceb-789171a1c407
time=2026-05-04T14:15:01.509+05:30 level=INFO msg=request method=GET path=/api/v1/outlets/112428/performance status=429 duration_ms=0 request_id=1dd4c63c-2abd-45c3-909d-761c5a79da9c
time=2026-05-04T14:15:01.509+05:30 level=INFO msg=request method=GET path=/api/v1/outlets/112440/performance status=429 duration_ms=0 request_id=9ea2479f-d81b-437f-b371-0db32503952b
time=2026-05-04T14:15:01.509+05:30 level=INFO msg=request method=GET path=/api/v1/outlets/112424/performance status=429 duration_ms=0 request_id=2855b0d5-e4cf-4ffb-8cef-41407cdf3829
time=2026-05-04T14:15:01.509+05:30 level=INFO msg=request method=GET path=/api/v1/outlets/112437/performance status=429 duration_ms=0 request_id=432f2046-adcf-4118-b959-465cd23f5288
time=2026-05-04T14:15:01.509+05:30 level=INFO msg=request method=GET path=/api/v1/outlets/112442/performance status=429 duration_ms=0 request_id=8a244a87-fbe5-467a-8efa-5b58bdca0914
time=2026-05-04T14:15:01.509+05:30 level=INFO msg=request method=GET path=/api/v1/outlets/114678/performance status=429 duration_ms=0 request_id=cfdcb0eb-bc3b-4f4f-a996-fbd9cc72f17a
time=2026-05-04T14:15:01.509+05:30 level=INFO msg=request method=GET path=/api/v1/outlets/112443/performance status=429 duration_ms=0 request_id=fc8d080d-ddd3-44bc-90c2-24a0d6cd4e5b
time=2026-05-04T14:15:01.509+05:30 level=INFO msg=request method=GET path=/api/v1/outlets/111789/performance status=429 duration_ms=0 request_id=d0f78c32-16eb-4382-aded-d7c72b0ef2ee
time=2026-05-04T14:15:01.509+05:30 level=INFO msg=request method=GET path=/api/v1/outlets/112439/performance status=429 duration_ms=0 request_id=9ed2d095-7730-4d4f-8815-25b5b09d84c2
time=2026-05-04T14:15:01.509+05:30 level=INFO msg=request method=GET path=/api/v1/outlets/163708/performance status=429 duration_ms=0 request_id=3ff574bc-3f5f-4268-a769-d75df457401b
time=2026-05-04T14:15:01.509+05:30 level=INFO msg=request method=GET path=/api/v1/outlets/114521/performance status=429 duration_ms=0 request_id=bb985211-3df2-45fa-96ed-30796879bdad
time=2026-05-04T14:15:01.509+05:30 level=INFO msg=request method=GET path=/api/v1/outlets/112455/performance status=429 duration_ms=0 request_id=78caad83-ab3f-438b-b96f-6bf230ec8173
time=2026-05-04T14:15:01.509+05:30 level=INFO msg=request method=GET path=/api/v1/outlets/117234/performance status=429 duration_ms=0 request_id=79e63aa2-3bd1-4422-8810-a9248f89c63b
time=2026-05-04T14:15:01.509+05:30 level=INFO msg=request method=GET path=/api/v1/outlets/112459/performance status=429 duration_ms=0 request_id=f8993563-3884-4c0b-b5ed-f827baafc71e
time=2026-05-04T14:15:01.509+05:30 level=INFO msg=request method=GET path=/api/v1/outlets/112461/performance status=429 duration_ms=0 request_id=975362b0-d233-4c2b-b503-6937af012b7f
time=2026-05-04T14:15:01.509+05:30 level=INFO msg=request method=GET path=/api/v1/outlets/112466/performance status=429 duration_ms=0 request_id=cc3607e2-f942-471c-9f3a-d8caa1c2f499
time=2026-05-04T14:15:01.509+05:30 level=INFO msg=request method=GET path=/api/v1/outlets/112404/performance status=429 duration_ms=0 request_id=95955930-ff34-41f3-a79e-9d396af6b18e
time=2026-05-04T14:15:01.509+05:30 level=INFO msg=request method=GET path=/api/v1/outlets/110567/performance status=429 duration_ms=0 request_id=347c2431-e4d5-4b1f-ab4e-2b2b20cb2828
time=2026-05-04T14:15:01.509+05:30 level=INFO msg=request method=GET path=/api/v1/outlets/116890/performance status=429 duration_ms=0 request_id=82920e9d-c63c-455c-94c5-31d905c88e06
time=2026-05-04T14:15:01.509+05:30 level=INFO msg=request method=GET path=/api/v1/outlets/112427/performance status=429 duration_ms=0 request_id=1e8dd818-0640-4c47-8309-bfd527550d53
time=2026-05-04T14:15:01.509+05:30 level=INFO msg=request method=GET path=/api/v1/outlets/112435/performance status=429 duration_ms=0 request_id=eb7163a1-6a33-46ac-ae51-736db9e7a4df
time=2026-05-04T14:15:01.510+05:30 level=INFO msg=request method=GET path=/api/v1/outlets/116789/performance status=429 duration_ms=0 request_id=95401144-5b4b-4e94-9f37-4ecf71ee0c45
time=2026-05-04T14:15:01.510+05:30 level=INFO msg=request method=GET path=/api/v1/outlets/116123/performance status=429 duration_ms=0 request_id=5210b7da-01b3-4695-be5c-77cd1c8576d9
time=2026-05-04T14:15:01.510+05:30 level=INFO msg=request method=GET path=/api/v1/outlets/163741/performance status=429 duration_ms=0 request_id=50b956d4-f57a-4d71-8daf-a36fc57c4c30
time=2026-05-04T14:15:01.510+05:30 level=INFO msg=request method=GET path=/api/v1/outlets/256507/performance status=429 duration_ms=0 request_id=03dc953b-fa7b-414b-bb5b-fcc5e84bb0bd
time=2026-05-04T14:15:01.510+05:30 level=INFO msg=request method=GET path=/api/v1/outlets/112410/performance status=429 duration_ms=0 request_id=a4c3404f-de77-4e56-8732-11f3a35cdb27
time=2026-05-04T14:15:01.510+05:30 level=INFO msg=request method=GET path=/api/v1/outlets/112408/performance status=429 duration_ms=0 request_id=1e91c09c-2317-434f-a649-c4702d8135c0
time=2026-05-04T14:15:01.510+05:30 level=INFO msg=request method=GET path=/api/v1/outlets/147087/performance status=429 duration_ms=0 request_id=4f248fa1-9cf2-4b79-8f25-cf70f43b51f3
time=2026-05-04T14:15:01.510+05:30 level=INFO msg=request method=GET path=/api/v1/outlets/144348/performance status=429 duration_ms=0 request_id=3ffd190e-7e59-4729-97da-423234cc0720
time=2026-05-04T14:15:01.510+05:30 level=INFO msg=request method=GET path=/api/v1/outlets/146411/performance status=429 duration_ms=0 request_id=725c9eed-c8d7-4708-9efd-7cd922d5c325
time=2026-05-04T14:15:01.510+05:30 level=INFO msg=request method=GET path=/api/v1/outlets/113782/performance status=429 duration_ms=0 request_id=490f44df-cb3f-47a8-9606-97a55e68a838
time=2026-05-04T14:15:01.510+05:30 level=INFO msg=request method=GET path=/api/v1/outlets/149412/performance status=429 duration_ms=0 request_id=301d0f60-e3a9-451c-acd9-77b2c1fd0991
time=2026-05-04T14:15:01.510+05:30 level=INFO msg=request method=GET path=/api/v1/outlets/112451/performance status=429 duration_ms=0 request_id=f31dc1ee-b308-4fa4-a02f-faf4f0916719
time=2026-05-04T14:15:01.510+05:30 level=INFO msg=request method=GET path=/api/v1/outlets/119456/performance status=429 duration_ms=0 request_id=8b4b6ca0-72db-4beb-aaad-92218f3d57d1
time=2026-05-04T14:15:01.742+05:30 level=INFO msg=request method=POST path=/api/v1/auth/login status=429 duration_ms=0 request_id=8397f19a-e812-4731-ba8a-4aaf400606f5
time=2026-05-04T14:15:03.822+05:30 level=INFO msg=request method=POST path=/api/v1/auth/login status=200 duration_ms=73 request_id=55e82e01-a4dc-4009-b571-1501dac394ba
time=2026-05-04T14:15:03.831+05:30 level=INFO msg=request method=GET path=/api/v1/territory/outlets status=200 duration_ms=6 request_id=472f306c-b325-432a-bab0-eb90ea1881b2
time=2026-05-04T14:15:03.840+05:30 level=INFO msg=request method=GET path=/api/v1/outlets/112386/performance status=200 duration_ms=1 request_id=04e5df89-674c-443f-868e-9d5fd64cdb73
time=2026-05-04T14:15:04.117+05:30 level=INFO msg=request method=POST path=/api/v1/auth/login status=200 duration_ms=48 request_id=df9c032c-941c-4034-8b3a-6c042b8162d0
time=2026-05-04T14:15:04.121+05:30 level=INFO msg=request method=GET path=/api/v1/territory/outlets status=429 duration_ms=0 request_id=816f2b31-0ef7-4aee-a59b-ae507be16b97
time=2026-05-04T14:15:04.130+05:30 level=INFO msg=request method=GET path=/api/v1/competition/leaderboard status=429 duration_ms=0 request_id=c56ee7c9-65c1-49a2-9ca2-ae10e6e0f4d4
time=2026-05-04T14:15:04.366+05:30 level=INFO msg=request method=POST path=/api/v1/auth/login status=429 duration_ms=0 request_id=9a9f107e-a927-482f-8292-7210d0aeac2f
time=2026-05-04T14:15:06.444+05:30 level=INFO msg=request method=POST path=/api/v1/auth/login status=200 duration_ms=71 request_id=d9bad577-29fc-41de-b0ed-668a84bbf2ee
time=2026-05-04T14:15:06.451+05:30 level=INFO msg=request method=GET path=/api/v1/territory/outlets status=200 duration_ms=5 request_id=ef8ced05-f374-44e8-885b-bb008eba47c5
time=2026-05-04T14:15:06.463+05:30 level=INFO msg=request method=GET path=/api/v1/competition/leaderboard status=200 duration_ms=4 request_id=b2b02f16-f8a1-4f1a-bdcb-87e48467b6c1
time=2026-05-04T14:15:06.743+05:30 level=INFO msg=request method=POST path=/api/v1/auth/login status=200 duration_ms=48 request_id=97bbd01d-d6b6-4071-8f35-aeb64c3a2189
time=2026-05-04T14:15:06.752+05:30 level=INFO msg=request method=POST path=/api/v1/auth/login status=429 duration_ms=0 request_id=6c362145-c9fa-43a7-bbbb-bf5680502636
time=2026-05-04T14:15:07.050+05:30 level=INFO msg=request method=POST path=/api/v1/auth/login status=200 duration_ms=48 request_id=d2b87aab-f6f9-4a70-8ea1-65e59079f152
time=2026-05-04T14:15:07.059+05:30 level=INFO msg=request method=POST path=/api/v1/auth/login status=429 duration_ms=0 request_id=1ab2dec8-6328-48cb-802a-f50dc23498e8
time=2026-05-04T14:15:07.308+05:30 level=INFO msg=request method=POST path=/api/v1/auth/login status=429 duration_ms=0 request_id=f8f48fd7-dea1-4ef7-9090-8db86779472b
time=2026-05-04T14:15:09.388+05:30 level=INFO msg=request method=POST path=/api/v1/auth/login status=200 duration_ms=72 request_id=cd9e46ae-6918-4081-92f7-295657d7ddd7
time=2026-05-04T14:15:09.443+05:30 level=INFO msg=request method=POST path=/api/v1/auth/login status=401 duration_ms=47 request_id=e4d57785-9720-4481-8b0d-a34cb9694da2
time=2026-05-04T14:15:09.449+05:30 level=INFO msg=request method=GET path=/api/v1/auth/me status=200 duration_ms=0 request_id=daf938c2-8a36-4ef9-a43c-fc72abc1e6ae
time=2026-05-04T14:15:09.455+05:30 level=INFO msg=request method=GET path=/api/v1/auth/me status=401 duration_ms=0 request_id=7fe86e69-d96b-43ff-ac5f-1a1e46caccd7
time=2026-05-04T14:15:09.460+05:30 level=INFO msg=request method=GET path=/api/v1/outlets/112847 status=429 duration_ms=0 request_id=4fbd3f1b-e0b7-4cea-9a4f-1805177db69a
time=2026-05-04T14:15:09.689+05:30 level=INFO msg=request method=POST path=/api/v1/auth/login status=429 duration_ms=0 request_id=ce4f8610-9f2f-4c96-b518-2750ac04d752
time=2026-05-04T14:15:11.768+05:30 level=INFO msg=request method=POST path=/api/v1/auth/login status=200 duration_ms=70 request_id=90d01294-9787-4267-9336-cd50f561c09b
time=2026-05-04T14:15:11.781+05:30 level=INFO msg=request method=GET path=/api/v1/outlets/112847 status=200 duration_ms=4 request_id=0434d95d-53f1-47fc-b7fb-c3db1654aea0
time=2026-05-04T14:15:11.788+05:30 level=INFO msg=request method=GET path=/api/v1/outlets/999999 status=404 duration_ms=0 request_id=97906506-d11c-4cc8-902d-1d6f25f676e6
time=2026-05-04T14:15:11.798+05:30 level=INFO msg=request method=GET path=/api/v1/outlets/112847/performance status=200 duration_ms=2 request_id=936430ff-628f-449e-87ce-500a0555e599
time=2026-05-04T14:15:11.805+05:30 level=INFO msg=request method=GET path=/api/v1/outlets/112847/performance status=429 duration_ms=0 request_id=59aa02e9-3e15-468e-a7f4-cb4e6c0187ee
time=2026-05-04T14:15:12.037+05:30 level=INFO msg=request method=POST path=/api/v1/auth/login status=429 duration_ms=0 request_id=2ac741c6-a3cf-4f71-9205-986f87f239e8
time=2026-05-04T14:15:14.114+05:30 level=INFO msg=request method=POST path=/api/v1/auth/login status=200 duration_ms=70 request_id=ce8cb3d9-8ff7-4ea7-b372-d8e149338058
time=2026-05-04T14:15:14.124+05:30 level=INFO msg=request method=GET path=/api/v1/outlets/112847/performance status=200 duration_ms=2 request_id=878540ea-3d03-4ef1-86d8-585b1c1aaa5b
time=2026-05-04T14:15:14.132+05:30 level=INFO msg=request method=GET path=/api/v1/outlets/112847/performance status=200 duration_ms=1 request_id=ba305a9c-e8cd-4821-9aad-99dd6478ed34
time=2026-05-04T14:15:14.140+05:30 level=INFO msg=request method=GET path=/api/v1/outlets/112847/performance status=200 duration_ms=1 request_id=f599f077-ffe5-4894-be99-b15b42515f26
time=2026-05-04T14:15:14.145+05:30 level=INFO msg=request method=GET path=/api/v1/outlets/112847/analysis status=429 duration_ms=0 request_id=823d31f4-feb4-4093-a338-91ac20fff866
time=2026-05-04T14:15:14.376+05:30 level=INFO msg=request method=POST path=/api/v1/auth/login status=429 duration_ms=0 request_id=3722f6a7-85c3-4a27-bd50-5b5b6193b1d6
time=2026-05-04T14:15:16.455+05:30 level=INFO msg=request method=POST path=/api/v1/auth/login status=200 duration_ms=71 request_id=7bf65118-3c89-4d8d-9828-07810b9419f7
time=2026-05-04T14:15:16.466+05:30 level=INFO msg=request method=GET path=/api/v1/outlets/112847/analysis status=200 duration_ms=2 request_id=ac9b2d31-da19-46ed-ae6a-d0177d8b67d6
time=2026-05-04T14:15:16.477+05:30 level=INFO msg=request method=GET path=/api/v1/outlets/112847/trend status=200 duration_ms=3 request_id=462ec26d-e4f1-45cd-814f-8a0d2a52d8e6
time=2026-05-04T14:15:16.756+05:30 level=INFO msg=request method=POST path=/api/v1/auth/login status=200 duration_ms=47 request_id=75f52525-9fc0-488b-be5c-00cb1118921f
time=2026-05-04T14:15:16.765+05:30 level=INFO msg=request method=GET path=/api/v1/outlets/112847/trend status=429 duration_ms=0 request_id=128ad572-43cc-49fb-b0a1-2d7a820817af
time=2026-05-04T14:15:17.012+05:30 level=INFO msg=request method=POST path=/api/v1/auth/login status=429 duration_ms=0 request_id=8fef126c-420f-44b0-90a3-8f94b199257a
time=2026-05-04T14:15:19.090+05:30 level=INFO msg=request method=POST path=/api/v1/auth/login status=200 duration_ms=71 request_id=baccd202-b115-4e07-99f1-7d3f17fcc0d2
time=2026-05-04T14:15:19.099+05:30 level=INFO msg=request method=GET path=/api/v1/outlets/112847/targets status=200 duration_ms=0 request_id=7dca8f5e-cf5c-4561-aa73-7809d336a86e
time=2026-05-04T14:15:19.154+05:30 level=INFO msg=request method=POST path=/api/v1/auth/login status=200 duration_ms=48 request_id=7d374b8b-5a3a-430f-a4ec-253f237ae340
time=2026-05-04T14:15:19.156+05:30 level=INFO msg=request method=PUT path=/api/v1/outlets/112847/targets status=422 duration_ms=0 request_id=39cdd518-17e2-479e-96d4-99081fbda7c8
time=2026-05-04T14:15:19.383+05:30 level=INFO msg=request method=POST path=/api/v1/auth/login status=429 duration_ms=0 request_id=85ffceef-1809-4379-b58f-d799427b858e
time=2026-05-04T14:15:21.463+05:30 level=INFO msg=request method=POST path=/api/v1/auth/login status=200 duration_ms=72 request_id=224b4fca-19cd-431a-ad18-7f1be320602f
time=2026-05-04T14:15:21.521+05:30 level=INFO msg=request method=POST path=/api/v1/auth/login status=200 duration_ms=49 request_id=83da7b34-9d11-4a71-a0cd-78fa6072fd40
time=2026-05-04T14:15:21.522+05:30 level=INFO msg=request method=PUT path=/api/v1/outlets/112847/targets status=422 duration_ms=0 request_id=688877df-bd2b-4681-b820-7e4ad66a1e3f
time=2026-05-04T14:15:21.798+05:30 level=INFO msg=request method=POST path=/api/v1/auth/login status=200 duration_ms=47 request_id=f64cd972-aa56-4416-854a-547b8303b519
time=2026-05-04T14:15:21.807+05:30 level=INFO msg=request method=GET path=/api/v1/competition/leaderboard status=429 duration_ms=0 request_id=4c99d35f-aa70-458b-b2f6-3bc446893c42
time=2026-05-04T14:15:22.101+05:30 level=INFO msg=request method=POST path=/api/v1/auth/login status=200 duration_ms=48 request_id=ede9387c-dac2-4776-87dc-5701e45ef3ec
time=2026-05-04T14:15:22.109+05:30 level=INFO msg=request method=GET path=/api/v1/competition/leaderboard status=429 duration_ms=0 request_id=7fa86ce4-64f4-4c08-b7cb-ac0c13e8d2b9
time=2026-05-04T14:15:22.358+05:30 level=INFO msg=request method=POST path=/api/v1/auth/login status=429 duration_ms=0 request_id=3fa6518f-476d-4df8-818c-6f1fc147b66a
time=2026-05-04T14:15:24.440+05:30 level=INFO msg=request method=POST path=/api/v1/auth/login status=200 duration_ms=75 request_id=73b78f76-2330-4749-a711-f18e8ec7143f
time=2026-05-04T14:15:24.451+05:30 level=INFO msg=request method=GET path=/api/v1/competition/leaderboard status=200 duration_ms=2 request_id=b1b7c54c-1155-4c7d-8ffd-e5e4995e67c8
time=2026-05-04T14:15:24.460+05:30 level=INFO msg=request method=GET path=/api/v1/competition/leaderboard status=200 duration_ms=2 request_id=3cb14a47-d895-4013-8b7c-30b936b5e169
time=2026-05-04T14:15:24.516+05:30 level=INFO msg=request method=POST path=/api/v1/auth/login status=200 duration_ms=47 request_id=ec3480da-30e9-4490-b504-4ecc8c57c35f
time=2026-05-04T14:15:24.517+05:30 level=INFO msg=request method=GET path=/api/v1/territory/outlets status=429 duration_ms=0 request_id=da44d68b-3a5c-43bb-80f5-88aa72bf1801
time=2026-05-04T14:15:24.743+05:30 level=INFO msg=request method=POST path=/api/v1/auth/login status=429 duration_ms=0 request_id=ab2f990d-9a5d-4673-a060-bde7c78a3c06
time=2026-05-04T14:15:26.818+05:30 level=INFO msg=request method=POST path=/api/v1/auth/login status=200 duration_ms=68 request_id=2ad9dc33-df57-4a8b-bea7-e9c51f238f32
time=2026-05-04T14:15:26.872+05:30 level=INFO msg=request method=POST path=/api/v1/auth/login status=200 duration_ms=47 request_id=0d0d9245-7af9-4959-9b34-172b798ed645
time=2026-05-04T14:15:26.874+05:30 level=INFO msg=request method=GET path=/api/v1/territory/outlets status=200 duration_ms=1 request_id=ff044cb5-46c6-4623-8453-ed79e00cb5ec
time=2026-05-04T14:15:26.930+05:30 level=INFO msg=request method=POST path=/api/v1/auth/login status=200 duration_ms=47 request_id=2a9c894c-6a07-4dc2-9679-987649231c45
time=2026-05-04T14:15:26.931+05:30 level=INFO msg=request method=GET path=/api/v1/territory/outlets status=429 duration_ms=0 request_id=b01a5bd4-6ced-40fc-ad48-f36cae8ed153
time=2026-05-04T14:15:27.159+05:30 level=INFO msg=request method=POST path=/api/v1/auth/login status=429 duration_ms=0 request_id=7428de88-7863-443f-a15c-112e9a6cc9a8
time=2026-05-04T14:15:29.239+05:30 level=INFO msg=request method=POST path=/api/v1/auth/login status=200 duration_ms=73 request_id=505a9517-4618-466b-8a74-4bd5446654c6
time=2026-05-04T14:15:29.297+05:30 level=INFO msg=request method=POST path=/api/v1/auth/login status=200 duration_ms=49 request_id=47205c5b-89bb-4e73-aac5-5102ddc3bfed
time=2026-05-04T14:15:29.298+05:30 level=INFO msg=request method=GET path=/api/v1/territory/outlets status=403 duration_ms=0 request_id=a7f4ae14-93df-42b7-a516-1152ec17bb28
time=2026-05-04T14:15:29.307+05:30 level=INFO msg=request method=GET path=/api/v1/admin/users status=200 duration_ms=2 request_id=8d4da11a-a5f1-4b6f-86c1-33354dfd5a07
time=2026-05-04T14:15:29.315+05:30 level=INFO msg=request method=GET path=/api/v1/admin/users status=429 duration_ms=0 request_id=eb4775ad-a834-412c-a0a1-22c6c0117dfc
time=2026-05-04T14:15:29.550+05:30 level=INFO msg=request method=POST path=/api/v1/auth/login status=429 duration_ms=0 request_id=8c570655-7e5b-4c2d-861b-5a11e9436c62
time=2026-05-04T14:15:31.630+05:30 level=INFO msg=request method=POST path=/api/v1/auth/login status=200 duration_ms=73 request_id=c9c48c59-30a9-4bf7-8800-1c9c6c8b7354
time=2026-05-04T14:15:31.688+05:30 level=INFO msg=request method=POST path=/api/v1/auth/login status=200 duration_ms=49 request_id=a95645b7-ef37-4b56-b91d-3ef416b89228
time=2026-05-04T14:15:31.689+05:30 level=INFO msg=request method=GET path=/api/v1/admin/users status=403 duration_ms=0 request_id=ad13ed64-2cb2-473d-bdec-d36ac8a6a0b6
time=2026-05-04T14:15:31.704+05:30 level=INFO msg=request method=GET path=/api/v1/competition/c0000000-0001-0001-0001-000000000001/market-share-status status=200 duration_ms=8 request_id=3e0eae3e-87ec-4c14-98f6-95eef584c6e1
time=2026-05-04T14:15:31.710+05:30 level=INFO msg=request method=GET path=/health status=429 duration_ms=0 request_id=1b913b00-e7a1-4c94-8369-6a62f66d1e8e
time=2026-05-04T14:15:32.792+05:30 level=INFO msg=request method=OPTIONS path=/api/v1/auth/login status=204 duration_ms=0 request_id=3126dbb0-e259-41b3-86c2-4ef7edff4c3b
time=2026-05-04T14:15:32.844+05:30 level=INFO msg=request method=POST path=/api/v1/auth/login status=200 duration_ms=51 request_id=fedc7d17-102c-4620-a04f-8c3ecf110391
time=2026-05-04T14:15:36.601+05:30 level=INFO msg=request method=OPTIONS path=/api/v1/auth/login status=204 duration_ms=0 request_id=21025cf5-0dd9-410f-acf1-d761e6d21e06
time=2026-05-04T14:15:36.653+05:30 level=INFO msg=request method=POST path=/api/v1/auth/login status=401 duration_ms=51 request_id=30027f6c-c280-4c35-b195-3647c2c7e0bf
time=2026-05-04T14:15:39.702+05:30 level=INFO msg=request method=OPTIONS path=/api/v1/auth/login status=204 duration_ms=0 request_id=7b38a894-0df7-43ca-88e8-c9008ea0ba7a
time=2026-05-04T14:15:39.753+05:30 level=INFO msg=request method=POST path=/api/v1/auth/login status=401 duration_ms=51 request_id=6695a245-9b6c-430f-a973-0743fa699802
time=2026-05-04T14:15:42.802+05:30 level=INFO msg=request method=OPTIONS path=/api/v1/auth/login status=204 duration_ms=0 request_id=141ad39b-996f-4315-a414-a62ef4202422
time=2026-05-04T14:15:42.856+05:30 level=INFO msg=request method=POST path=/api/v1/auth/login status=200 duration_ms=53 request_id=222402a4-0671-4313-a40c-ffaf32b2ef42
time=2026-05-04T14:15:46.618+05:30 level=INFO msg=request method=OPTIONS path=/api/v1/auth/login status=204 duration_ms=0 request_id=b5f0088b-d865-4076-93f9-daac89a5a573
time=2026-05-04T14:15:46.671+05:30 level=INFO msg=request method=POST path=/api/v1/auth/login status=200 duration_ms=53 request_id=b8c16924-a305-48e9-b34f-37c8511a1811
time=2026-05-04T14:15:52.802+05:30 level=INFO msg=request method=OPTIONS path=/api/v1/auth/login status=204 duration_ms=0 request_id=3fe3faf6-8135-4841-811d-e6ddbac57be9
time=2026-05-04T14:15:52.855+05:30 level=INFO msg=request method=POST path=/api/v1/auth/login status=200 duration_ms=52 request_id=07b57d11-964a-4e80-8253-8b5a87f35aaa
time=2026-05-04T14:15:58.221+05:30 level=INFO msg=request method=POST path=/api/v1/auth/login status=200 duration_ms=49 request_id=47b5d6fb-f00e-4e41-8952-1bdd32777d38
time=2026-05-04T14:15:58.230+05:30 level=INFO msg=request method=GET path=/api/v1/competition/leaderboard status=200 duration_ms=6 request_id=19e505e4-1b3b-4278-84b3-bfb7994de7ba
time=2026-05-04T14:15:58.241+05:30 level=INFO msg=request method=GET path=/api/v1/competition/leaderboard status=200 duration_ms=2 request_id=68515974-a1ee-4620-b6cb-b88999bdd899
time=2026-05-04T14:15:59.036+05:30 level=INFO msg=request method=OPTIONS path=/api/v1/auth/login status=204 duration_ms=0 request_id=7e530e82-b52c-4840-8870-91eebc3e345e
time=2026-05-04T14:15:59.089+05:30 level=INFO msg=request method=POST path=/api/v1/auth/login status=200 duration_ms=53 request_id=898e101b-5d3a-4ad1-a55f-1c5abbd4c5e1
time=2026-05-04T14:16:02.086+05:30 level=INFO msg=request method=OPTIONS path=/api/v1/outlets/112847 status=204 duration_ms=0 request_id=fb122e90-e65d-4d8d-9532-bc0d54c49225
time=2026-05-04T14:16:02.086+05:30 level=INFO msg=request method=OPTIONS path=/api/v1/outlets/112847/performance status=204 duration_ms=0 request_id=47fc7fd4-afee-4eef-bd35-105bf716dcad
time=2026-05-04T14:16:02.089+05:30 level=INFO msg=request method=GET path=/api/v1/outlets/112847/performance status=200 duration_ms=2 request_id=93119e28-c53f-4c5f-8997-5c8234f4c6f1
time=2026-05-04T14:16:02.089+05:30 level=INFO msg=request method=GET path=/api/v1/outlets/112847 status=200 duration_ms=2 request_id=fd329293-897e-4a51-9044-423b9329af84
time=2026-05-04T14:16:02.100+05:30 level=INFO msg=request method=OPTIONS path=/api/v1/outlets/112847/targets status=204 duration_ms=0 request_id=2d6a76f5-ff76-45f2-81e4-02bc774e14ab
time=2026-05-04T14:16:02.101+05:30 level=INFO msg=request method=GET path=/api/v1/outlets/112847/targets status=200 duration_ms=1 request_id=7d48c19b-76f7-46d9-bd89-6391efbcca74
time=2026-05-04T14:16:02.102+05:30 level=INFO msg=request method=OPTIONS path=/api/v1/outlets/112847/analysis status=204 duration_ms=0 request_id=3041d2b7-9010-495e-aa08-e3df16536acf
time=2026-05-04T14:16:02.102+05:30 level=INFO msg=request method=OPTIONS path=/api/v1/competition/leaderboard status=204 duration_ms=0 request_id=7f669e5b-0067-4db4-b3a1-1b5d8749733b
time=2026-05-04T14:16:02.103+05:30 level=INFO msg=request method=OPTIONS path=/api/v1/competition/c0000000-0001-0001-0001-000000000001/market-share-status status=204 duration_ms=0 request_id=0d862db0-5455-4043-88ee-6ca17154913e
time=2026-05-04T14:16:02.105+05:30 level=INFO msg=request method=GET path=/api/v1/outlets/112847/analysis status=200 duration_ms=1 request_id=4f7b9318-f990-4eb8-be12-f13c2b0193c5
time=2026-05-04T14:16:02.107+05:30 level=INFO msg=request method=GET path=/api/v1/competition/leaderboard status=200 duration_ms=3 request_id=e0b23818-52e2-40ee-bfa0-4e8251c2b8e1
time=2026-05-04T14:16:02.108+05:30 level=INFO msg=request method=GET path=/api/v1/competition/c0000000-0001-0001-0001-000000000001/market-share-status status=200 duration_ms=4 request_id=64f9aae5-e7de-4e13-ad0c-0f3722b8a16c
time=2026-05-04T14:16:05.867+05:30 level=INFO msg=request method=OPTIONS path=/api/v1/auth/login status=204 duration_ms=0 request_id=41cf4082-adfe-4ab4-8da1-9cf7157f46bc
time=2026-05-04T14:16:05.923+05:30 level=INFO msg=request method=POST path=/api/v1/auth/login status=200 duration_ms=55 request_id=43743001-e9b9-4bff-9b4c-b1e09c9622b5
time=2026-05-04T14:16:08.918+05:30 level=INFO msg=request method=OPTIONS path=/api/v1/outlets/112847 status=204 duration_ms=0 request_id=5eee4ffe-eb9f-436a-83da-0242bbf285af
time=2026-05-04T14:16:08.918+05:30 level=INFO msg=request method=OPTIONS path=/api/v1/outlets/112847/performance status=204 duration_ms=0 request_id=26e1d1cb-83e5-486a-8a24-d7e52d3101e2
time=2026-05-04T14:16:08.920+05:30 level=INFO msg=request method=GET path=/api/v1/outlets/112847/performance status=200 duration_ms=1 request_id=a9da3646-a85a-49d2-8d32-ac65447b6603
time=2026-05-04T14:16:08.921+05:30 level=INFO msg=request method=GET path=/api/v1/outlets/112847 status=200 duration_ms=2 request_id=c7587daa-051c-4fe4-b20d-c838c24a8c49
time=2026-05-04T14:16:08.933+05:30 level=INFO msg=request method=OPTIONS path=/api/v1/outlets/112847/targets status=204 duration_ms=0 request_id=2470ea66-b2d1-4a2b-8c78-47ce4dfbc6ab
time=2026-05-04T14:16:08.934+05:30 level=INFO msg=request method=GET path=/api/v1/outlets/112847/targets status=200 duration_ms=1 request_id=0f31bfa2-fba8-4094-a01e-4905f66a5539
time=2026-05-04T14:16:08.935+05:30 level=INFO msg=request method=OPTIONS path=/api/v1/outlets/112847/analysis status=204 duration_ms=0 request_id=c817aafd-076c-4424-8923-ca28f7c76ff4
time=2026-05-04T14:16:08.935+05:30 level=INFO msg=request method=OPTIONS path=/api/v1/competition/leaderboard status=204 duration_ms=0 request_id=d0776fb1-e5ad-4c7d-80d3-12d0b47327f7
time=2026-05-04T14:16:08.936+05:30 level=INFO msg=request method=OPTIONS path=/api/v1/competition/c0000000-0001-0001-0001-000000000001/market-share-status status=204 duration_ms=0 request_id=c2b1b6df-33f2-4b5a-82d6-e0e2072e2304
time=2026-05-04T14:16:08.938+05:30 level=INFO msg=request method=GET path=/api/v1/outlets/112847/analysis status=200 duration_ms=2 request_id=146d5cbb-a6c9-4607-ab49-b301832481cd
time=2026-05-04T14:16:08.939+05:30 level=INFO msg=request method=GET path=/api/v1/competition/leaderboard status=200 duration_ms=2 request_id=5f7ca89e-057c-4d0a-9181-76ad098339da
time=2026-05-04T14:16:08.939+05:30 level=INFO msg=request method=GET path=/api/v1/competition/c0000000-0001-0001-0001-000000000001/market-share-status status=200 duration_ms=2 request_id=a3489e88-0bbd-4ccc-bc1b-96fc40e3e646
time=2026-05-04T14:16:12.751+05:30 level=INFO msg=request method=OPTIONS path=/api/v1/auth/login status=204 duration_ms=0 request_id=d3ce6a46-5b13-4714-9593-31516f411eaa
time=2026-05-04T14:16:12.805+05:30 level=INFO msg=request method=POST path=/api/v1/auth/login status=200 duration_ms=53 request_id=7b034357-da48-4457-b99b-46155709f622
time=2026-05-04T14:16:15.802+05:30 level=INFO msg=request method=OPTIONS path=/api/v1/outlets/112847 status=204 duration_ms=0 request_id=ea790a8e-0677-403c-9bb3-c32f0a14df2c
time=2026-05-04T14:16:15.802+05:30 level=INFO msg=request method=OPTIONS path=/api/v1/outlets/112847/performance status=204 duration_ms=0 request_id=fafea88a-0681-4a95-ab68-2a23cf813feb
time=2026-05-04T14:16:15.804+05:30 level=INFO msg=request method=GET path=/api/v1/outlets/112847/performance status=200 duration_ms=1 request_id=163fb92d-53b7-4303-a25c-1546d960d058
time=2026-05-04T14:16:15.805+05:30 level=INFO msg=request method=GET path=/api/v1/outlets/112847 status=200 duration_ms=2 request_id=bc8d7a8e-62ab-4129-9816-ad49c4315b97
time=2026-05-04T14:16:15.816+05:30 level=INFO msg=request method=OPTIONS path=/api/v1/outlets/112847/targets status=204 duration_ms=0 request_id=5468f18a-cd3f-43ea-ae4a-488a04b4134f
time=2026-05-04T14:16:15.817+05:30 level=INFO msg=request method=GET path=/api/v1/outlets/112847/targets status=200 duration_ms=0 request_id=589ab8a2-a623-4d93-b3df-ead1dde45f6d
time=2026-05-04T14:16:15.818+05:30 level=INFO msg=request method=OPTIONS path=/api/v1/outlets/112847/analysis status=204 duration_ms=0 request_id=e92c904e-123f-4330-bc96-ca00dfee8701
time=2026-05-04T14:16:15.819+05:30 level=INFO msg=request method=OPTIONS path=/api/v1/competition/leaderboard status=204 duration_ms=0 request_id=71b5145a-e4e8-4b4a-be08-ace7bdc3a1b8
time=2026-05-04T14:16:15.819+05:30 level=INFO msg=request method=OPTIONS path=/api/v1/competition/c0000000-0001-0001-0001-000000000001/market-share-status status=204 duration_ms=0 request_id=a2791aca-38e2-4b97-8db4-ecf2b3a58d0d
time=2026-05-04T14:16:15.821+05:30 level=INFO msg=request method=GET path=/api/v1/competition/leaderboard status=200 duration_ms=2 request_id=5b5875c6-8cc3-4b74-be27-d5f9d391ce75
time=2026-05-04T14:16:15.821+05:30 level=INFO msg=request method=GET path=/api/v1/outlets/112847/analysis status=200 duration_ms=2 request_id=77ce4d32-ae0a-4d06-904c-d810cf4dce49
time=2026-05-04T14:16:15.822+05:30 level=INFO msg=request method=GET path=/api/v1/competition/c0000000-0001-0001-0001-000000000001/market-share-status status=200 duration_ms=2 request_id=234a6f84-859e-4d62-bcb3-c4caa27b5e54
time=2026-05-04T14:16:19.601+05:30 level=INFO msg=request method=OPTIONS path=/api/v1/auth/login status=204 duration_ms=0 request_id=8d51755b-d3c7-4a62-a6e2-c2c21f550a4e
time=2026-05-04T14:16:19.655+05:30 level=INFO msg=request method=POST path=/api/v1/auth/login status=200 duration_ms=54 request_id=15e21ac5-1107-4bd8-963a-2ce4f250fd7c
time=2026-05-04T14:16:22.652+05:30 level=INFO msg=request method=OPTIONS path=/api/v1/outlets/999999 status=204 duration_ms=0 request_id=52998185-b8ce-4956-ad67-a7a16f0886e7
time=2026-05-04T14:16:22.652+05:30 level=INFO msg=request method=OPTIONS path=/api/v1/outlets/999999/performance status=204 duration_ms=0 request_id=04c369c1-9815-417e-ab5a-932349851902
time=2026-05-04T14:16:22.654+05:30 level=INFO msg=request method=GET path=/api/v1/outlets/999999 status=404 duration_ms=1 request_id=766e52e9-fa62-424f-81b8-de5b8ad17e7e
time=2026-05-04T14:16:22.654+05:30 level=INFO msg=request method=GET path=/api/v1/outlets/999999/performance status=404 duration_ms=1 request_id=1affd65f-b2f3-4f47-9a09-0b5c1589cee7
time=2026-05-04T14:16:24.790+05:30 level=INFO msg=request method=POST path=/api/v1/auth/login status=200 duration_ms=48 request_id=48d8c126-e2f1-4077-b9ac-d8923e4c18f6
time=2026-05-04T14:16:24.793+05:30 level=INFO msg=request method=GET path=/api/v1/territory/outlets status=200 duration_ms=2 request_id=28bbd225-67d3-4b33-adbb-da205918358d
time=2026-05-04T14:16:24.848+05:30 level=INFO msg=request method=POST path=/api/v1/auth/login status=200 duration_ms=48 request_id=abb2a9e8-38a6-47de-a49f-6bd271dd8d50
time=2026-05-04T14:16:24.849+05:30 level=INFO msg=request method=GET path=/api/v1/territory/outlets status=403 duration_ms=0 request_id=40364a7a-3893-49dc-b716-66f1cb98a688
time=2026-05-04T14:16:24.860+05:30 level=INFO msg=request method=GET path=/api/v1/territory/outlets status=200 duration_ms=6 request_id=85fbcb55-7654-4f4f-a1a0-479d206e9515
time=2026-05-04T14:16:24.870+05:30 level=INFO msg=request method=GET path=/api/v1/admin/users status=200 duration_ms=1 request_id=6a72d380-811c-4b02-aecf-a8099fe0baf3
time=2026-05-04T14:16:24.921+05:30 level=INFO msg=request method=POST path=/api/v1/admin/users status=500 duration_ms=46 request_id=01a2608c-2842-4843-a6dc-f20f74abf9bf
time=2026-05-04T14:16:24.926+05:30 level=INFO msg=request method=GET path=/api/v1/admin/users status=200 duration_ms=0 request_id=5119385f-fef8-43ea-ad9f-fef61bf0b1ed
time=2026-05-04T14:16:24.928+05:30 level=INFO msg=request method=PUT path=/api/v1/admin/users/e6f57628-9453-40d1-8357-1298ab802300 status=500 duration_ms=1 request_id=29084457-9534-429a-8bae-e25c43549e1c
time=2026-05-04T14:16:25.213+05:30 level=INFO msg=request method=POST path=/api/v1/auth/login status=200 duration_ms=49 request_id=89d2fe19-3545-458f-9da4-4ded1729e932
time=2026-05-04T14:16:25.269+05:30 level=INFO msg=request method=POST path=/api/v1/admin/users status=500 duration_ms=46 request_id=b101f450-57dc-498f-bd53-1e9f6f93a334
time=2026-05-04T14:16:25.276+05:30 level=INFO msg=request method=GET path=/api/v1/admin/users status=429 duration_ms=0 request_id=b21547b7-0145-4019-af84-a55160679a74
time=2026-05-04T14:16:25.566+05:30 level=INFO msg=request method=POST path=/api/v1/auth/login status=200 duration_ms=48 request_id=24cd996f-7e8a-4ec2-ba88-e7190d7bfbef
time=2026-05-04T14:16:25.575+05:30 level=INFO msg=request method=POST path=/api/v1/auth/login status=429 duration_ms=0 request_id=5ef04e4b-c2a3-4d1f-bb16-1af39b2dfc44
time=2026-05-04T14:16:25.579+05:30 level=INFO msg=request method=GET path=/api/v1/admin/users status=429 duration_ms=0 request_id=f05622c4-3bee-469e-8de3-2e97187ad12a
time=2026-05-04T14:16:25.587+05:30 level=INFO msg=request method=GET path=/api/v1/competition/c0000000-0001-0001-0001-000000000001/market-share-status status=429 duration_ms=0 request_id=41dff42c-0c76-4b28-b7aa-aaa1dd056c0b
time=2026-05-04T14:16:25.836+05:30 level=INFO msg=request method=POST path=/api/v1/auth/login status=429 duration_ms=0 request_id=11b14a91-d32c-41f4-82df-5e8a4e28a42f
time=2026-05-04T14:16:27.915+05:30 level=INFO msg=request method=POST path=/api/v1/auth/login status=200 duration_ms=73 request_id=d2fc51c8-7194-4654-bc86-b448649bbc19
time=2026-05-04T14:16:27.922+05:30 level=INFO msg=request method=GET path=/api/v1/competition/c0000000-0001-0001-0001-000000000001/market-share-status status=200 duration_ms=5 request_id=5872a562-985d-422a-91ad-9d827519ff1f
time=2026-05-04T14:16:27.932+05:30 level=INFO msg=request method=GET path=/api/v1/competition/leaderboard status=200 duration_ms=2 request_id=ab79be20-4d4b-4886-8bdf-779c3a6e02a4
time=2026-05-04T14:16:27.941+05:30 level=INFO msg=request method=GET path=/api/v1/competition/leaderboard status=200 duration_ms=2 request_id=33b4c740-7ecc-48e8-9759-a5edf0668c80
time=2026-05-04T14:16:28.719+05:30 level=INFO msg=request method=OPTIONS path=/api/v1/auth/login status=204 duration_ms=0 request_id=9563742d-b642-44db-8ac1-803c83ab179c
time=2026-05-04T14:16:28.770+05:30 level=INFO msg=request method=POST path=/api/v1/auth/login status=200 duration_ms=50 request_id=074460e6-aed1-481c-966d-0b1414658447
time=2026-05-04T14:16:31.769+05:30 level=INFO msg=request method=OPTIONS path=/api/v1/outlets/112847 status=204 duration_ms=0 request_id=89bf844a-4825-471f-a6a6-90b4718863c0
time=2026-05-04T14:16:31.769+05:30 level=INFO msg=request method=OPTIONS path=/api/v1/outlets/112847/performance status=204 duration_ms=0 request_id=81f88da8-8270-49f7-b0b6-05f9c6e5fa92
time=2026-05-04T14:16:31.771+05:30 level=INFO msg=request method=GET path=/api/v1/outlets/112847/performance status=200 duration_ms=1 request_id=2cf726af-4575-4be5-b851-3cb9e5694080
time=2026-05-04T14:16:31.771+05:30 level=INFO msg=request method=GET path=/api/v1/outlets/112847 status=200 duration_ms=1 request_id=7d63d271-db08-437c-93b0-a9a17ee12838
time=2026-05-04T14:16:31.783+05:30 level=INFO msg=request method=OPTIONS path=/api/v1/outlets/112847/targets status=204 duration_ms=0 request_id=9bebf065-dd8e-4b04-b0cd-051c41a3a551
time=2026-05-04T14:16:31.784+05:30 level=INFO msg=request method=GET path=/api/v1/outlets/112847/targets status=200 duration_ms=1 request_id=30177914-c6db-49ed-b8cc-ffdda6f186cc
time=2026-05-04T14:16:31.785+05:30 level=INFO msg=request method=OPTIONS path=/api/v1/outlets/112847/analysis status=204 duration_ms=0 request_id=da9960b8-c4cb-4f08-9bef-f4264f617634
time=2026-05-04T14:16:31.785+05:30 level=INFO msg=request method=OPTIONS path=/api/v1/competition/leaderboard status=204 duration_ms=0 request_id=b76263a8-2b66-4b53-8fba-c8c1cbaeb0e4
time=2026-05-04T14:16:31.786+05:30 level=INFO msg=request method=OPTIONS path=/api/v1/competition/c0000000-0001-0001-0001-000000000001/market-share-status status=204 duration_ms=0 request_id=90954947-65b8-4bd5-9cc1-69bc1431c268
time=2026-05-04T14:16:31.786+05:30 level=INFO msg=request method=GET path=/api/v1/competition/c0000000-0001-0001-0001-000000000001/market-share-status status=429 duration_ms=0 request_id=f5fe769e-931f-4878-8f9d-144a451c9f3a
time=2026-05-04T14:16:31.787+05:30 level=INFO msg=request method=GET path=/api/v1/outlets/112847/analysis status=200 duration_ms=1 request_id=a38131f5-4c87-414d-b7ae-179f5f772eef
time=2026-05-04T14:16:31.790+05:30 level=INFO msg=request method=GET path=/api/v1/competition/leaderboard status=200 duration_ms=4 request_id=e6ad627f-38bd-4161-8a6f-58bb1b6a8051
time=2026-05-04T14:16:34.568+05:30 level=INFO msg=request method=OPTIONS path=/api/v1/auth/login status=204 duration_ms=0 request_id=3a9f46d1-0d27-42e5-85c7-4875bc4d1e55
time=2026-05-04T14:16:34.622+05:30 level=INFO msg=request method=POST path=/api/v1/auth/login status=200 duration_ms=53 request_id=aaa58466-6c2b-4789-8444-dc163f1ef27b
time=2026-05-04T14:16:37.620+05:30 level=INFO msg=request method=OPTIONS path=/api/v1/outlets/112847 status=204 duration_ms=0 request_id=31059ef8-c344-44de-be37-efd4b2239099
time=2026-05-04T14:16:37.620+05:30 level=INFO msg=request method=OPTIONS path=/api/v1/outlets/112847/performance status=204 duration_ms=0 request_id=898b9963-576b-44c7-8fbe-caf6e81a7825
time=2026-05-04T14:16:37.626+05:30 level=INFO msg=request method=GET path=/api/v1/outlets/112847/performance status=200 duration_ms=3 request_id=ad08f6d3-61ac-47f3-954f-6a0adc2a1a9b
time=2026-05-04T14:16:37.627+05:30 level=INFO msg=request method=GET path=/api/v1/outlets/112847 status=200 duration_ms=5 request_id=e8043d15-2d67-456e-b8a8-d48cbd45a26b
time=2026-05-04T14:16:37.632+05:30 level=INFO msg=request method=OPTIONS path=/api/v1/outlets/112847/targets status=204 duration_ms=0 request_id=ba3c51ff-5672-402f-afe2-96c6b2da7e4e
time=2026-05-04T14:16:37.635+05:30 level=INFO msg=request method=GET path=/api/v1/outlets/112847/targets status=200 duration_ms=2 request_id=c3cfad76-65e0-415a-b8b2-76186fca3db5
time=2026-05-04T14:16:37.637+05:30 level=INFO msg=request method=OPTIONS path=/api/v1/outlets/112847/analysis status=204 duration_ms=0 request_id=68bf058f-5758-43ba-b122-73eeaf6a2fdf
time=2026-05-04T14:16:37.638+05:30 level=INFO msg=request method=OPTIONS path=/api/v1/competition/leaderboard status=204 duration_ms=0 request_id=bbe3d60e-c497-4f29-9417-00b3830f0845
time=2026-05-04T14:16:37.638+05:30 level=INFO msg=request method=OPTIONS path=/api/v1/competition/c0000000-0001-0001-0001-000000000001/market-share-status status=204 duration_ms=0 request_id=83954e0b-9995-46e0-b8be-89e0f13e9b7a
time=2026-05-04T14:16:37.641+05:30 level=INFO msg=request method=GET path=/api/v1/outlets/112847/analysis status=200 duration_ms=3 request_id=95006062-f7e8-487c-a720-281311d468bf
time=2026-05-04T14:16:37.642+05:30 level=INFO msg=request method=GET path=/api/v1/competition/leaderboard status=200 duration_ms=3 request_id=78b2b504-f3a1-4ec6-bd26-e000df7b1ee6
time=2026-05-04T14:16:37.646+05:30 level=INFO msg=request method=GET path=/api/v1/competition/c0000000-0001-0001-0001-000000000001/market-share-status status=200 duration_ms=7 request_id=7b71eb63-2b2b-41c2-aa62-30809131ff4f
time=2026-05-04T14:16:41.434+05:30 level=INFO msg=request method=OPTIONS path=/api/v1/auth/login status=204 duration_ms=0 request_id=3e3ec812-165e-4527-b24a-e5774a7c8f00
time=2026-05-04T14:16:41.490+05:30 level=INFO msg=request method=POST path=/api/v1/auth/login status=200 duration_ms=54 request_id=788131eb-097d-4391-b500-b4e5d67955ba
time=2026-05-04T14:16:46.602+05:30 level=INFO msg=request method=POST path=/api/v1/auth/login status=401 duration_ms=1 request_id=be15428a-924d-43c5-aec5-8a8819c5cf57
time=2026-05-04T14:16:46.607+05:30 level=INFO msg=request method=POST path=/api/v1/auth/login status=401 duration_ms=0 request_id=275ad25a-3a31-4cec-b3b3-e9be8596e3a6
time=2026-05-04T14:16:47.827+05:30 level=INFO msg=request method=GET path=/api/v1/auth/me status=401 duration_ms=0 request_id=60cdb7f8-2d7b-404c-a4fe-029ef596a9cd
time=2026-05-04T14:16:47.831+05:30 level=INFO msg=request method=GET path=/api/v1/outlets/112847 status=401 duration_ms=0 request_id=7deb4908-e352-475f-b078-14076c3ba6b8
time=2026-05-04T14:16:47.884+05:30 level=INFO msg=request method=POST path=/api/v1/auth/login status=200 duration_ms=48 request_id=519b0247-60f9-4bda-8717-de969f3fe65a
time=2026-05-04T14:16:47.888+05:30 level=INFO msg=request method=GET path=/health status=200 duration_ms=0 request_id=e7d4260f-06d7-4bd9-9316-c83f59951ae9
time=2026-05-04T14:16:58.767+05:30 level=INFO msg=request method=POST path=/api/v1/auth/login status=401 duration_ms=1 request_id=7de9971f-4728-4112-9081-9275fc20472a
time=2026-05-04T14:16:58.777+05:30 level=INFO msg=request method=POST path=/api/v1/auth/login status=401 duration_ms=1 request_id=ea700084-8073-4c1c-be97-20297c08975a
time=2026-05-04T14:17:00.113+05:30 level=INFO msg=request method=GET path=/api/v1/auth/me status=401 duration_ms=0 request_id=48bfa91a-08b6-4ac6-8438-a456ebcd2f50
time=2026-05-04T14:17:00.119+05:30 level=INFO msg=request method=GET path=/api/v1/outlets/112847 status=401 duration_ms=0 request_id=d60721ae-09b3-496c-a78a-56e230726336
time=2026-05-04T14:17:00.172+05:30 level=INFO msg=request method=POST path=/api/v1/auth/login status=200 duration_ms=48 request_id=c071eeeb-3be0-41d7-a2eb-1968d32f909b
time=2026-05-04T14:17:00.177+05:30 level=INFO msg=request method=GET path=/health status=200 duration_ms=0 request_id=6a69ca95-a34b-4fff-8ada-7e9f5a951596
time=2026-05-04T14:17:01.585+05:30 level=INFO msg=request method=OPTIONS path=/api/v1/auth/login status=204 duration_ms=0 request_id=0d356538-03de-4854-8cef-38b0aee3c031
time=2026-05-04T14:17:01.638+05:30 level=INFO msg=request method=POST path=/api/v1/auth/login status=200 duration_ms=52 request_id=81a05c94-513d-4b80-96e3-7f6712a4618b
time=2026-05-04T14:17:04.635+05:30 level=INFO msg=request method=OPTIONS path=/api/v1/outlets/112847 status=204 duration_ms=0 request_id=7f1f6300-cca9-47ad-9f7d-9da124e622e6
time=2026-05-04T14:17:04.635+05:30 level=INFO msg=request method=OPTIONS path=/api/v1/outlets/112847/performance status=204 duration_ms=0 request_id=da7c1760-8889-4bca-b3af-f9c37ebb88a8
time=2026-05-04T14:17:04.638+05:30 level=INFO msg=request method=GET path=/api/v1/outlets/112847/performance status=200 duration_ms=1 request_id=3d472da0-fa85-4843-b7d4-6218e61a4e4f
time=2026-05-04T14:17:04.638+05:30 level=INFO msg=request method=GET path=/api/v1/outlets/112847 status=200 duration_ms=2 request_id=f3142cab-5e01-4c0a-a660-610797f7f071
time=2026-05-04T14:17:04.649+05:30 level=INFO msg=request method=OPTIONS path=/api/v1/outlets/112847/targets status=204 duration_ms=0 request_id=b4b671a2-3ccd-4680-9d60-9759c00b9d09
time=2026-05-04T14:17:04.651+05:30 level=INFO msg=request method=GET path=/api/v1/outlets/112847/targets status=200 duration_ms=1 request_id=da39401b-b430-44c8-8992-8bba453c429c
time=2026-05-04T14:17:04.652+05:30 level=INFO msg=request method=OPTIONS path=/api/v1/outlets/112847/analysis status=204 duration_ms=0 request_id=866ddd2e-27cb-4853-b3be-070b43e70fee
time=2026-05-04T14:17:04.652+05:30 level=INFO msg=request method=OPTIONS path=/api/v1/competition/leaderboard status=204 duration_ms=0 request_id=7365aa4e-f35c-4494-b596-b70072ad4f2a
time=2026-05-04T14:17:04.653+05:30 level=INFO msg=request method=OPTIONS path=/api/v1/competition/c0000000-0001-0001-0001-000000000001/market-share-status status=204 duration_ms=0 request_id=349a786f-079b-490a-984f-b7dad70f058e
time=2026-05-04T14:17:04.655+05:30 level=INFO msg=request method=GET path=/api/v1/competition/leaderboard status=200 duration_ms=2 request_id=5ba68bca-f8b0-4c16-b574-03598ffe99d1
time=2026-05-04T14:17:04.655+05:30 level=INFO msg=request method=GET path=/api/v1/outlets/112847/analysis status=200 duration_ms=2 request_id=e802aa69-d34c-44cc-92f4-efd2bb5e9a81
time=2026-05-04T14:17:04.658+05:30 level=INFO msg=request method=GET path=/api/v1/competition/c0000000-0001-0001-0001-000000000001/market-share-status status=200 duration_ms=5 request_id=789c8726-44fb-4765-96b8-5688f993c700
time=2026-05-04T14:17:08.435+05:30 level=INFO msg=request method=OPTIONS path=/api/v1/auth/login status=204 duration_ms=0 request_id=1f9f65be-bf2d-41a8-95a8-72630b54e59c
time=2026-05-04T14:17:08.487+05:30 level=INFO msg=request method=POST path=/api/v1/auth/login status=200 duration_ms=52 request_id=c8870d4e-dbc5-43c7-85bb-2dbd41fda9fd
time=2026-05-04T14:17:11.485+05:30 level=INFO msg=request method=OPTIONS path=/api/v1/outlets/112847 status=204 duration_ms=0 request_id=7746eb5d-4145-4848-ba23-732e1ee10539
time=2026-05-04T14:17:11.485+05:30 level=INFO msg=request method=OPTIONS path=/api/v1/outlets/112847/performance status=204 duration_ms=0 request_id=a8225854-102b-4aad-a2bd-f84a93f1b7b4
time=2026-05-04T14:17:11.488+05:30 level=INFO msg=request method=GET path=/api/v1/outlets/112847/performance status=200 duration_ms=1 request_id=cb78c1ef-0b6c-4218-928b-e9f116b92468
time=2026-05-04T14:17:11.488+05:30 level=INFO msg=request method=GET path=/api/v1/outlets/112847 status=200 duration_ms=2 request_id=ff2ab697-a9c5-4286-828b-d0dfdbed6989
time=2026-05-04T14:17:11.498+05:30 level=INFO msg=request method=OPTIONS path=/api/v1/outlets/112847/targets status=204 duration_ms=0 request_id=0ab192b6-fe19-4d1e-9f4c-b0f58cc576d7
time=2026-05-04T14:17:11.500+05:30 level=INFO msg=request method=GET path=/api/v1/outlets/112847/targets status=200 duration_ms=1 request_id=e489f29d-6761-4847-bc0e-b1ad0425d208
time=2026-05-04T14:17:11.501+05:30 level=INFO msg=request method=OPTIONS path=/api/v1/outlets/112847/analysis status=204 duration_ms=0 request_id=f6383b53-3377-4618-9642-ad7eca0cff39
time=2026-05-04T14:17:11.501+05:30 level=INFO msg=request method=OPTIONS path=/api/v1/competition/leaderboard status=204 duration_ms=0 request_id=a414d9ed-0eda-489a-ae98-a868dbec6f02
time=2026-05-04T14:17:11.501+05:30 level=INFO msg=request method=OPTIONS path=/api/v1/competition/c0000000-0001-0001-0001-000000000001/market-share-status status=204 duration_ms=0 request_id=f691673c-cf54-4a23-b39e-3003f0cf47bd
time=2026-05-04T14:17:11.503+05:30 level=INFO msg=request method=GET path=/api/v1/outlets/112847/analysis status=200 duration_ms=1 request_id=7030861e-1ccf-489e-be5e-3f7b6f43238f
time=2026-05-04T14:17:11.505+05:30 level=INFO msg=request method=GET path=/api/v1/competition/leaderboard status=200 duration_ms=3 request_id=8087a0e2-3779-4b7f-9302-67f36ff3ccfe
time=2026-05-04T14:17:11.506+05:30 level=INFO msg=request method=GET path=/api/v1/competition/c0000000-0001-0001-0001-000000000001/market-share-status status=200 duration_ms=4 request_id=2e0e4492-91b3-40c5-b4f1-b09d1451771b
time=2026-05-04T14:17:15.285+05:30 level=INFO msg=request method=OPTIONS path=/api/v1/auth/login status=204 duration_ms=0 request_id=bef339a9-bbf2-4328-a6e0-faa0e0ed3db9
time=2026-05-04T14:17:15.339+05:30 level=INFO msg=request method=POST path=/api/v1/auth/login status=200 duration_ms=54 request_id=ff17f0d6-f22d-4f3c-9d2b-e7a0ce1b1c54
time=2026-05-04T14:17:18.335+05:30 level=INFO msg=request method=OPTIONS path=/api/v1/outlets/112847 status=204 duration_ms=0 request_id=1bdc8ee7-0e4e-4be3-9f3a-0efe014b6656
time=2026-05-04T14:17:18.335+05:30 level=INFO msg=request method=OPTIONS path=/api/v1/outlets/112847/performance status=204 duration_ms=0 request_id=e6cd76ba-8099-4198-b2f9-81282ee763be
time=2026-05-04T14:17:18.337+05:30 level=INFO msg=request method=GET path=/api/v1/outlets/112847/performance status=200 duration_ms=1 request_id=73380c8f-0683-4366-80b8-f832c1708f4a
time=2026-05-04T14:17:18.338+05:30 level=INFO msg=request method=GET path=/api/v1/outlets/112847 status=200 duration_ms=2 request_id=459a56c2-84c0-4eda-896c-5dfdf0c3414d
time=2026-05-04T14:17:18.349+05:30 level=INFO msg=request method=OPTIONS path=/api/v1/outlets/112847/targets status=204 duration_ms=0 request_id=006e7579-cb16-4642-beda-2305239b4e99
time=2026-05-04T14:17:18.351+05:30 level=INFO msg=request method=GET path=/api/v1/outlets/112847/targets status=200 duration_ms=1 request_id=aa2e3581-70c9-4a27-a064-d44cc73eb588
time=2026-05-04T14:17:18.352+05:30 level=INFO msg=request method=OPTIONS path=/api/v1/outlets/112847/analysis status=204 duration_ms=0 request_id=d18dcd6d-8d37-40b1-a9fe-8f7bb8071503
time=2026-05-04T14:17:18.352+05:30 level=INFO msg=request method=OPTIONS path=/api/v1/competition/leaderboard status=204 duration_ms=0 request_id=2e5ef099-6055-4006-892b-8b98c6ad602d
time=2026-05-04T14:17:18.352+05:30 level=INFO msg=request method=OPTIONS path=/api/v1/competition/c0000000-0001-0001-0001-000000000001/market-share-status status=204 duration_ms=0 request_id=446f50b9-07b3-426e-b4f6-ce87078f9600
time=2026-05-04T14:17:18.354+05:30 level=INFO msg=request method=GET path=/api/v1/outlets/112847/analysis status=200 duration_ms=1 request_id=eabc6dd6-44b6-4ad3-a5af-b5a22ec4f2dc
time=2026-05-04T14:17:18.355+05:30 level=INFO msg=request method=GET path=/api/v1/competition/leaderboard status=200 duration_ms=2 request_id=b51bf143-e922-48dd-b725-d25f84b93aaf
time=2026-05-04T14:17:18.356+05:30 level=INFO msg=request method=GET path=/api/v1/competition/c0000000-0001-0001-0001-000000000001/market-share-status status=200 duration_ms=3 request_id=8aa126a0-7de8-4928-99c6-fa62580b432d
time=2026-05-04T14:17:22.151+05:30 level=INFO msg=request method=OPTIONS path=/api/v1/auth/login status=204 duration_ms=0 request_id=438cfbd4-f02d-4ca8-ae8f-c87a8dcff204
time=2026-05-04T14:17:22.205+05:30 level=INFO msg=request method=POST path=/api/v1/auth/login status=200 duration_ms=53 request_id=65c96427-e7c9-42fc-af01-e2041625a3b3
time=2026-05-04T14:17:25.202+05:30 level=INFO msg=request method=OPTIONS path=/api/v1/outlets/999999/performance status=204 duration_ms=0 request_id=43d3ec19-1a08-4131-aae1-def9b541a37e
time=2026-05-04T14:17:25.202+05:30 level=INFO msg=request method=OPTIONS path=/api/v1/outlets/999999 status=204 duration_ms=0 request_id=5f12205a-79b7-45a8-9875-37a02f2cf2c4
time=2026-05-04T14:17:25.204+05:30 level=INFO msg=request method=GET path=/api/v1/outlets/999999 status=404 duration_ms=0 request_id=4e78778d-a5f0-45b5-a36d-25f0898b1407
time=2026-05-04T14:17:25.204+05:30 level=INFO msg=request method=GET path=/api/v1/outlets/999999/performance status=404 duration_ms=0 request_id=a9509b14-c232-4e2f-9fe7-4344a00e61f5
time=2026-05-04T14:17:28.009+05:30 level=INFO msg=request method=POST path=/api/v1/auth/login status=200 duration_ms=49 request_id=4a0353bd-fab8-497d-b7ae-8cb2a1b4b601
time=2026-05-04T14:17:28.016+05:30 level=INFO msg=request method=GET path=/api/v1/territory/outlets status=200 duration_ms=4 request_id=891a5186-28b0-47fb-b727-8981004e758e
time=2026-05-04T14:17:28.075+05:30 level=INFO msg=request method=POST path=/api/v1/auth/login status=200 duration_ms=49 request_id=df0e15a1-7041-4cc6-83c2-4a1387888214
time=2026-05-04T14:17:28.076+05:30 level=INFO msg=request method=GET path=/api/v1/territory/outlets status=403 duration_ms=0 request_id=f12c1731-340a-40ac-bb65-d79d5004d978
time=2026-05-04T14:17:28.129+05:30 level=INFO msg=request method=POST path=/api/v1/auth/login status=200 duration_ms=48 request_id=782c120f-af44-4ee3-bb7b-fb6eedd5af87
time=2026-05-04T14:17:28.142+05:30 level=INFO msg=request method=GET path=/api/v1/territory/outlets status=200 duration_ms=12 request_id=93a889cb-aec8-45d9-8024-0c85cef38ca3
time=2026-05-04T14:17:29.552+05:30 level=INFO msg=request method=OPTIONS path=/api/v1/auth/login status=204 duration_ms=0 request_id=1ad4a61c-3d09-4143-af6a-a8fb8c022dd1
time=2026-05-04T14:17:29.605+05:30 level=INFO msg=request method=POST path=/api/v1/auth/login status=200 duration_ms=52 request_id=0e085793-ab0b-4040-b74b-86664885dfb0
time=2026-05-04T14:17:35.702+05:30 level=INFO msg=request method=OPTIONS path=/api/v1/auth/login status=204 duration_ms=0 request_id=b8ae525f-4621-4cd8-a8e5-d9ee9f1f5e2d
time=2026-05-04T14:17:35.755+05:30 level=INFO msg=request method=POST path=/api/v1/auth/login status=200 duration_ms=52 request_id=65e45565-907a-4227-afbb-7243404d141d
time=2026-05-04T14:17:41.129+05:30 level=INFO msg=request method=POST path=/api/v1/auth/login status=200 duration_ms=49 request_id=e2437b65-dc27-4ce9-aff3-ddfeeee65b30
time=2026-05-04T14:17:41.135+05:30 level=INFO msg=request method=GET path=/api/v1/competition/leaderboard status=200 duration_ms=3 request_id=b17fa222-25e0-4536-8939-71828188d903
time=2026-05-04T14:17:41.147+05:30 level=INFO msg=request method=GET path=/api/v1/competition/leaderboard status=200 duration_ms=3 request_id=34cb35c7-2cd4-4de6-8c0b-62cd57edd942
time=2026-05-04T14:17:45.452+05:30 level=INFO msg=request method=POST path=/api/v1/auth/login status=200 duration_ms=50 request_id=668b80ee-4fc5-4701-9499-a1553f4caefb
time=2026-05-04T14:17:45.463+05:30 level=INFO msg=request method=GET path=/api/v1/territory/outlets status=200 duration_ms=7 request_id=61ba0c75-e81a-4af6-9425-d22504dd10b8
time=2026-05-04T14:17:45.477+05:30 level=INFO msg=request method=GET path=/api/v1/outlets/112386/performance status=200 duration_ms=1 request_id=d9f50222-8592-46a6-b63a-3c6526594312
time=2026-05-04T14:17:45.478+05:30 level=INFO msg=request method=GET path=/api/v1/outlets/255872/performance status=200 duration_ms=1 request_id=a925e594-0eb2-4358-9b59-f1c2638592ab
time=2026-05-04T14:17:45.490+05:30 level=INFO msg=request method=GET path=/api/v1/outlets/112417/performance status=429 duration_ms=0 request_id=65bf0974-5efc-49c8-8ba9-bd390f1c20b7
time=2026-05-04T14:17:45.490+05:30 level=INFO msg=request method=GET path=/api/v1/outlets/127090/performance status=429 duration_ms=0 request_id=c1fd3c99-fb4a-4796-9dab-2076c1bf000a
time=2026-05-04T14:17:45.490+05:30 level=INFO msg=request method=GET path=/api/v1/outlets/112847/performance status=429 duration_ms=0 request_id=e44d242c-12d0-4f8a-a011-e7848a22139c
time=2026-05-04T14:17:45.490+05:30 level=INFO msg=request method=GET path=/api/v1/outlets/112431/performance status=429 duration_ms=0 request_id=8a807f21-9954-4db9-8950-c1628f948d4b
time=2026-05-04T14:17:45.490+05:30 level=INFO msg=request method=GET path=/api/v1/outlets/112448/performance status=429 duration_ms=0 request_id=8a430372-0709-4100-91e6-104eca1e503b
time=2026-05-04T14:17:45.490+05:30 level=INFO msg=request method=GET path=/api/v1/outlets/112450/performance status=429 duration_ms=0 request_id=dfcb9844-6358-4b74-b70b-fc681bea3a9d
time=2026-05-04T14:17:45.490+05:30 level=INFO msg=request method=GET path=/api/v1/outlets/244099/performance status=429 duration_ms=0 request_id=35eaed98-91b4-4cf3-a58b-cab5c1d9aecd
time=2026-05-04T14:17:45.490+05:30 level=INFO msg=request method=GET path=/api/v1/outlets/112458/performance status=429 duration_ms=0 request_id=40e1a130-0d02-45a5-83c9-b2f94805a345
time=2026-05-04T14:17:45.490+05:30 level=INFO msg=request method=GET path=/api/v1/outlets/112438/performance status=429 duration_ms=0 request_id=1d5ea84a-99b8-4d82-82b7-62c4ab72bfe3
time=2026-05-04T14:17:45.490+05:30 level=INFO msg=request method=GET path=/api/v1/outlets/112456/performance status=429 duration_ms=0 request_id=50e0ec58-c98f-45f8-9af0-eb3c307bf2bb
time=2026-05-04T14:17:45.490+05:30 level=INFO msg=request method=GET path=/api/v1/outlets/129151/performance status=429 duration_ms=0 request_id=4cba547d-c4c7-4627-b4d0-07a321cdc3eb
time=2026-05-04T14:17:45.491+05:30 level=INFO msg=request method=GET path=/api/v1/outlets/131712/performance status=429 duration_ms=0 request_id=cdc679a9-2820-4405-91b6-7ac34c764d42
time=2026-05-04T14:17:45.490+05:30 level=INFO msg=request method=GET path=/api/v1/outlets/111234/performance status=429 duration_ms=0 request_id=2ba6da1f-934a-45f1-acfd-9d6d81fea42d
time=2026-05-04T14:17:45.491+05:30 level=INFO msg=request method=GET path=/api/v1/outlets/110234/performance status=429 duration_ms=0 request_id=452133fc-c468-48c8-8546-98655e714334
time=2026-05-04T14:17:45.491+05:30 level=INFO msg=request method=GET path=/api/v1/outlets/113234/performance status=429 duration_ms=0 request_id=4a0128c7-5873-4524-98a2-acd91c712957
time=2026-05-04T14:17:45.491+05:30 level=INFO msg=request method=GET path=/api/v1/outlets/111456/performance status=429 duration_ms=0 request_id=99c64bb3-ca45-468b-b99f-ffc3d8e814a5
time=2026-05-04T14:17:45.491+05:30 level=INFO msg=request method=GET path=/api/v1/outlets/250828/performance status=429 duration_ms=0 request_id=4670287c-712b-4812-a10d-21fa34e2765c
time=2026-05-04T14:17:45.491+05:30 level=INFO msg=request method=GET path=/api/v1/outlets/113456/performance status=429 duration_ms=0 request_id=b16da794-062c-4379-842e-ed2823104d88
time=2026-05-04T14:17:45.491+05:30 level=INFO msg=request method=GET path=/api/v1/outlets/119876/performance status=429 duration_ms=0 request_id=086a7df5-bb36-4f1e-8703-a48836611f1f
time=2026-05-04T14:17:45.491+05:30 level=INFO msg=request method=GET path=/api/v1/outlets/112012/performance status=429 duration_ms=0 request_id=95e2b045-dc5e-4eae-a174-ff3c06c60910
time=2026-05-04T14:17:45.491+05:30 level=INFO msg=request method=GET path=/api/v1/outlets/118345/performance status=429 duration_ms=0 request_id=c53b47ce-7635-4626-89b9-51932f157054
time=2026-05-04T14:17:45.491+05:30 level=INFO msg=request method=GET path=/api/v1/outlets/113890/performance status=429 duration_ms=0 request_id=64a3e29e-1413-451e-af77-47e7d78d4391
time=2026-05-04T14:17:45.491+05:30 level=INFO msg=request method=GET path=/api/v1/outlets/112441/performance status=429 duration_ms=0 request_id=1a932f33-a095-4196-b74f-c6dde46bb33d
time=2026-05-04T14:17:45.491+05:30 level=INFO msg=request method=GET path=/api/v1/outlets/112457/performance status=429 duration_ms=0 request_id=4493d4d1-7c39-472c-a5f7-3d2f69e88958
time=2026-05-04T14:17:45.491+05:30 level=INFO msg=request method=GET path=/api/v1/outlets/107634/performance status=429 duration_ms=0 request_id=1108c8a4-6c95-45bd-a061-073e60f41558
time=2026-05-04T14:17:45.491+05:30 level=INFO msg=request method=GET path=/api/v1/outlets/112460/performance status=429 duration_ms=0 request_id=e82cfb6d-5d86-4ea5-bf95-3ad6479ae3af
time=2026-05-04T14:17:45.491+05:30 level=INFO msg=request method=GET path=/api/v1/outlets/112462/performance status=429 duration_ms=0 request_id=7ccf96fd-5c69-4663-bb0f-1ae839687619
time=2026-05-04T14:17:45.491+05:30 level=INFO msg=request method=GET path=/api/v1/outlets/236924/performance status=429 duration_ms=0 request_id=3368ca57-2196-4309-8d24-b37d30a8d400
time=2026-05-04T14:17:45.491+05:30 level=INFO msg=request method=GET path=/api/v1/outlets/112387/performance status=429 duration_ms=0 request_id=660576d1-ff19-46b1-b50c-d1ca70081c71
time=2026-05-04T14:17:45.491+05:30 level=INFO msg=request method=GET path=/api/v1/outlets/112383/performance status=429 duration_ms=0 request_id=a21615cb-44ef-406c-827f-933be962c818
time=2026-05-04T14:17:45.491+05:30 level=INFO msg=request method=GET path=/api/v1/outlets/112392/performance status=429 duration_ms=0 request_id=cb8b9534-7faa-4640-b2fd-96423904a8c7
time=2026-05-04T14:17:45.491+05:30 level=INFO msg=request method=GET path=/api/v1/outlets/112391/performance status=429 duration_ms=0 request_id=093eb011-a28a-4fdb-8707-2c75b305a3b9
time=2026-05-04T14:17:45.491+05:30 level=INFO msg=request method=GET path=/api/v1/outlets/112393/performance status=429 duration_ms=0 request_id=6bd0d28f-c23b-46bf-ad41-d8bd938f8ad6
time=2026-05-04T14:17:45.491+05:30 level=INFO msg=request method=GET path=/api/v1/outlets/156837/performance status=429 duration_ms=0 request_id=9c628904-e5a1-4be2-b0f2-d4f45bf797bf
time=2026-05-04T14:17:45.491+05:30 level=INFO msg=request method=GET path=/api/v1/outlets/112397/performance status=429 duration_ms=0 request_id=005349d9-96dc-4b40-ab55-ca1b7d75131e
time=2026-05-04T14:17:45.491+05:30 level=INFO msg=request method=GET path=/api/v1/outlets/112398/performance status=429 duration_ms=0 request_id=37f2e2ff-7834-46c8-90a6-b3ec6fd95499
time=2026-05-04T14:17:45.491+05:30 level=INFO msg=request method=GET path=/api/v1/outlets/112345/performance status=429 duration_ms=0 request_id=01836195-7255-433f-bfc0-ea3a8b0cf528
time=2026-05-04T14:17:45.491+05:30 level=INFO msg=request method=GET path=/api/v1/outlets/112401/performance status=429 duration_ms=0 request_id=d745657c-36a0-4f50-a729-a09eaf3bff83
time=2026-05-04T14:17:45.491+05:30 level=INFO msg=request method=GET path=/api/v1/outlets/112429/performance status=429 duration_ms=0 request_id=d7fcdeea-fbde-4c80-80f5-ff27866128ea
time=2026-05-04T14:17:45.491+05:30 level=INFO msg=request method=GET path=/api/v1/outlets/157172/performance status=429 duration_ms=0 request_id=a621e9e7-b0f5-4250-b523-2085cb075de5
time=2026-05-04T14:17:45.491+05:30 level=INFO msg=request method=GET path=/api/v1/outlets/112434/performance status=429 duration_ms=0 request_id=0619f271-6d0f-42ee-a1d1-b80da2831abc
time=2026-05-04T14:17:45.491+05:30 level=INFO msg=request method=GET path=/api/v1/outlets/112444/performance status=429 duration_ms=0 request_id=317b745f-18fc-4a6d-aba6-137afdb109c1
time=2026-05-04T14:17:45.491+05:30 level=INFO msg=request method=GET path=/api/v1/outlets/112436/performance status=429 duration_ms=0 request_id=7870eade-9a23-4781-ab1d-4b19ea6d395c
time=2026-05-04T14:17:45.491+05:30 level=INFO msg=request method=GET path=/api/v1/outlets/108923/performance status=429 duration_ms=0 request_id=5d9a318f-4f62-431c-9c01-10b57ca34ca8
time=2026-05-04T14:17:45.491+05:30 level=INFO msg=request method=GET path=/api/v1/outlets/112789/performance status=429 duration_ms=0 request_id=2f6023cd-da2f-4ccf-9fb3-4505ab11773f
time=2026-05-04T14:17:45.491+05:30 level=INFO msg=request method=GET path=/api/v1/outlets/112445/performance status=429 duration_ms=0 request_id=cbdec865-8adf-4115-9197-aae493458206
time=2026-05-04T14:17:45.491+05:30 level=INFO msg=request method=GET path=/api/v1/outlets/112453/performance status=429 duration_ms=0 request_id=a2785c48-01b2-483f-8310-79d9bb12991f
time=2026-05-04T14:17:45.491+05:30 level=INFO msg=request method=GET path=/api/v1/outlets/112454/performance status=429 duration_ms=0 request_id=9551bd17-c4b7-4a40-b9c4-13b9d25d923a
time=2026-05-04T14:17:45.491+05:30 level=INFO msg=request method=GET path=/api/v1/outlets/114234/performance status=429 duration_ms=0 request_id=54625419-66aa-4de9-9a76-c8735d3ff669
time=2026-05-04T14:17:45.491+05:30 level=INFO msg=request method=GET path=/api/v1/outlets/151186/performance status=429 duration_ms=0 request_id=fc53aee3-f0cb-452a-acd9-fe9bb2ec7d3d
time=2026-05-04T14:17:45.491+05:30 level=INFO msg=request method=GET path=/api/v1/outlets/198868/performance status=429 duration_ms=0 request_id=7d179c3a-00c8-4cad-b756-51e93115dce2
time=2026-05-04T14:17:45.491+05:30 level=INFO msg=request method=GET path=/api/v1/outlets/118567/performance status=429 duration_ms=0 request_id=81c0850b-1891-456d-9f85-490b59027649
time=2026-05-04T14:17:45.491+05:30 level=INFO msg=request method=GET path=/api/v1/outlets/118012/performance status=429 duration_ms=0 request_id=ba569b59-3839-4745-ad9b-c3647384e90a
time=2026-05-04T14:17:45.491+05:30 level=INFO msg=request method=GET path=/api/v1/outlets/112402/performance status=429 duration_ms=0 request_id=4016dd91-a989-4687-995c-99d53df7114e
time=2026-05-04T14:17:45.491+05:30 level=INFO msg=request method=GET path=/api/v1/outlets/109251/performance status=429 duration_ms=0 request_id=785374cd-7dba-407f-af04-0765a60d7a7b
time=2026-05-04T14:17:45.491+05:30 level=INFO msg=request method=GET path=/api/v1/outlets/168006/performance status=429 duration_ms=0 request_id=e2a3beec-8068-4486-86f4-a33abe375f71
time=2026-05-04T14:17:45.491+05:30 level=INFO msg=request method=GET path=/api/v1/outlets/112407/performance status=429 duration_ms=0 request_id=893ce6bd-a116-48a9-b636-da5d30e14040
time=2026-05-04T14:17:45.491+05:30 level=INFO msg=request method=GET path=/api/v1/outlets/117890/performance status=429 duration_ms=0 request_id=c38a3aba-121c-4b3c-83ef-718a3ce06e4d
time=2026-05-04T14:17:45.491+05:30 level=INFO msg=request method=GET path=/api/v1/outlets/148413/performance status=429 duration_ms=0 request_id=8d56dfd4-556b-47e1-9ff5-51c1352fb7c8
time=2026-05-04T14:17:45.491+05:30 level=INFO msg=request method=GET path=/api/v1/outlets/112420/performance status=429 duration_ms=0 request_id=0679eaae-47bf-437e-8464-be851a8ac107
time=2026-05-04T14:17:45.491+05:30 level=INFO msg=request method=GET path=/api/v1/outlets/118901/performance status=429 duration_ms=0 request_id=e3381677-37d6-4d6a-9000-650949b4d030
time=2026-05-04T14:17:45.492+05:30 level=INFO msg=request method=GET path=/api/v1/outlets/198751/performance status=429 duration_ms=0 request_id=1e247ce0-db80-400b-8692-f716b9116fe6
time=2026-05-04T14:17:45.492+05:30 level=INFO msg=request method=GET path=/api/v1/outlets/112415/performance status=429 duration_ms=0 request_id=3eb9b5ea-90e6-4476-9165-a4ff2d0a6cf0
time=2026-05-04T14:17:45.492+05:30 level=INFO msg=request method=GET path=/api/v1/outlets/116456/performance status=429 duration_ms=0 request_id=1870db1f-2da3-4232-b3bc-d8aca611d780
time=2026-05-04T14:17:45.492+05:30 level=INFO msg=request method=GET path=/api/v1/outlets/108765/performance status=429 duration_ms=0 request_id=7d7d2545-f7a2-4994-8f92-7ba635cf30f9
time=2026-05-04T14:17:45.492+05:30 level=INFO msg=request method=GET path=/api/v1/outlets/112384/performance status=429 duration_ms=0 request_id=02e9c9ea-b13c-4787-ac6f-0cf89870367e
time=2026-05-04T14:17:45.492+05:30 level=INFO msg=request method=GET path=/api/v1/outlets/112385/performance status=429 duration_ms=0 request_id=09dbd499-9703-4017-98be-c6d68bf0a734
time=2026-05-04T14:17:45.492+05:30 level=INFO msg=request method=GET path=/api/v1/outlets/119012/performance status=429 duration_ms=0 request_id=981f8595-08e1-4f44-b65a-4475f6d79930
time=2026-05-04T14:17:45.492+05:30 level=INFO msg=request method=GET path=/api/v1/outlets/200922/performance status=200 duration_ms=2 request_id=845dda17-3be0-467c-ab97-9dc13af19e36
time=2026-05-04T14:17:45.492+05:30 level=INFO msg=request method=GET path=/api/v1/outlets/112416/performance status=429 duration_ms=0 request_id=c89ab184-cfbb-4866-bdf8-fee6298ba74a
time=2026-05-04T14:17:45.492+05:30 level=INFO msg=request method=GET path=/api/v1/outlets/112419/performance status=429 duration_ms=0 request_id=fe02f46f-2b49-4f08-b3cc-e8db542c97b9
time=2026-05-04T14:17:45.492+05:30 level=INFO msg=request method=GET path=/api/v1/outlets/112411/performance status=429 duration_ms=0 request_id=e2f18ff9-6ab2-4bc8-bfb6-5a2fc489f178
time=2026-05-04T14:17:45.492+05:30 level=INFO msg=request method=GET path=/api/v1/outlets/112390/performance status=200 duration_ms=2 request_id=119a2688-e163-43d8-9fa3-2f10d17650bf
time=2026-05-04T14:17:45.492+05:30 level=INFO msg=request method=GET path=/api/v1/outlets/112395/performance status=429 duration_ms=0 request_id=bf3b7012-ae05-4118-a68e-d6c8beead090
time=2026-05-04T14:17:45.492+05:30 level=INFO msg=request method=GET path=/api/v1/outlets/112412/performance status=429 duration_ms=0 request_id=67684235-b610-4327-ae04-533d2e0d3dbe
time=2026-05-04T14:17:45.492+05:30 level=INFO msg=request method=GET path=/api/v1/outlets/147286/performance status=429 duration_ms=0 request_id=63275345-9ce2-45b5-ac74-eabe91d9a425
time=2026-05-04T14:17:45.492+05:30 level=INFO msg=request method=GET path=/api/v1/outlets/115012/performance status=429 duration_ms=0 request_id=b8c2d3b4-a6ac-4853-93e7-e8b4f4e218b4
time=2026-05-04T14:17:45.492+05:30 level=INFO msg=request method=GET path=/api/v1/outlets/123784/performance status=429 duration_ms=0 request_id=538bf2a0-501b-47c9-92ad-56eef1ad82ea
time=2026-05-04T14:17:45.492+05:30 level=INFO msg=request method=GET path=/api/v1/outlets/136152/performance status=429 duration_ms=0 request_id=1c1d3a7c-6c24-464b-bd65-427de5aefbd1
time=2026-05-04T14:17:45.492+05:30 level=INFO msg=request method=GET path=/api/v1/outlets/115901/performance status=200 duration_ms=2 request_id=f2c708bc-15d7-4fa8-991c-4da80381e697
time=2026-05-04T14:17:45.492+05:30 level=INFO msg=request method=GET path=/api/v1/outlets/128472/performance status=429 duration_ms=0 request_id=d1048040-6134-49af-8311-25b72657adbd
time=2026-05-04T14:17:45.492+05:30 level=INFO msg=request method=GET path=/api/v1/outlets/112414/performance status=200 duration_ms=2 request_id=b7d4a1b6-db66-4b69-9765-3cadbd3558b7
time=2026-05-04T14:17:45.492+05:30 level=INFO msg=request method=GET path=/api/v1/outlets/112446/performance status=429 duration_ms=0 request_id=d4271792-2556-488d-ab65-33d65a4cf160
time=2026-05-04T14:17:45.492+05:30 level=INFO msg=request method=GET path=/api/v1/outlets/115789/performance status=429 duration_ms=0 request_id=e4604b11-0210-40a6-af1d-9df03562a489
time=2026-05-04T14:17:45.492+05:30 level=INFO msg=request method=GET path=/api/v1/outlets/115634/performance status=429 duration_ms=0 request_id=eeaea53a-0663-410f-bc81-bae4816a85df
time=2026-05-04T14:17:45.492+05:30 level=INFO msg=request method=GET path=/api/v1/outlets/112389/performance status=429 duration_ms=0 request_id=39480383-9bf1-4769-b5ea-051b278b2032
time=2026-05-04T14:17:45.492+05:30 level=INFO msg=request method=GET path=/api/v1/outlets/149238/performance status=429 duration_ms=0 request_id=81db0530-20a5-489f-bc77-b9b85b4e3255
time=2026-05-04T14:17:45.492+05:30 level=INFO msg=request method=GET path=/api/v1/outlets/112418/performance status=429 duration_ms=0 request_id=4f2e7251-eb28-4e5b-8132-81782ca5ee21
time=2026-05-04T14:17:45.492+05:30 level=INFO msg=request method=GET path=/api/v1/outlets/112403/performance status=429 duration_ms=0 request_id=e32b1b78-cc26-4856-81bc-538a951c6c68
time=2026-05-04T14:17:45.492+05:30 level=INFO msg=request method=GET path=/api/v1/outlets/144329/performance status=200 duration_ms=2 request_id=f67b149a-a2c7-4c69-bc44-d2391409e6d2
time=2026-05-04T14:17:45.492+05:30 level=INFO msg=request method=GET path=/api/v1/outlets/109678/performance status=200 duration_ms=2 request_id=acc09c36-1a6a-4fbe-8d68-062e92cd6239
time=2026-05-04T14:17:45.492+05:30 level=INFO msg=request method=GET path=/api/v1/outlets/112437/performance status=429 duration_ms=0 request_id=9f4269dd-85db-4f45-aaa0-a617c6159d4a
time=2026-05-04T14:17:45.492+05:30 level=INFO msg=request method=GET path=/api/v1/outlets/167171/performance status=429 duration_ms=0 request_id=78928525-0860-43cb-8708-4d582d5a0dbc
time=2026-05-04T14:17:45.492+05:30 level=INFO msg=request method=GET path=/api/v1/outlets/112428/performance status=429 duration_ms=0 request_id=05572183-0660-47d3-aa61-e312d984ccca
time=2026-05-04T14:17:45.492+05:30 level=INFO msg=request method=GET path=/api/v1/outlets/112442/performance status=429 duration_ms=0 request_id=b123b83d-63ae-46ce-b2fd-9434843dd897
time=2026-05-04T14:17:45.492+05:30 level=INFO msg=request method=GET path=/api/v1/outlets/112425/performance status=429 duration_ms=0 request_id=0e460039-aad3-4d3a-b390-0351af91ca48
time=2026-05-04T14:17:45.492+05:30 level=INFO msg=request method=GET path=/api/v1/outlets/112424/performance status=429 duration_ms=0 request_id=40b5bf76-61ee-4a26-9a3a-cdd45b015143
time=2026-05-04T14:17:45.492+05:30 level=INFO msg=request method=GET path=/api/v1/outlets/114521/performance status=429 duration_ms=0 request_id=ba087d26-9d45-4305-b4ec-0c9bd91382d5
time=2026-05-04T14:17:45.492+05:30 level=INFO msg=request method=GET path=/api/v1/outlets/112440/performance status=429 duration_ms=0 request_id=c518ee7c-fe0e-4a58-8134-8084366917e7
time=2026-05-04T14:17:45.493+05:30 level=INFO msg=request method=GET path=/api/v1/outlets/163708/performance status=429 duration_ms=0 request_id=e1904143-ba36-4900-b405-81481c974f83
time=2026-05-04T14:17:45.492+05:30 level=INFO msg=request method=GET path=/api/v1/outlets/112422/performance status=429 duration_ms=0 request_id=0b892ff7-dbe2-4946-a94b-79d15c9fa069
time=2026-05-04T14:17:45.493+05:30 level=INFO msg=request method=GET path=/api/v1/outlets/117567/performance status=200 duration_ms=2 request_id=d138a1cb-1b37-4088-942a-c27990020027
time=2026-05-04T14:17:45.492+05:30 level=INFO msg=request method=GET path=/api/v1/outlets/111789/performance status=429 duration_ms=0 request_id=d6375790-f656-4fda-b2c0-2e345f783e4b
time=2026-05-04T14:17:45.493+05:30 level=INFO msg=request method=GET path=/api/v1/outlets/112461/performance status=429 duration_ms=0 request_id=7ca76838-7520-4db4-9829-3e4d567c056d
time=2026-05-04T14:17:45.492+05:30 level=INFO msg=request method=GET path=/api/v1/outlets/114678/performance status=429 duration_ms=0 request_id=7af5f7c9-0ff5-4758-bf4b-cc32eda29467
time=2026-05-04T14:17:45.493+05:30 level=INFO msg=request method=GET path=/api/v1/outlets/112459/performance status=429 duration_ms=0 request_id=1b320558-6cdf-4689-ad9c-b6d61aa40db4
time=2026-05-04T14:17:45.493+05:30 level=INFO msg=request method=GET path=/api/v1/outlets/112466/performance status=429 duration_ms=0 request_id=fc601593-87ad-43ec-b069-56cb2e612c6c
time=2026-05-04T14:17:45.492+05:30 level=INFO msg=request method=GET path=/api/v1/outlets/112443/performance status=429 duration_ms=0 request_id=b49303f7-efb9-440d-ad4a-66f1eac955fd
time=2026-05-04T14:17:45.492+05:30 level=INFO msg=request method=GET path=/api/v1/outlets/112439/performance status=429 duration_ms=0 request_id=6d37a9e8-f26e-41c6-8b75-cc143b9334b5
time=2026-05-04T14:17:45.493+05:30 level=INFO msg=request method=GET path=/api/v1/outlets/117234/performance status=429 duration_ms=0 request_id=0184efac-d0e1-4c23-88d3-e82fa2f60f01
time=2026-05-04T14:17:45.493+05:30 level=INFO msg=request method=GET path=/api/v1/outlets/112455/performance status=429 duration_ms=0 request_id=df997a67-3f1c-4027-8507-5a53881e8bde
time=2026-05-04T14:17:45.493+05:30 level=INFO msg=request method=GET path=/api/v1/outlets/112427/performance status=429 duration_ms=0 request_id=fa6301e8-d0f3-48fd-ac66-f0fd64ada941
time=2026-05-04T14:17:45.493+05:30 level=INFO msg=request method=GET path=/api/v1/outlets/110567/performance status=429 duration_ms=0 request_id=ee187d92-e103-4dd6-af4b-b38fb9885435
time=2026-05-04T14:17:45.493+05:30 level=INFO msg=request method=GET path=/api/v1/outlets/116789/performance status=429 duration_ms=0 request_id=10847deb-83c3-46e6-b547-edebc07258b3
time=2026-05-04T14:17:45.493+05:30 level=INFO msg=request method=GET path=/api/v1/outlets/116123/performance status=429 duration_ms=0 request_id=54154343-66e8-4f79-ac07-15c6d31a10ff
time=2026-05-04T14:17:45.493+05:30 level=INFO msg=request method=GET path=/api/v1/outlets/112435/performance status=429 duration_ms=0 request_id=711dbcbd-5ceb-4114-b1d4-61a6e6f5c509
time=2026-05-04T14:17:45.493+05:30 level=INFO msg=request method=GET path=/api/v1/outlets/112404/performance status=429 duration_ms=0 request_id=5c6acd3f-0b52-4522-a74f-ce7026a56296
time=2026-05-04T14:17:45.493+05:30 level=INFO msg=request method=GET path=/api/v1/outlets/112408/performance status=429 duration_ms=0 request_id=21dc57c9-0717-4690-a3cf-4cba18cb455a
time=2026-05-04T14:17:45.493+05:30 level=INFO msg=request method=GET path=/api/v1/outlets/116890/performance status=429 duration_ms=0 request_id=88809f85-0e1f-4355-9e47-b2ebccd55a80
time=2026-05-04T14:17:45.493+05:30 level=INFO msg=request method=GET path=/api/v1/outlets/112410/performance status=429 duration_ms=0 request_id=9022f6bb-7169-4318-b77a-90897128500b
time=2026-05-04T14:17:45.493+05:30 level=INFO msg=request method=GET path=/api/v1/outlets/163741/performance status=429 duration_ms=0 request_id=621c9e04-54cf-4f5d-9176-adbec95c39c3
time=2026-05-04T14:17:45.493+05:30 level=INFO msg=request method=GET path=/api/v1/outlets/256507/performance status=429 duration_ms=0 request_id=a43764e9-1a71-4aa5-8902-b8f2f5dbd3f3
time=2026-05-04T14:17:45.498+05:30 level=INFO msg=request method=GET path=/api/v1/outlets/144348/performance status=429 duration_ms=0 request_id=088d2e2a-9320-4ffd-b79e-2101761f616a
time=2026-05-04T14:17:45.498+05:30 level=INFO msg=request method=GET path=/api/v1/outlets/147087/performance status=429 duration_ms=0 request_id=ec8cfdd5-fa03-461c-8bf0-7a32cd25e2b6
time=2026-05-04T14:17:45.498+05:30 level=INFO msg=request method=GET path=/api/v1/outlets/146411/performance status=429 duration_ms=0 request_id=7dfd62c5-4a16-4424-befc-c904ac982c4d
time=2026-05-04T14:17:45.498+05:30 level=INFO msg=request method=GET path=/api/v1/outlets/113782/performance status=429 duration_ms=0 request_id=432b8d89-4008-4a33-b371-169bcd525adb
time=2026-05-04T14:17:45.498+05:30 level=INFO msg=request method=GET path=/api/v1/outlets/149412/performance status=429 duration_ms=0 request_id=6ae8a0ed-4c59-49e3-b2f9-a963946ac373
time=2026-05-04T14:17:45.498+05:30 level=INFO msg=request method=GET path=/api/v1/outlets/112451/performance status=429 duration_ms=0 request_id=76c175d3-3470-40a6-a6f9-b0d946be7aca
time=2026-05-04T14:17:45.498+05:30 level=INFO msg=request method=GET path=/api/v1/outlets/119456/performance status=429 duration_ms=0 request_id=55915d31-2a0a-4dee-8003-9a106d326092
time=2026-05-04T14:17:45.730+05:30 level=INFO msg=request method=POST path=/api/v1/auth/login status=429 duration_ms=0 request_id=c37fc6bb-4db1-4a76-bba6-17dbb21bb657
time=2026-05-04T14:17:47.813+05:30 level=INFO msg=request method=POST path=/api/v1/auth/login status=200 duration_ms=77 request_id=795dc261-3eaf-400a-9ad4-80ece2fae803
time=2026-05-04T14:17:47.829+05:30 level=INFO msg=request method=GET path=/api/v1/territory/outlets status=200 duration_ms=13 request_id=37a041df-8cb7-41f1-97b7-b169517afb7b
time=2026-05-04T14:17:47.838+05:30 level=INFO msg=request method=GET path=/api/v1/outlets/112386/performance status=200 duration_ms=1 request_id=a1e3ab4c-41d5-4871-990c-6665961b30a0
time=2026-05-04T14:17:47.845+05:30 level=INFO msg=request method=GET path=/api/v1/outlets/112390/performance status=429 duration_ms=0 request_id=aeab9aa7-210d-47a4-8a94-99a22f44da65
time=2026-05-04T14:17:47.845+05:30 level=INFO msg=request method=GET path=/api/v1/outlets/200922/performance status=429 duration_ms=0 request_id=6f137baf-5c5c-43e1-bbac-4847963f2a3e
time=2026-05-04T14:17:47.845+05:30 level=INFO msg=request method=GET path=/api/v1/outlets/144329/performance status=429 duration_ms=0 request_id=bb89d439-784d-4d48-9743-3a9ab3b359e6
time=2026-05-04T14:17:47.845+05:30 level=INFO msg=request method=GET path=/api/v1/outlets/115901/performance status=429 duration_ms=0 request_id=18fc81c1-17ab-4496-b4c3-7e7933bf18c7
time=2026-05-04T14:17:47.845+05:30 level=INFO msg=request method=GET path=/api/v1/outlets/117567/performance status=429 duration_ms=0 request_id=66beec8b-aece-4fe1-aac7-4b07d0278b3a
time=2026-05-04T14:17:47.846+05:30 level=INFO msg=request method=GET path=/api/v1/outlets/112414/performance status=429 duration_ms=0 request_id=e16d4a59-798a-4fe5-9b0f-43b1af81e0f1
time=2026-05-04T14:17:47.846+05:30 level=INFO msg=request method=GET path=/api/v1/outlets/109678/performance status=429 duration_ms=0 request_id=28afe33e-6f88-4476-9b73-c0798ded82f9
time=2026-05-04T14:17:47.846+05:30 level=INFO msg=request method=GET path=/api/v1/outlets/112847/performance status=429 duration_ms=0 request_id=04577d96-09b4-49c4-8ae7-6512ef2b08e1
time=2026-05-04T14:17:47.846+05:30 level=INFO msg=request method=GET path=/api/v1/outlets/112417/performance status=429 duration_ms=0 request_id=22f0bd22-681c-4d09-a617-885526579eb9
time=2026-05-04T14:17:47.846+05:30 level=INFO msg=request method=GET path=/api/v1/outlets/112431/performance status=429 duration_ms=0 request_id=1c176717-f7f7-4682-9107-e3c94479182f
time=2026-05-04T14:17:47.846+05:30 level=INFO msg=request method=GET path=/api/v1/outlets/112438/performance status=429 duration_ms=0 request_id=4d2360a4-d209-4923-9331-7c79c8cd0f4c
time=2026-05-04T14:17:47.846+05:30 level=INFO msg=request method=GET path=/api/v1/outlets/127090/performance status=429 duration_ms=0 request_id=0a09f282-06f6-4fc3-a0d8-bb88b6eeea3c
time=2026-05-04T14:17:47.846+05:30 level=INFO msg=request method=GET path=/api/v1/outlets/112448/performance status=429 duration_ms=0 request_id=1532381f-fab1-4603-9f7b-56c6f5b9cf89
time=2026-05-04T14:17:47.846+05:30 level=INFO msg=request method=GET path=/api/v1/outlets/111234/performance status=429 duration_ms=0 request_id=da557249-d871-456a-9dcc-3e7c52eee158
time=2026-05-04T14:17:47.846+05:30 level=INFO msg=request method=GET path=/api/v1/outlets/112450/performance status=429 duration_ms=0 request_id=57c25672-14b1-4457-a297-a4a0e3ad2e4f
time=2026-05-04T14:17:47.846+05:30 level=INFO msg=request method=GET path=/api/v1/outlets/110234/performance status=429 duration_ms=0 request_id=cfa3701f-c959-4140-bdd6-7979148ea87f
time=2026-05-04T14:17:47.846+05:30 level=INFO msg=request method=GET path=/api/v1/outlets/112456/performance status=429 duration_ms=0 request_id=92620008-6690-41f3-a324-2cb2e2bab0fb
time=2026-05-04T14:17:47.846+05:30 level=INFO msg=request method=GET path=/api/v1/outlets/244099/performance status=429 duration_ms=0 request_id=3a87a668-7d5f-4c42-8334-dec15ba50cf2
time=2026-05-04T14:17:47.846+05:30 level=INFO msg=request method=GET path=/api/v1/outlets/112458/performance status=429 duration_ms=0 request_id=cabe72dc-a9e6-4028-8317-6875027b3a7f
time=2026-05-04T14:17:47.846+05:30 level=INFO msg=request method=GET path=/api/v1/outlets/131712/performance status=429 duration_ms=0 request_id=5bf4041e-7a27-4205-812a-7b5cf2bf6454
time=2026-05-04T14:17:47.846+05:30 level=INFO msg=request method=GET path=/api/v1/outlets/129151/performance status=429 duration_ms=0 request_id=16bf4ada-7ae0-4204-8d47-071dd26dee6a
time=2026-05-04T14:17:47.846+05:30 level=INFO msg=request method=GET path=/api/v1/outlets/113234/performance status=429 duration_ms=0 request_id=446cd358-98d3-4c1a-87d0-e1b52c75fada
time=2026-05-04T14:17:47.846+05:30 level=INFO msg=request method=GET path=/api/v1/outlets/250828/performance status=429 duration_ms=0 request_id=c6bf284d-59db-4b52-9ca9-ef30d9188ad2
time=2026-05-04T14:17:47.846+05:30 level=INFO msg=request method=GET path=/api/v1/outlets/113456/performance status=429 duration_ms=0 request_id=53268ff5-b047-4c4e-b333-c67333f6ac21
time=2026-05-04T14:17:47.846+05:30 level=INFO msg=request method=GET path=/api/v1/outlets/111456/performance status=429 duration_ms=0 request_id=ba8315f8-9984-417a-b1df-20873aa85efc
time=2026-05-04T14:17:47.846+05:30 level=INFO msg=request method=GET path=/api/v1/outlets/112012/performance status=429 duration_ms=0 request_id=d8459141-ee44-48be-8720-07e597f85ad1
time=2026-05-04T14:17:47.846+05:30 level=INFO msg=request method=GET path=/api/v1/outlets/119876/performance status=429 duration_ms=0 request_id=52b5494d-25f5-4bc3-9b78-e51ba6d674ee
time=2026-05-04T14:17:47.846+05:30 level=INFO msg=request method=GET path=/api/v1/outlets/113890/performance status=429 duration_ms=0 request_id=72f3df43-791b-4014-943d-08b18c04413f
time=2026-05-04T14:17:47.846+05:30 level=INFO msg=request method=GET path=/api/v1/outlets/112441/performance status=429 duration_ms=0 request_id=44abae10-384b-4eff-b1e9-baa0cbda0417
time=2026-05-04T14:17:47.846+05:30 level=INFO msg=request method=GET path=/api/v1/outlets/118345/performance status=429 duration_ms=0 request_id=fb6c72df-82b1-4890-82fe-3da659d65de7
time=2026-05-04T14:17:47.846+05:30 level=INFO msg=request method=GET path=/api/v1/outlets/112457/performance status=429 duration_ms=0 request_id=33b95238-d265-4bce-891a-059011f5318d
time=2026-05-04T14:17:47.846+05:30 level=INFO msg=request method=GET path=/api/v1/outlets/107634/performance status=429 duration_ms=0 request_id=f48a93e7-5cfa-4e49-8164-0196898f1c19
time=2026-05-04T14:17:47.846+05:30 level=INFO msg=request method=GET path=/api/v1/outlets/112460/performance status=429 duration_ms=0 request_id=d19cd235-ea93-4be0-af5a-29b95862ca3f
time=2026-05-04T14:17:47.846+05:30 level=INFO msg=request method=GET path=/api/v1/outlets/255872/performance status=200 duration_ms=1 request_id=033fb298-bce9-40c1-9fe1-28015c5430ac
time=2026-05-04T14:17:47.846+05:30 level=INFO msg=request method=GET path=/api/v1/outlets/112462/performance status=429 duration_ms=0 request_id=3f90809f-7656-4d13-9c36-34e0a4a74b55
time=2026-05-04T14:17:47.846+05:30 level=INFO msg=request method=GET path=/api/v1/outlets/236924/performance status=429 duration_ms=0 request_id=b55b5d2f-1561-4a81-9c4e-f961311d6900
time=2026-05-04T14:17:47.846+05:30 level=INFO msg=request method=GET path=/api/v1/outlets/112383/performance status=429 duration_ms=0 request_id=fbef2bde-612d-4da5-be83-e905f960482c
time=2026-05-04T14:17:47.846+05:30 level=INFO msg=request method=GET path=/api/v1/outlets/112387/performance status=429 duration_ms=0 request_id=a783f705-de00-4e84-a561-847184d712d5
time=2026-05-04T14:17:47.846+05:30 level=INFO msg=request method=GET path=/api/v1/outlets/112392/performance status=429 duration_ms=0 request_id=be8e2c35-1d7d-4e19-9120-b4bcfbd4338a
time=2026-05-04T14:17:47.846+05:30 level=INFO msg=request method=GET path=/api/v1/outlets/112393/performance status=429 duration_ms=0 request_id=f26aa558-34ec-4356-8622-a414df78c1e8
time=2026-05-04T14:17:47.846+05:30 level=INFO msg=request method=GET path=/api/v1/outlets/156837/performance status=429 duration_ms=0 request_id=a5a638f4-9c27-41de-a803-e99c4718123e
time=2026-05-04T14:17:47.846+05:30 level=INFO msg=request method=GET path=/api/v1/outlets/112391/performance status=429 duration_ms=0 request_id=e9635653-260c-4f11-bda4-944b4191d52f
time=2026-05-04T14:17:47.846+05:30 level=INFO msg=request method=GET path=/api/v1/outlets/112397/performance status=429 duration_ms=0 request_id=d69402bf-4eef-40ab-b94d-b524fdc16653
time=2026-05-04T14:17:47.846+05:30 level=INFO msg=request method=GET path=/api/v1/outlets/112398/performance status=429 duration_ms=0 request_id=a99297ec-fbb3-4eb2-9b71-95c5e95176a7
time=2026-05-04T14:17:47.846+05:30 level=INFO msg=request method=GET path=/api/v1/outlets/112401/performance status=429 duration_ms=0 request_id=16af8428-3e50-4ebe-9e69-34005555b5b1
time=2026-05-04T14:17:47.847+05:30 level=INFO msg=request method=GET path=/api/v1/outlets/157172/performance status=429 duration_ms=0 request_id=70b89a77-e6b3-455b-9915-c2474ad31226
time=2026-05-04T14:17:47.847+05:30 level=INFO msg=request method=GET path=/api/v1/outlets/112345/performance status=429 duration_ms=0 request_id=2a1a53ff-9a04-4cb2-ac62-9f5e579fca9f
time=2026-05-04T14:17:47.847+05:30 level=INFO msg=request method=GET path=/api/v1/outlets/112429/performance status=429 duration_ms=0 request_id=355a1127-bf19-42a4-ae38-15c673054818
time=2026-05-04T14:17:47.847+05:30 level=INFO msg=request method=GET path=/api/v1/outlets/112434/performance status=429 duration_ms=0 request_id=fc34620d-15b7-4164-90e0-08f1770c6a33
time=2026-05-04T14:17:47.847+05:30 level=INFO msg=request method=GET path=/api/v1/outlets/112436/performance status=429 duration_ms=0 request_id=5bcc4c01-5159-45a7-87c1-e9b108e296e2
time=2026-05-04T14:17:47.847+05:30 level=INFO msg=request method=GET path=/api/v1/outlets/112444/performance status=429 duration_ms=0 request_id=6b8c6fc9-393d-4737-8785-2396391be0d0
time=2026-05-04T14:17:47.847+05:30 level=INFO msg=request method=GET path=/api/v1/outlets/112445/performance status=429 duration_ms=0 request_id=5bd707f2-6740-4e90-a0e0-2a45efe6dcf6
time=2026-05-04T14:17:47.847+05:30 level=INFO msg=request method=GET path=/api/v1/outlets/108923/performance status=429 duration_ms=0 request_id=2df3c400-79e3-480c-a7f8-450ce882d3b4
time=2026-05-04T14:17:47.847+05:30 level=INFO msg=request method=GET path=/api/v1/outlets/112789/performance status=429 duration_ms=0 request_id=37bc949c-0b74-4714-94e3-e6b7349b72be
time=2026-05-04T14:17:47.847+05:30 level=INFO msg=request method=GET path=/api/v1/outlets/112453/performance status=429 duration_ms=0 request_id=1c5fcc54-208e-4cf2-96f5-245eecf5620a
time=2026-05-04T14:17:47.847+05:30 level=INFO msg=request method=GET path=/api/v1/outlets/112454/performance status=429 duration_ms=0 request_id=1bbbdc77-7cbf-4018-94e4-dc672c4106f0
time=2026-05-04T14:17:47.847+05:30 level=INFO msg=request method=GET path=/api/v1/outlets/114234/performance status=429 duration_ms=0 request_id=3be9e15e-4e2c-4778-89dc-fe87654079cb
time=2026-05-04T14:17:47.847+05:30 level=INFO msg=request method=GET path=/api/v1/outlets/151186/performance status=429 duration_ms=0 request_id=004229cc-16a1-4ab3-b470-cf22cd000467
time=2026-05-04T14:17:47.847+05:30 level=INFO msg=request method=GET path=/api/v1/outlets/198868/performance status=429 duration_ms=0 request_id=4bec9934-2dd6-427c-b523-a7d5ab2e5f41
time=2026-05-04T14:17:47.847+05:30 level=INFO msg=request method=GET path=/api/v1/outlets/118567/performance status=429 duration_ms=0 request_id=257abd9b-8d19-4700-b825-7b93b2cebdbe
time=2026-05-04T14:17:47.848+05:30 level=INFO msg=request method=GET path=/api/v1/outlets/118012/performance status=429 duration_ms=0 request_id=bf89ac24-83ba-478f-a010-7a7b3a0c529f
time=2026-05-04T14:17:47.848+05:30 level=INFO msg=request method=GET path=/api/v1/outlets/112402/performance status=429 duration_ms=0 request_id=197f4167-0f23-4280-8218-75ba18dc54cf
time=2026-05-04T14:17:47.848+05:30 level=INFO msg=request method=GET path=/api/v1/outlets/109251/performance status=429 duration_ms=0 request_id=1c3337dc-4c87-4147-9310-fa7065de7097
time=2026-05-04T14:17:47.848+05:30 level=INFO msg=request method=GET path=/api/v1/outlets/168006/performance status=429 duration_ms=0 request_id=08a27e7b-85d5-492a-8208-dffe87fd73eb
time=2026-05-04T14:17:47.848+05:30 level=INFO msg=request method=GET path=/api/v1/outlets/112407/performance status=429 duration_ms=0 request_id=0078dbc5-8209-49e2-8eea-8b0ad73cd6ae
time=2026-05-04T14:17:47.848+05:30 level=INFO msg=request method=GET path=/api/v1/outlets/148413/performance status=429 duration_ms=0 request_id=ece1ccf1-f4dc-4cba-8f8d-046a564f24bf
time=2026-05-04T14:17:47.848+05:30 level=INFO msg=request method=GET path=/api/v1/outlets/112415/performance status=429 duration_ms=0 request_id=c930742e-5fd5-4e55-987a-4776ff7bb688
time=2026-05-04T14:17:47.848+05:30 level=INFO msg=request method=GET path=/api/v1/outlets/198751/performance status=429 duration_ms=0 request_id=463f938d-9b77-490e-8059-d99a173a5e18
time=2026-05-04T14:17:47.848+05:30 level=INFO msg=request method=GET path=/api/v1/outlets/108765/performance status=429 duration_ms=0 request_id=78f4ca62-340d-4592-b544-fdb74ef54c71
time=2026-05-04T14:17:47.852+05:30 level=INFO msg=request method=GET path=/api/v1/outlets/112420/performance status=429 duration_ms=0 request_id=590d26f1-e5a3-41fa-8c39-1cc599b3aca9
time=2026-05-04T14:17:47.852+05:30 level=INFO msg=request method=GET path=/api/v1/outlets/118901/performance status=429 duration_ms=0 request_id=1b5b056c-3c6c-4291-aaf7-5eabae0aece0
time=2026-05-04T14:17:47.852+05:30 level=INFO msg=request method=GET path=/api/v1/outlets/112446/performance status=429 duration_ms=0 request_id=d2baa12e-dcb4-4d5e-80f2-a1e78a12c756
time=2026-05-04T14:17:47.852+05:30 level=INFO msg=request method=GET path=/api/v1/outlets/117890/performance status=429 duration_ms=0 request_id=241be66c-566e-4c20-983a-6887d88521b6
time=2026-05-04T14:17:47.852+05:30 level=INFO msg=request method=GET path=/api/v1/outlets/128472/performance status=429 duration_ms=0 request_id=659f27f9-0c75-4d15-bfee-1a927dfc93b5
time=2026-05-04T14:17:47.852+05:30 level=INFO msg=request method=GET path=/api/v1/outlets/136152/performance status=429 duration_ms=0 request_id=4845e721-fc53-48d8-8b84-316eadede235
time=2026-05-04T14:17:47.852+05:30 level=INFO msg=request method=GET path=/api/v1/outlets/112384/performance status=429 duration_ms=0 request_id=cea23224-e2be-4fbe-b468-a8033deb563d
time=2026-05-04T14:17:47.852+05:30 level=INFO msg=request method=GET path=/api/v1/outlets/112385/performance status=429 duration_ms=0 request_id=30450ac6-28ae-4a85-830b-9ed1e598a569
time=2026-05-04T14:17:47.852+05:30 level=INFO msg=request method=GET path=/api/v1/outlets/112395/performance status=429 duration_ms=0 request_id=033aae95-64e1-48c0-a458-5041847b54fd
time=2026-05-04T14:17:47.852+05:30 level=INFO msg=request method=GET path=/api/v1/outlets/115634/performance status=429 duration_ms=0 request_id=8a4ff9f6-6be5-4220-a42d-c37c13ea56f2
time=2026-05-04T14:17:47.852+05:30 level=INFO msg=request method=GET path=/api/v1/outlets/123784/performance status=429 duration_ms=0 request_id=3138642b-f829-467f-bc38-bcf02e63540d
time=2026-05-04T14:17:47.852+05:30 level=INFO msg=request method=GET path=/api/v1/outlets/116456/performance status=429 duration_ms=0 request_id=778fea60-58c5-4e87-8dcc-00e1e016eec8
time=2026-05-04T14:17:47.852+05:30 level=INFO msg=request method=GET path=/api/v1/outlets/112389/performance status=429 duration_ms=0 request_id=2ce60d0f-11a8-4908-bca8-e9313a2d37b4
time=2026-05-04T14:17:47.852+05:30 level=INFO msg=request method=GET path=/api/v1/outlets/119012/performance status=429 duration_ms=0 request_id=2006558a-2ab8-41d1-a444-155098eeb0cb
time=2026-05-04T14:17:47.852+05:30 level=INFO msg=request method=GET path=/api/v1/outlets/112403/performance status=429 duration_ms=0 request_id=5e7b0c8d-c55a-4d85-96dd-74b0400f7da0
time=2026-05-04T14:17:47.852+05:30 level=INFO msg=request method=GET path=/api/v1/outlets/112412/performance status=429 duration_ms=0 request_id=faaceb61-27a0-4bb0-9c26-5e599f1839a6
time=2026-05-04T14:17:47.852+05:30 level=INFO msg=request method=GET path=/api/v1/outlets/147286/performance status=429 duration_ms=0 request_id=e0d1c21a-505d-4593-a596-7f8411222ae0
time=2026-05-04T14:17:47.852+05:30 level=INFO msg=request method=GET path=/api/v1/outlets/149238/performance status=429 duration_ms=0 request_id=ce3441cb-d97f-4e3f-8472-6454c6aad63f
time=2026-05-04T14:17:47.852+05:30 level=INFO msg=request method=GET path=/api/v1/outlets/115789/performance status=429 duration_ms=0 request_id=882b00e8-a304-4c57-8b24-2785f2190f58
time=2026-05-04T14:17:47.852+05:30 level=INFO msg=request method=GET path=/api/v1/outlets/112411/performance status=429 duration_ms=0 request_id=226622cd-1b97-4618-bc2c-41590adde22b
time=2026-05-04T14:17:47.852+05:30 level=INFO msg=request method=GET path=/api/v1/outlets/167171/performance status=429 duration_ms=0 request_id=51a3a984-8eff-4034-b93c-6dbc787987e6
time=2026-05-04T14:17:47.852+05:30 level=INFO msg=request method=GET path=/api/v1/outlets/112416/performance status=429 duration_ms=0 request_id=45287a91-77a9-465e-abb4-8709722c1aaa
time=2026-05-04T14:17:47.852+05:30 level=INFO msg=request method=GET path=/api/v1/outlets/112419/performance status=429 duration_ms=0 request_id=dfece7e7-2a48-4f08-a749-9c350196021e
time=2026-05-04T14:17:47.852+05:30 level=INFO msg=request method=GET path=/api/v1/outlets/112418/performance status=429 duration_ms=0 request_id=44c79cb8-1e08-4bd3-b0b2-3860f451b7eb
time=2026-05-04T14:17:47.853+05:30 level=INFO msg=request method=GET path=/api/v1/outlets/115012/performance status=429 duration_ms=0 request_id=d97e9f9c-96ec-49a9-a901-065d902f4eae
time=2026-05-04T14:17:47.853+05:30 level=INFO msg=request method=GET path=/api/v1/outlets/112422/performance status=429 duration_ms=0 request_id=584d8cb9-ad1c-4e9f-a8b8-33d13319b7fd
time=2026-05-04T14:17:47.853+05:30 level=INFO msg=request method=GET path=/api/v1/outlets/112425/performance status=429 duration_ms=0 request_id=096623c5-2f0b-4e45-9d70-e7b21affbea3
time=2026-05-04T14:17:47.853+05:30 level=INFO msg=request method=GET path=/api/v1/outlets/112424/performance status=429 duration_ms=0 request_id=fe240dbd-fb83-4581-ab27-2df53edfb914
time=2026-05-04T14:17:47.853+05:30 level=INFO msg=request method=GET path=/api/v1/outlets/112437/performance status=429 duration_ms=0 request_id=1e7cccd9-040a-4eef-9173-d2d78edeeba6
time=2026-05-04T14:17:47.853+05:30 level=INFO msg=request method=GET path=/api/v1/outlets/112428/performance status=429 duration_ms=0 request_id=27e2f8e7-c529-44c7-8417-3adc05b39018
time=2026-05-04T14:17:47.853+05:30 level=INFO msg=request method=GET path=/api/v1/outlets/112440/performance status=429 duration_ms=0 request_id=b5b114aa-ef63-4d01-96bf-6f265f2ca2b6
time=2026-05-04T14:17:47.853+05:30 level=INFO msg=request method=GET path=/api/v1/outlets/114678/performance status=429 duration_ms=0 request_id=e1f9cc81-b3b2-4b7f-ab45-39d94f20489a
time=2026-05-04T14:17:47.853+05:30 level=INFO msg=request method=GET path=/api/v1/outlets/112442/performance status=429 duration_ms=0 request_id=9876f01c-b7e8-488c-982b-ef45417280f6
time=2026-05-04T14:17:47.853+05:30 level=INFO msg=request method=GET path=/api/v1/outlets/112443/performance status=429 duration_ms=0 request_id=d4ab5351-c386-4a4b-9ee1-9a02f77a8934
time=2026-05-04T14:17:47.853+05:30 level=INFO msg=request method=GET path=/api/v1/outlets/111789/performance status=429 duration_ms=0 request_id=45b7e3b6-2960-4ccd-abd5-7edc1bc6ddc4
time=2026-05-04T14:17:47.853+05:30 level=INFO msg=request method=GET path=/api/v1/outlets/112439/performance status=429 duration_ms=0 request_id=80488eec-5060-466e-9642-c15afd51421b
time=2026-05-04T14:17:47.853+05:30 level=INFO msg=request method=GET path=/api/v1/outlets/163708/performance status=429 duration_ms=0 request_id=ca81bb0f-9975-4359-998c-1b3d4a52b916
time=2026-05-04T14:17:47.853+05:30 level=INFO msg=request method=GET path=/api/v1/outlets/114521/performance status=429 duration_ms=0 request_id=291d5d23-f4bd-405d-a72b-4766a06904ea
time=2026-05-04T14:17:47.853+05:30 level=INFO msg=request method=GET path=/api/v1/outlets/112455/performance status=429 duration_ms=0 request_id=8ce6014b-b60c-4883-a6a0-5ee7ec74f576
time=2026-05-04T14:17:47.853+05:30 level=INFO msg=request method=GET path=/api/v1/outlets/117234/performance status=429 duration_ms=0 request_id=cfad4313-9f96-4426-96b1-4d31bea734ba
time=2026-05-04T14:17:47.853+05:30 level=INFO msg=request method=GET path=/api/v1/outlets/112459/performance status=429 duration_ms=0 request_id=4a62be20-e461-4178-990c-53aa499d2873
time=2026-05-04T14:17:47.853+05:30 level=INFO msg=request method=GET path=/api/v1/outlets/112461/performance status=429 duration_ms=0 request_id=1e014f1f-9370-4067-9db6-dfe4cfc8ba0f
time=2026-05-04T14:17:47.853+05:30 level=INFO msg=request method=GET path=/api/v1/outlets/112466/performance status=429 duration_ms=0 request_id=5a57e5e2-3bc4-4b43-979b-5ec4a43cb270
time=2026-05-04T14:17:47.853+05:30 level=INFO msg=request method=GET path=/api/v1/outlets/110567/performance status=429 duration_ms=0 request_id=fadac0b1-92c1-4ba7-a360-8597c0abe3f1
time=2026-05-04T14:17:47.853+05:30 level=INFO msg=request method=GET path=/api/v1/outlets/112404/performance status=429 duration_ms=0 request_id=b12bc8d5-53e0-49fc-be4c-d5e796938e8f
time=2026-05-04T14:17:47.853+05:30 level=INFO msg=request method=GET path=/api/v1/outlets/112435/performance status=429 duration_ms=0 request_id=3bbaa13c-4789-44ea-8fdd-30815e33a819
time=2026-05-04T14:17:47.853+05:30 level=INFO msg=request method=GET path=/api/v1/outlets/112427/performance status=429 duration_ms=0 request_id=012b2b91-40b1-4427-b0de-daca633b83a9
time=2026-05-04T14:17:47.853+05:30 level=INFO msg=request method=GET path=/api/v1/outlets/116123/performance status=429 duration_ms=0 request_id=b962c12d-2c66-468c-bb78-8dc44eccf3ab
time=2026-05-04T14:17:47.853+05:30 level=INFO msg=request method=GET path=/api/v1/outlets/116890/performance status=429 duration_ms=0 request_id=b8e2b5b8-4f06-4613-ba10-a7d02e915671
time=2026-05-04T14:17:47.853+05:30 level=INFO msg=request method=GET path=/api/v1/outlets/163741/performance status=429 duration_ms=0 request_id=a1a5b22f-8cf3-439e-8b6c-6086c0e2cd9f
time=2026-05-04T14:17:47.853+05:30 level=INFO msg=request method=GET path=/api/v1/outlets/116789/performance status=429 duration_ms=0 request_id=f1f82ff4-9e82-4137-84d2-9fd3ca070314
time=2026-05-04T14:17:47.853+05:30 level=INFO msg=request method=GET path=/api/v1/outlets/112408/performance status=429 duration_ms=0 request_id=4922ecd9-d921-4562-b471-ce5c6226facf
time=2026-05-04T14:17:47.853+05:30 level=INFO msg=request method=GET path=/api/v1/outlets/256507/performance status=429 duration_ms=0 request_id=3b9ab3f1-78ef-443c-8d02-e310d99c84f7
time=2026-05-04T14:17:47.853+05:30 level=INFO msg=request method=GET path=/api/v1/outlets/144348/performance status=429 duration_ms=0 request_id=4320c3f8-c920-4ca6-988a-eefa72b48fe2
time=2026-05-04T14:17:47.853+05:30 level=INFO msg=request method=GET path=/api/v1/outlets/112410/performance status=429 duration_ms=0 request_id=ddf9c1af-0111-4895-a515-d1406c0a5eb6
time=2026-05-04T14:17:47.853+05:30 level=INFO msg=request method=GET path=/api/v1/outlets/113782/performance status=429 duration_ms=0 request_id=ff81914a-9715-4b99-a95d-60b89e6bef4e
time=2026-05-04T14:17:47.854+05:30 level=INFO msg=request method=GET path=/api/v1/outlets/147087/performance status=429 duration_ms=0 request_id=a099234f-cdd7-44b7-9db4-d1b8cea319e5
time=2026-05-04T14:17:47.854+05:30 level=INFO msg=request method=GET path=/api/v1/outlets/112451/performance status=429 duration_ms=0 request_id=298eb67d-b455-49c0-bdb6-fa2cc1ce72b5
time=2026-05-04T14:17:47.854+05:30 level=INFO msg=request method=GET path=/api/v1/outlets/146411/performance status=429 duration_ms=0 request_id=1ba4ed01-ee69-4a38-bee8-d7492f4c7106
time=2026-05-04T14:17:47.854+05:30 level=INFO msg=request method=GET path=/api/v1/outlets/149412/performance status=429 duration_ms=0 request_id=1fb3b5ac-cbce-41df-b578-8a71e6d2b9b9
time=2026-05-04T14:17:47.854+05:30 level=INFO msg=request method=GET path=/api/v1/outlets/119456/performance status=429 duration_ms=0 request_id=07ac7408-a9a1-418b-8328-8fee2394090d
time=2026-05-04T14:17:48.084+05:30 level=INFO msg=request method=POST path=/api/v1/auth/login status=429 duration_ms=0 request_id=d93a8f53-32b9-4b48-9141-1b6e98512631
time=2026-05-04T14:17:50.161+05:30 level=INFO msg=request method=POST path=/api/v1/auth/login status=200 duration_ms=69 request_id=c745df49-6c1a-4f0f-b82e-669a269b2bff
time=2026-05-04T14:17:50.168+05:30 level=INFO msg=request method=GET path=/api/v1/territory/outlets status=200 duration_ms=5 request_id=87aac17d-4214-4ced-9b8d-84e99dbbedaa
time=2026-05-04T14:17:50.177+05:30 level=INFO msg=request method=GET path=/api/v1/outlets/112386/performance status=200 duration_ms=1 request_id=af4afe06-8ce6-4c33-b77a-51d372186333
time=2026-05-04T14:17:50.454+05:30 level=INFO msg=request method=POST path=/api/v1/auth/login status=200 duration_ms=48 request_id=7e381636-49f7-4aef-8ded-846fca5017a6
time=2026-05-04T14:17:50.458+05:30 level=INFO msg=request method=GET path=/api/v1/territory/outlets status=429 duration_ms=0 request_id=5ea16940-6631-4147-9a24-74ef8fa8cefc
time=2026-05-04T14:17:50.468+05:30 level=INFO msg=request method=GET path=/api/v1/competition/leaderboard status=429 duration_ms=0 request_id=77d16088-07d9-4b90-bd5e-8c662946e362
time=2026-05-04T14:17:50.717+05:30 level=INFO msg=request method=POST path=/api/v1/auth/login status=429 duration_ms=0 request_id=a9365a4c-189d-49f8-a070-e830f366635e
time=2026-05-04T14:17:52.789+05:30 level=INFO msg=request method=POST path=/api/v1/auth/login status=200 duration_ms=65 request_id=72b02b35-74a9-4e7f-ab72-4137c26f7f4a
time=2026-05-04T14:17:52.796+05:30 level=INFO msg=request method=GET path=/api/v1/territory/outlets status=200 duration_ms=5 request_id=89a6f0a0-6099-4255-9b2b-7118e23d081a
time=2026-05-04T14:17:52.805+05:30 level=INFO msg=request method=GET path=/api/v1/competition/leaderboard status=200 duration_ms=2 request_id=6866e22e-4e1b-4928-bc32-71ac7091244b
time=2026-05-04T14:17:53.086+05:30 level=INFO msg=request method=POST path=/api/v1/auth/login status=200 duration_ms=48 request_id=6cca4b55-d4f4-4885-9888-5b936809752d
time=2026-05-04T14:17:53.095+05:30 level=INFO msg=request method=POST path=/api/v1/auth/login status=429 duration_ms=0 request_id=0e1299d1-6a9d-4b43-ba70-fa6e13a94dba
time=2026-05-04T14:17:53.396+05:30 level=INFO msg=request method=POST path=/api/v1/auth/login status=200 duration_ms=48 request_id=2cd52cd3-4ae3-4194-aa99-9f9714a0405c
time=2026-05-04T14:17:53.405+05:30 level=INFO msg=request method=POST path=/api/v1/auth/login status=429 duration_ms=0 request_id=e1fe84df-983f-44af-8e42-e6ad0e241f45
time=2026-05-04T14:17:53.655+05:30 level=INFO msg=request method=POST path=/api/v1/auth/login status=429 duration_ms=0 request_id=058c672f-272d-44bc-bee0-af2850e163d5
time=2026-05-04T14:17:55.736+05:30 level=INFO msg=request method=POST path=/api/v1/auth/login status=200 duration_ms=73 request_id=630bc5c4-3b00-46ed-9284-7d482ed794be
time=2026-05-04T14:17:55.791+05:30 level=INFO msg=request method=POST path=/api/v1/auth/login status=401 duration_ms=47 request_id=97720655-755a-4b5f-85e8-0662926f32c9
time=2026-05-04T14:17:55.797+05:30 level=INFO msg=request method=GET path=/api/v1/auth/me status=200 duration_ms=0 request_id=31f03413-882d-41fb-bb0c-b0f21d778c55
time=2026-05-04T14:17:55.805+05:30 level=INFO msg=request method=GET path=/api/v1/auth/me status=401 duration_ms=0 request_id=4ddf93dd-593c-46cc-b32d-aa89acee0d72
time=2026-05-04T14:17:55.810+05:30 level=INFO msg=request method=GET path=/api/v1/outlets/112847 status=429 duration_ms=0 request_id=69d5612f-541b-4432-afef-ea3785719822
time=2026-05-04T14:17:56.044+05:30 level=INFO msg=request method=POST path=/api/v1/auth/login status=429 duration_ms=0 request_id=ede89823-0295-4b5c-a6b4-9822c902345e
time=2026-05-04T14:17:58.126+05:30 level=INFO msg=request method=POST path=/api/v1/auth/login status=200 duration_ms=75 request_id=ec241731-603a-4ddc-8522-c7f0581e8a73
time=2026-05-04T14:17:58.134+05:30 level=INFO msg=request method=GET path=/api/v1/outlets/112847 status=200 duration_ms=1 request_id=158ae269-3808-4a48-bd38-583cb8203a38
time=2026-05-04T14:17:58.144+05:30 level=INFO msg=request method=GET path=/api/v1/outlets/999999 status=404 duration_ms=0 request_id=b1d014b2-9993-4f61-ac86-1de97479b59c
time=2026-05-04T14:17:58.151+05:30 level=INFO msg=request method=GET path=/api/v1/outlets/112847/performance status=200 duration_ms=1 request_id=30b39052-1287-4f73-8832-02058f6faf7a
time=2026-05-04T14:17:58.158+05:30 level=INFO msg=request method=GET path=/api/v1/outlets/112847/performance status=429 duration_ms=0 request_id=105cbe01-2bb4-44b6-a0db-890ffd01339a
time=2026-05-04T14:17:58.390+05:30 level=INFO msg=request method=POST path=/api/v1/auth/login status=429 duration_ms=0 request_id=68c56264-1b11-4453-ab01-4be5bbc0548e
time=2026-05-04T14:18:00.471+05:30 level=INFO msg=request method=POST path=/api/v1/auth/login status=200 duration_ms=74 request_id=783025b6-dbe7-46d6-8bf1-a42fd36a2a28
time=2026-05-04T14:18:00.482+05:30 level=INFO msg=request method=GET path=/api/v1/outlets/112847/performance status=200 duration_ms=2 request_id=570efb08-4775-455f-be07-5288db06a93b
time=2026-05-04T14:18:00.490+05:30 level=INFO msg=request method=GET path=/api/v1/outlets/112847/performance status=200 duration_ms=1 request_id=bf53e7d7-814e-438e-b168-a0cd69f37ca4
time=2026-05-04T14:18:00.497+05:30 level=INFO msg=request method=GET path=/api/v1/outlets/112847/performance status=200 duration_ms=0 request_id=de7c2ca0-807e-4b08-8136-a18e8359bf7d
time=2026-05-04T14:18:00.503+05:30 level=INFO msg=request method=GET path=/api/v1/outlets/112847/analysis status=429 duration_ms=0 request_id=ff93c361-1f96-415c-b67c-3bc19146bc87
time=2026-05-04T14:18:00.737+05:30 level=INFO msg=request method=POST path=/api/v1/auth/login status=429 duration_ms=0 request_id=8181a627-0ee6-420f-be4e-faa024737a36
time=2026-05-04T14:18:02.816+05:30 level=INFO msg=request method=POST path=/api/v1/auth/login status=200 duration_ms=72 request_id=25293af5-3fff-4887-97b5-8d117d00c40e
time=2026-05-04T14:18:02.826+05:30 level=INFO msg=request method=GET path=/api/v1/outlets/112847/analysis status=200 duration_ms=2 request_id=ce59b05c-575f-4cb5-9be6-ba29159b57cf
time=2026-05-04T14:18:02.836+05:30 level=INFO msg=request method=GET path=/api/v1/outlets/112847/trend status=200 duration_ms=2 request_id=25c270bd-0b69-420e-ae80-7418c9973a8e
time=2026-05-04T14:18:03.114+05:30 level=INFO msg=request method=POST path=/api/v1/auth/login status=200 duration_ms=48 request_id=2375a1b7-a2e7-4acd-990d-1bbaf31d4c6e
time=2026-05-04T14:18:03.123+05:30 level=INFO msg=request method=GET path=/api/v1/outlets/112847/trend status=429 duration_ms=0 request_id=abc7eb27-3c6e-4c34-817b-866410b4a40f
time=2026-05-04T14:18:03.369+05:30 level=INFO msg=request method=POST path=/api/v1/auth/login status=429 duration_ms=0 request_id=2e58d25e-c4c4-44de-b48f-84b988787ad8
time=2026-05-04T14:18:05.446+05:30 level=INFO msg=request method=POST path=/api/v1/auth/login status=200 duration_ms=70 request_id=6593d9bc-ff50-4ad5-ba3f-d0e43876b58e
time=2026-05-04T14:18:05.456+05:30 level=INFO msg=request method=GET path=/api/v1/outlets/112847/targets status=200 duration_ms=1 request_id=4d498f1a-050e-4693-9b98-b5919e0f462d
time=2026-05-04T14:18:05.511+05:30 level=INFO msg=request method=POST path=/api/v1/auth/login status=200 duration_ms=48 request_id=1dc8033b-b9fe-46d7-9a37-92990650e852
time=2026-05-04T14:18:05.514+05:30 level=INFO msg=request method=PUT path=/api/v1/outlets/112847/targets status=422 duration_ms=0 request_id=ab14ce85-3675-4f6e-81d4-59ca69f70241
time=2026-05-04T14:18:05.744+05:30 level=INFO msg=request method=POST path=/api/v1/auth/login status=429 duration_ms=0 request_id=852900bd-4ad7-4283-b015-73f44044cac9
time=2026-05-04T14:18:07.826+05:30 level=INFO msg=request method=POST path=/api/v1/auth/login status=200 duration_ms=75 request_id=36e25104-8117-4732-8ff8-f6183a3a2139
time=2026-05-04T14:18:07.885+05:30 level=INFO msg=request method=POST path=/api/v1/auth/login status=200 duration_ms=49 request_id=b8a4c845-5f03-4436-a59a-e0347f67360f
time=2026-05-04T14:18:07.886+05:30 level=INFO msg=request method=PUT path=/api/v1/outlets/112847/targets status=422 duration_ms=0 request_id=5ada75a7-4682-44c9-94dd-a84e5687083a
time=2026-05-04T14:18:08.162+05:30 level=INFO msg=request method=POST path=/api/v1/auth/login status=200 duration_ms=47 request_id=f0d47a3a-6cfa-4c95-95ec-7216e6907923
time=2026-05-04T14:18:08.171+05:30 level=INFO msg=request method=GET path=/api/v1/competition/leaderboard status=429 duration_ms=0 request_id=540b8af1-7f4d-471a-9e65-31a50a8b9510
time=2026-05-04T14:18:08.467+05:30 level=INFO msg=request method=POST path=/api/v1/auth/login status=200 duration_ms=48 request_id=bbe8be19-7852-407e-ae4c-522009ab8b29
time=2026-05-04T14:18:08.476+05:30 level=INFO msg=request method=GET path=/api/v1/competition/leaderboard status=429 duration_ms=0 request_id=198ec92a-7430-489a-8a56-b3ce5287f10c
time=2026-05-04T14:18:08.724+05:30 level=INFO msg=request method=POST path=/api/v1/auth/login status=429 duration_ms=0 request_id=a2594bf1-9fa9-4571-a257-09b359e5835c
time=2026-05-04T14:18:10.802+05:30 level=INFO msg=request method=POST path=/api/v1/auth/login status=200 duration_ms=71 request_id=a3d2c74b-b491-495e-900b-d782f645ed8b
time=2026-05-04T14:18:10.813+05:30 level=INFO msg=request method=GET path=/api/v1/competition/leaderboard status=200 duration_ms=3 request_id=50e17c40-83bd-42b5-beff-b826aebff808
time=2026-05-04T14:18:10.824+05:30 level=INFO msg=request method=GET path=/api/v1/competition/leaderboard status=200 duration_ms=3 request_id=61edcfef-3768-410e-943a-7271d46374e5
time=2026-05-04T14:18:10.879+05:30 level=INFO msg=request method=POST path=/api/v1/auth/login status=200 duration_ms=47 request_id=24aa42b1-6f77-4aa5-bd6c-2d05fe05846c
time=2026-05-04T14:18:10.880+05:30 level=INFO msg=request method=GET path=/api/v1/territory/outlets status=429 duration_ms=0 request_id=fc8cfb50-125f-4f1b-9ea5-c8c94244ab4e
time=2026-05-04T14:18:11.123+05:30 level=INFO msg=request method=POST path=/api/v1/auth/login status=429 duration_ms=0 request_id=28fd6a0e-57b1-4b94-901b-a044af6fe81a
time=2026-05-04T14:18:13.203+05:30 level=INFO msg=request method=POST path=/api/v1/auth/login status=200 duration_ms=73 request_id=1200b61d-d171-4ec5-bf8d-553f9afe4a3f
time=2026-05-04T14:18:13.261+05:30 level=INFO msg=request method=POST path=/api/v1/auth/login status=200 duration_ms=49 request_id=7927c2b8-d26d-4166-a228-9c161f7549d2
time=2026-05-04T14:18:13.264+05:30 level=INFO msg=request method=GET path=/api/v1/territory/outlets status=200 duration_ms=1 request_id=b8312f48-763d-4ff8-acb8-958bb8cdb15f
time=2026-05-04T14:18:13.319+05:30 level=INFO msg=request method=POST path=/api/v1/auth/login status=200 duration_ms=48 request_id=26a00c86-7dd6-44c9-b69a-b5a55a303465
time=2026-05-04T14:18:13.320+05:30 level=INFO msg=request method=GET path=/api/v1/territory/outlets status=429 duration_ms=0 request_id=e6cc5f93-815b-4ca5-9c38-4ebc327e9104
time=2026-05-04T14:18:13.548+05:30 level=INFO msg=request method=POST path=/api/v1/auth/login status=429 duration_ms=0 request_id=582e371e-6202-4f09-ae51-90b20a0a59cb
time=2026-05-04T14:18:15.626+05:30 level=INFO msg=request method=POST path=/api/v1/auth/login status=200 duration_ms=71 request_id=3a33c72a-b7c7-4153-900a-904fe7692f57
time=2026-05-04T14:18:15.684+05:30 level=INFO msg=request method=POST path=/api/v1/auth/login status=200 duration_ms=49 request_id=9d5466ba-4ad1-4c85-999b-fe75f857909d
time=2026-05-04T14:18:15.685+05:30 level=INFO msg=request method=GET path=/api/v1/territory/outlets status=403 duration_ms=0 request_id=c3765ab0-d8a7-4427-9fcd-a1c0bfc759bd
time=2026-05-04T14:18:15.692+05:30 level=INFO msg=request method=GET path=/api/v1/admin/users status=200 duration_ms=1 request_id=f751aa99-df70-4c76-a543-0086b5c8ca60
time=2026-05-04T14:18:15.702+05:30 level=INFO msg=request method=GET path=/api/v1/admin/users status=429 duration_ms=0 request_id=f5deeb42-c619-4439-bc7b-7f5a4b5ca2f8
time=2026-05-04T14:18:15.949+05:30 level=INFO msg=request method=POST path=/api/v1/auth/login status=429 duration_ms=0 request_id=3c28cd7c-52fc-4764-b99c-cde2b6f3a131
time=2026-05-04T14:18:18.026+05:30 level=INFO msg=request method=POST path=/api/v1/auth/login status=200 duration_ms=71 request_id=c6a118a9-3c65-41a8-8a06-91f7470898e8
time=2026-05-04T14:18:18.084+05:30 level=INFO msg=request method=POST path=/api/v1/auth/login status=200 duration_ms=49 request_id=f60b71fe-f0eb-4e62-a473-a5bf5e90d877
time=2026-05-04T14:18:18.085+05:30 level=INFO msg=request method=GET path=/api/v1/admin/users status=403 duration_ms=0 request_id=e661b62f-938e-44e4-967f-73b48236835f
time=2026-05-04T14:18:18.095+05:30 level=INFO msg=request method=GET path=/api/v1/competition/c0000000-0001-0001-0001-000000000001/market-share-status status=200 duration_ms=4 request_id=72a699f6-e276-4da3-a5ad-3cb14318cfe3
time=2026-05-04T14:18:18.101+05:30 level=INFO msg=request method=GET path=/health status=429 duration_ms=0 request_id=d36436b9-b434-44ca-a5fb-25c110585a43
time=2026-05-04T14:18:18.869+05:30 level=INFO msg=request method=OPTIONS path=/api/v1/auth/login status=204 duration_ms=0 request_id=784dce00-281c-478b-be66-d8334b1d6f0c
time=2026-05-04T14:18:18.920+05:30 level=INFO msg=request method=POST path=/api/v1/auth/login status=200 duration_ms=50 request_id=3cb538be-994c-4766-b470-5e350abd8132
time=2026-05-04T14:18:22.668+05:30 level=INFO msg=request method=OPTIONS path=/api/v1/auth/login status=204 duration_ms=0 request_id=e009bb29-f687-4ddd-ae81-18e5889e57ae
time=2026-05-04T14:18:22.719+05:30 level=INFO msg=request method=POST path=/api/v1/auth/login status=401 duration_ms=51 request_id=60c4a314-edd4-4e8b-8818-0575bdfb3b91
time=2026-05-04T14:18:25.767+05:30 level=INFO msg=request method=OPTIONS path=/api/v1/auth/login status=204 duration_ms=0 request_id=293d5cc4-94c2-4f64-ab9f-7d750ec4e2f7
time=2026-05-04T14:18:25.818+05:30 level=INFO msg=request method=POST path=/api/v1/auth/login status=401 duration_ms=50 request_id=6ff9588f-42ae-447e-b040-35465d4b27d4
time=2026-05-04T14:18:28.869+05:30 level=INFO msg=request method=OPTIONS path=/api/v1/auth/login status=204 duration_ms=0 request_id=185cf842-9402-4615-9b70-94f782458af6
time=2026-05-04T14:18:28.922+05:30 level=INFO msg=request method=POST path=/api/v1/auth/login status=200 duration_ms=53 request_id=0dc601a4-8763-4fd4-b0ed-8fb3d77b6525
time=2026-05-04T14:18:32.685+05:30 level=INFO msg=request method=OPTIONS path=/api/v1/auth/login status=204 duration_ms=0 request_id=eb495512-e8aa-49a1-bbca-95e199e998d9
time=2026-05-04T14:18:32.738+05:30 level=INFO msg=request method=POST path=/api/v1/auth/login status=200 duration_ms=53 request_id=a054f0bd-76fd-41a0-8d88-127443448753
time=2026-05-04T14:18:38.835+05:30 level=INFO msg=request method=OPTIONS path=/api/v1/auth/login status=204 duration_ms=0 request_id=b31b268c-68d5-4d1d-a031-c029bb009c23
time=2026-05-04T14:18:38.889+05:30 level=INFO msg=request method=POST path=/api/v1/auth/login status=200 duration_ms=53 request_id=2bdd896d-f600-478d-98ae-8d819bec7fa5
time=2026-05-04T14:18:44.267+05:30 level=INFO msg=request method=POST path=/api/v1/auth/login status=200 duration_ms=48 request_id=59ad9de7-83c0-43fd-a493-2f0cad9feaf5
time=2026-05-04T14:18:44.273+05:30 level=INFO msg=request method=GET path=/api/v1/competition/leaderboard status=200 duration_ms=2 request_id=7c9c2396-ce3c-4257-a634-f797f984a423
time=2026-05-04T14:18:44.283+05:30 level=INFO msg=request method=GET path=/api/v1/competition/leaderboard status=200 duration_ms=1 request_id=d3cc22db-dfc3-473b-8787-a8f465072a8c
time=2026-05-04T14:18:45.069+05:30 level=INFO msg=request method=OPTIONS path=/api/v1/auth/login status=204 duration_ms=0 request_id=761719d0-3f4a-4292-aa66-344341515c3b
time=2026-05-04T14:18:45.121+05:30 level=INFO msg=request method=POST path=/api/v1/auth/login status=200 duration_ms=52 request_id=3b1e9ba6-284c-49de-b268-ff11f8cdf0ab
time=2026-05-04T14:18:48.119+05:30 level=INFO msg=request method=OPTIONS path=/api/v1/outlets/112847 status=204 duration_ms=0 request_id=d0aab5cb-c283-48d4-88ac-9dc4e8b38276
time=2026-05-04T14:18:48.119+05:30 level=INFO msg=request method=OPTIONS path=/api/v1/outlets/112847/performance status=204 duration_ms=0 request_id=014fa847-4025-4584-95d8-13f68b4973ed
time=2026-05-04T14:18:48.121+05:30 level=INFO msg=request method=GET path=/api/v1/outlets/112847/performance status=200 duration_ms=1 request_id=26f79b6a-7e67-448f-87bc-ebead4540d5d
time=2026-05-04T14:18:48.122+05:30 level=INFO msg=request method=GET path=/api/v1/outlets/112847 status=200 duration_ms=2 request_id=deab1bba-08e5-4da6-b3fc-18023c6583ce
time=2026-05-04T14:18:48.132+05:30 level=INFO msg=request method=OPTIONS path=/api/v1/outlets/112847/targets status=204 duration_ms=0 request_id=c8ec601e-9477-46b7-b5c4-fcd449a74853
time=2026-05-04T14:18:48.134+05:30 level=INFO msg=request method=GET path=/api/v1/outlets/112847/targets status=200 duration_ms=1 request_id=b7590a17-17d9-49e0-a18f-9c280756edab
time=2026-05-04T14:18:48.135+05:30 level=INFO msg=request method=OPTIONS path=/api/v1/outlets/112847/analysis status=204 duration_ms=0 request_id=22de0c15-f4b9-4b7c-9f67-ea6287fd5001
time=2026-05-04T14:18:48.135+05:30 level=INFO msg=request method=OPTIONS path=/api/v1/competition/leaderboard status=204 duration_ms=0 request_id=a9f9d8b9-e6b3-464c-b841-d4d4f737dc53
time=2026-05-04T14:18:48.136+05:30 level=INFO msg=request method=OPTIONS path=/api/v1/competition/c0000000-0001-0001-0001-000000000001/market-share-status status=204 duration_ms=0 request_id=19651ee5-f61e-4b3d-9b12-d0549504b151
time=2026-05-04T14:18:48.137+05:30 level=INFO msg=request method=GET path=/api/v1/outlets/112847/analysis status=200 duration_ms=1 request_id=78d9e662-25e5-40b3-8a11-243328cffba2
time=2026-05-04T14:18:48.138+05:30 level=INFO msg=request method=GET path=/api/v1/competition/leaderboard status=200 duration_ms=2 request_id=fc9f2318-72c5-40c3-8a01-a0266e70d3bc
time=2026-05-04T14:18:48.139+05:30 level=INFO msg=request method=GET path=/api/v1/competition/c0000000-0001-0001-0001-000000000001/market-share-status status=200 duration_ms=2 request_id=f500aeaf-6196-4201-b556-695a205ae27d
time=2026-05-04T14:18:51.901+05:30 level=INFO msg=request method=OPTIONS path=/api/v1/auth/login status=204 duration_ms=0 request_id=46c45b4f-576c-471a-95b5-96862ad34423
time=2026-05-04T14:18:51.958+05:30 level=INFO msg=request method=POST path=/api/v1/auth/login status=200 duration_ms=55 request_id=1f1e4f79-732b-4818-882e-057366b6d89c
time=2026-05-04T14:18:54.952+05:30 level=INFO msg=request method=OPTIONS path=/api/v1/outlets/112847 status=204 duration_ms=0 request_id=08d7146b-7091-4b14-91f0-8703cfaabfa0
time=2026-05-04T14:18:54.952+05:30 level=INFO msg=request method=OPTIONS path=/api/v1/outlets/112847/performance status=204 duration_ms=0 request_id=f343ed33-4e4d-4fa7-86d3-70a803d31ec5
time=2026-05-04T14:18:54.955+05:30 level=INFO msg=request method=GET path=/api/v1/outlets/112847/performance status=200 duration_ms=1 request_id=7fab1405-9f31-4355-a75e-b9de62f45608
time=2026-05-04T14:18:54.955+05:30 level=INFO msg=request method=GET path=/api/v1/outlets/112847 status=200 duration_ms=2 request_id=e47637e9-de83-4a76-9299-3896dd31ade3
time=2026-05-04T14:18:54.966+05:30 level=INFO msg=request method=OPTIONS path=/api/v1/outlets/112847/targets status=204 duration_ms=0 request_id=0ab3ecd3-866f-4ed5-8c94-f88bde6998dd
time=2026-05-04T14:18:54.968+05:30 level=INFO msg=request method=GET path=/api/v1/outlets/112847/targets status=200 duration_ms=1 request_id=2d75bd04-b4d1-45fb-b2d7-0946bf43de3f
time=2026-05-04T14:18:54.969+05:30 level=INFO msg=request method=OPTIONS path=/api/v1/outlets/112847/analysis status=204 duration_ms=0 request_id=13becab8-dc2d-42ed-a72c-028354199f69
time=2026-05-04T14:18:54.969+05:30 level=INFO msg=request method=OPTIONS path=/api/v1/competition/leaderboard status=204 duration_ms=0 request_id=4032457c-ab4b-4e4b-a371-d7806403e04e
time=2026-05-04T14:18:54.969+05:30 level=INFO msg=request method=OPTIONS path=/api/v1/competition/c0000000-0001-0001-0001-000000000001/market-share-status status=204 duration_ms=0 request_id=a243efe8-5627-4bf2-866f-948b69154fc3
time=2026-05-04T14:18:54.971+05:30 level=INFO msg=request method=GET path=/api/v1/outlets/112847/analysis status=200 duration_ms=1 request_id=81a6b0e6-8f28-4226-b38c-0ecd50b02f59
time=2026-05-04T14:18:54.971+05:30 level=INFO msg=request method=GET path=/api/v1/competition/leaderboard status=200 duration_ms=2 request_id=500b0157-5937-4911-8038-2d29c9e060e3
time=2026-05-04T14:18:54.972+05:30 level=INFO msg=request method=GET path=/api/v1/competition/c0000000-0001-0001-0001-000000000001/market-share-status status=200 duration_ms=2 request_id=094847a4-bd00-462d-a210-c431b3dc8a2f
time=2026-05-04T14:18:58.768+05:30 level=INFO msg=request method=OPTIONS path=/api/v1/auth/login status=204 duration_ms=0 request_id=306e583a-a42a-4795-aa62-7f1c82559ea5
time=2026-05-04T14:18:58.823+05:30 level=INFO msg=request method=POST path=/api/v1/auth/login status=200 duration_ms=54 request_id=fa9bd530-00a8-431d-81aa-cc7942e85d29
time=2026-05-04T14:19:01.818+05:30 level=INFO msg=request method=OPTIONS path=/api/v1/outlets/112847 status=204 duration_ms=0 request_id=755499f5-fc33-4ed9-b709-bd37555efa94
time=2026-05-04T14:19:01.818+05:30 level=INFO msg=request method=OPTIONS path=/api/v1/outlets/112847/performance status=204 duration_ms=0 request_id=ff4b8a6a-d98b-4f46-b87b-aa62afc6ac62
time=2026-05-04T14:19:01.820+05:30 level=INFO msg=request method=GET path=/api/v1/outlets/112847/performance status=200 duration_ms=1 request_id=b332bd37-ecfd-4454-8440-f7f8354744f7
time=2026-05-04T14:19:01.821+05:30 level=INFO msg=request method=GET path=/api/v1/outlets/112847 status=200 duration_ms=1 request_id=0148b0fd-3c04-4403-95ce-8f0724817286
time=2026-05-04T14:19:01.832+05:30 level=INFO msg=request method=OPTIONS path=/api/v1/outlets/112847/targets status=204 duration_ms=0 request_id=d5c6725e-c668-420b-9c94-abafd2805416
time=2026-05-04T14:19:01.833+05:30 level=INFO msg=request method=GET path=/api/v1/outlets/112847/targets status=200 duration_ms=0 request_id=b61c62e5-5876-4db2-9666-c5c5755c4c25
time=2026-05-04T14:19:01.834+05:30 level=INFO msg=request method=OPTIONS path=/api/v1/outlets/112847/analysis status=204 duration_ms=0 request_id=59082e04-84a7-446d-924f-66709de9fa3f
time=2026-05-04T14:19:01.835+05:30 level=INFO msg=request method=OPTIONS path=/api/v1/competition/leaderboard status=204 duration_ms=0 request_id=79d83f22-4029-426c-b738-998b5e9c2960
time=2026-05-04T14:19:01.835+05:30 level=INFO msg=request method=OPTIONS path=/api/v1/competition/c0000000-0001-0001-0001-000000000001/market-share-status status=204 duration_ms=0 request_id=af0eac2a-064d-4bec-83f9-1481f68bc487
time=2026-05-04T14:19:01.836+05:30 level=INFO msg=request method=GET path=/api/v1/outlets/112847/analysis status=200 duration_ms=1 request_id=580b633f-8509-40b2-a6e4-9270df6bf50a
time=2026-05-04T14:19:01.838+05:30 level=INFO msg=request method=GET path=/api/v1/competition/c0000000-0001-0001-0001-000000000001/market-share-status status=200 duration_ms=2 request_id=fc2aa2ec-8b3c-4093-90c5-1ec961d54828
time=2026-05-04T14:19:01.838+05:30 level=INFO msg=request method=GET path=/api/v1/competition/leaderboard status=200 duration_ms=3 request_id=693093e4-6d49-4a2f-af1a-ef7e09d7dc4c
time=2026-05-04T14:19:05.652+05:30 level=INFO msg=request method=OPTIONS path=/api/v1/auth/login status=204 duration_ms=0 request_id=a1bc2e46-d7fb-4cf7-af36-4750fd0213b7
time=2026-05-04T14:19:05.706+05:30 level=INFO msg=request method=POST path=/api/v1/auth/login status=200 duration_ms=54 request_id=d8a8a352-6141-4819-b46d-2300b298a5c8
time=2026-05-04T14:19:08.702+05:30 level=INFO msg=request method=OPTIONS path=/api/v1/outlets/999999 status=204 duration_ms=0 request_id=86c59a38-3cf9-42b4-aebb-58f1d4f2329e
time=2026-05-04T14:19:08.702+05:30 level=INFO msg=request method=OPTIONS path=/api/v1/outlets/999999/performance status=204 duration_ms=0 request_id=38a34d42-737b-4077-9f6e-d97fc09f23fd
time=2026-05-04T14:19:08.703+05:30 level=INFO msg=request method=GET path=/api/v1/outlets/999999 status=404 duration_ms=1 request_id=63e8bc96-f00d-4990-8053-56119157872c
time=2026-05-04T14:19:08.703+05:30 level=INFO msg=request method=GET path=/api/v1/outlets/999999/performance status=404 duration_ms=0 request_id=fb6797ca-45d6-424a-8a4c-b4ab54822339
time=2026-05-04T14:19:10.839+05:30 level=INFO msg=request method=POST path=/api/v1/auth/login status=200 duration_ms=49 request_id=88a96a77-6ff3-4425-b544-fac29c8522f5
time=2026-05-04T14:19:10.846+05:30 level=INFO msg=request method=GET path=/api/v1/territory/outlets status=200 duration_ms=4 request_id=3116bc9a-eb50-4f9f-8e97-3d37dee85315
time=2026-05-04T14:19:10.898+05:30 level=INFO msg=request method=POST path=/api/v1/auth/login status=200 duration_ms=47 request_id=5b083f74-ba29-486a-94be-2f459074f954
time=2026-05-04T14:19:10.899+05:30 level=INFO msg=request method=GET path=/api/v1/territory/outlets status=403 duration_ms=0 request_id=4b7d2210-c71a-40ff-9d42-dd887287dcd6
time=2026-05-04T14:19:10.916+05:30 level=INFO msg=request method=GET path=/api/v1/territory/outlets status=200 duration_ms=12 request_id=fbbd4d8c-8ffd-42ed-8df8-2fbf9581c9f0
time=2026-05-04T14:19:10.926+05:30 level=INFO msg=request method=GET path=/api/v1/admin/users status=200 duration_ms=2 request_id=39079952-ad56-49ac-87c0-fe1158e83ea1
time=2026-05-04T14:19:10.977+05:30 level=INFO msg=request method=POST path=/api/v1/admin/users status=500 duration_ms=46 request_id=bae013c8-8ede-424b-9985-70833e108975
time=2026-05-04T14:19:10.984+05:30 level=INFO msg=request method=GET path=/api/v1/admin/users status=200 duration_ms=1 request_id=ec56d184-28be-4e9f-b0e2-08934fb4ea5e
time=2026-05-04T14:19:10.986+05:30 level=INFO msg=request method=PUT path=/api/v1/admin/users/e6f57628-9453-40d1-8357-1298ab802300 status=500 duration_ms=1 request_id=58cc283b-3f0c-46a9-801a-05f6b747b145
time=2026-05-04T14:19:11.269+05:30 level=INFO msg=request method=POST path=/api/v1/auth/login status=200 duration_ms=48 request_id=cba27f77-b6e7-49cb-a759-f5dbbc06dc00
time=2026-05-04T14:19:11.324+05:30 level=INFO msg=request method=POST path=/api/v1/admin/users status=500 duration_ms=46 request_id=4e1dd3c2-fbce-457a-8c76-84eb458910f5
time=2026-05-04T14:19:11.332+05:30 level=INFO msg=request method=GET path=/api/v1/admin/users status=429 duration_ms=0 request_id=d73aec5b-fc0e-4dbf-8ce3-2d9b113dcbc1
time=2026-05-04T14:19:11.619+05:30 level=INFO msg=request method=POST path=/api/v1/auth/login status=200 duration_ms=48 request_id=7a0c9c45-b966-4db5-b139-fc6980473bc3
time=2026-05-04T14:19:11.628+05:30 level=INFO msg=request method=POST path=/api/v1/auth/login status=429 duration_ms=0 request_id=0a89cbf8-c341-4346-9242-62c737e56163
time=2026-05-04T14:19:11.632+05:30 level=INFO msg=request method=GET path=/api/v1/admin/users status=429 duration_ms=0 request_id=79c9ca18-3ee6-4d39-a195-144932f5056c
time=2026-05-04T14:19:11.640+05:30 level=INFO msg=request method=GET path=/api/v1/competition/c0000000-0001-0001-0001-000000000001/market-share-status status=429 duration_ms=0 request_id=308a75a0-bde5-44df-8052-3170930707e6
time=2026-05-04T14:19:11.874+05:30 level=INFO msg=request method=POST path=/api/v1/auth/login status=429 duration_ms=0 request_id=15481acc-ba52-4261-9eda-440b90d42b22
time=2026-05-04T14:19:13.950+05:30 level=INFO msg=request method=POST path=/api/v1/auth/login status=200 duration_ms=69 request_id=bcef50cf-b84b-4894-8c03-b2e06e3880e1
time=2026-05-04T14:19:13.955+05:30 level=INFO msg=request method=GET path=/api/v1/competition/c0000000-0001-0001-0001-000000000001/market-share-status status=200 duration_ms=3 request_id=27173cf9-7cb4-41e7-af7d-72f202af8b54
time=2026-05-04T14:19:13.966+05:30 level=INFO msg=request method=GET path=/api/v1/competition/leaderboard status=200 duration_ms=2 request_id=5a0617b9-5033-4f0e-b9f6-4b833f55176e
time=2026-05-04T14:19:13.973+05:30 level=INFO msg=request method=GET path=/api/v1/competition/leaderboard status=200 duration_ms=2 request_id=dfe7e504-e061-483a-8f04-73eec4995335
time=2026-05-04T14:19:14.768+05:30 level=INFO msg=request method=OPTIONS path=/api/v1/auth/login status=204 duration_ms=0 request_id=1878e9ca-f8d3-44bd-a0bb-5413b7025150
time=2026-05-04T14:19:14.822+05:30 level=INFO msg=request method=POST path=/api/v1/auth/login status=200 duration_ms=53 request_id=85edad32-3e27-4028-9494-176449976b90
time=2026-05-04T14:19:17.819+05:30 level=INFO msg=request method=OPTIONS path=/api/v1/outlets/112847 status=204 duration_ms=0 request_id=94e0d34c-ccb0-4053-933a-0fcc60c6b21a
time=2026-05-04T14:19:17.819+05:30 level=INFO msg=request method=OPTIONS path=/api/v1/outlets/112847/performance status=204 duration_ms=0 request_id=cfeff337-52a1-4deb-aa8c-d3e11bb02af5
time=2026-05-04T14:19:17.822+05:30 level=INFO msg=request method=GET path=/api/v1/outlets/112847/performance status=200 duration_ms=1 request_id=66397c16-a618-4e60-b318-4d3e03d413e4
time=2026-05-04T14:19:17.822+05:30 level=INFO msg=request method=GET path=/api/v1/outlets/112847 status=200 duration_ms=1 request_id=53442528-d1d5-482a-adf5-cf8cd83be2cb
time=2026-05-04T14:19:17.832+05:30 level=INFO msg=request method=OPTIONS path=/api/v1/outlets/112847/targets status=204 duration_ms=0 request_id=506c54d0-f179-42e1-8682-a8d3f216b843
time=2026-05-04T14:19:17.833+05:30 level=INFO msg=request method=GET path=/api/v1/outlets/112847/targets status=200 duration_ms=1 request_id=7563d7b9-56bc-48be-9af0-6ecbc1c7bdd6
time=2026-05-04T14:19:17.834+05:30 level=INFO msg=request method=OPTIONS path=/api/v1/outlets/112847/analysis status=204 duration_ms=0 request_id=0f93dc5b-d755-4792-ac6b-704b6357f31f
time=2026-05-04T14:19:17.834+05:30 level=INFO msg=request method=OPTIONS path=/api/v1/competition/leaderboard status=204 duration_ms=0 request_id=e0df62ce-826a-4f1a-87f9-39dea1f39b38
time=2026-05-04T14:19:17.835+05:30 level=INFO msg=request method=OPTIONS path=/api/v1/competition/c0000000-0001-0001-0001-000000000001/market-share-status status=204 duration_ms=0 request_id=33df36fc-36fc-4937-b4b4-38724d9f6ef5
time=2026-05-04T14:19:17.835+05:30 level=INFO msg=request method=GET path=/api/v1/competition/c0000000-0001-0001-0001-000000000001/market-share-status status=429 duration_ms=0 request_id=cb9830bd-01a5-4313-bff4-105ca02c0a6e
time=2026-05-04T14:19:17.836+05:30 level=INFO msg=request method=GET path=/api/v1/outlets/112847/analysis status=200 duration_ms=1 request_id=535e2576-d4b8-469a-87fb-ec7bff2bd3e8
time=2026-05-04T14:19:17.837+05:30 level=INFO msg=request method=GET path=/api/v1/competition/leaderboard status=200 duration_ms=2 request_id=2f0f8bf1-d812-45d4-bc11-51e04dec9334
time=2026-05-04T14:19:20.585+05:30 level=INFO msg=request method=OPTIONS path=/api/v1/auth/login status=204 duration_ms=0 request_id=72eb9f00-9974-4a3d-bac1-db1c20ef4ccb
time=2026-05-04T14:19:20.639+05:30 level=INFO msg=request method=POST path=/api/v1/auth/login status=200 duration_ms=54 request_id=50973ee6-3d7a-4db2-9527-48b592d24129
time=2026-05-04T14:19:23.635+05:30 level=INFO msg=request method=OPTIONS path=/api/v1/outlets/112847 status=204 duration_ms=0 request_id=8d4aafc9-fab8-48fc-835e-c4c4b0822d27
time=2026-05-04T14:19:23.635+05:30 level=INFO msg=request method=OPTIONS path=/api/v1/outlets/112847/performance status=204 duration_ms=0 request_id=c791d9f2-ec9c-42a0-8ac9-a285ec1db864
time=2026-05-04T14:19:23.638+05:30 level=INFO msg=request method=GET path=/api/v1/outlets/112847/performance status=200 duration_ms=1 request_id=a13b24ce-4eb7-4aa3-b63b-31dbea277886
time=2026-05-04T14:19:23.638+05:30 level=INFO msg=request method=GET path=/api/v1/outlets/112847 status=200 duration_ms=1 request_id=d7b293f3-fab2-41ce-92ad-6a13c7929c0d
time=2026-05-04T14:19:23.649+05:30 level=INFO msg=request method=OPTIONS path=/api/v1/outlets/112847/targets status=204 duration_ms=0 request_id=97bca685-4484-4dea-81b9-80756d50462f
time=2026-05-04T14:19:23.651+05:30 level=INFO msg=request method=GET path=/api/v1/outlets/112847/targets status=200 duration_ms=1 request_id=2bfe1ad4-c570-4642-9116-b69ee5270cdd
time=2026-05-04T14:19:23.652+05:30 level=INFO msg=request method=OPTIONS path=/api/v1/outlets/112847/analysis status=204 duration_ms=0 request_id=477476f0-e462-4334-aeda-6b3da73f2380
time=2026-05-04T14:19:23.652+05:30 level=INFO msg=request method=OPTIONS path=/api/v1/competition/leaderboard status=204 duration_ms=0 request_id=541f2dd9-a358-47a1-98a1-d13ffe9ff1f9
time=2026-05-04T14:19:23.652+05:30 level=INFO msg=request method=OPTIONS path=/api/v1/competition/c0000000-0001-0001-0001-000000000001/market-share-status status=204 duration_ms=0 request_id=fb59ea54-498c-4b69-af92-60fca6798d09
time=2026-05-04T14:19:23.654+05:30 level=INFO msg=request method=GET path=/api/v1/outlets/112847/analysis status=200 duration_ms=1 request_id=ccdb9fff-6e57-4eb7-b890-26dce0b99836
time=2026-05-04T14:19:23.654+05:30 level=INFO msg=request method=GET path=/api/v1/competition/leaderboard status=200 duration_ms=1 request_id=00940642-2270-4f57-9f42-51d946cbc734
time=2026-05-04T14:19:23.655+05:30 level=INFO msg=request method=GET path=/api/v1/competition/c0000000-0001-0001-0001-000000000001/market-share-status status=200 duration_ms=2 request_id=bf20810a-e533-4a67-a335-5aa79bfe6ce9
time=2026-05-04T14:19:27.451+05:30 level=INFO msg=request method=OPTIONS path=/api/v1/auth/login status=204 duration_ms=0 request_id=6dfe4f42-0fad-4f2a-8c47-5f0c536702a8
time=2026-05-04T14:19:27.504+05:30 level=INFO msg=request method=POST path=/api/v1/auth/login status=200 duration_ms=51 request_id=6d9d4f8d-a64d-4b78-a01e-33e672a20d90
time=2026-05-04T14:19:32.609+05:30 level=INFO msg=request method=POST path=/api/v1/auth/login status=401 duration_ms=1 request_id=757508e5-1958-4da1-9a0a-a740ce04a304
time=2026-05-04T14:19:32.614+05:30 level=INFO msg=request method=POST path=/api/v1/auth/login status=401 duration_ms=0 request_id=7ac4e1c0-a541-4d8a-bc2e-23cc28159e60
time=2026-05-04T14:19:33.846+05:30 level=INFO msg=request method=GET path=/api/v1/auth/me status=401 duration_ms=0 request_id=fe910648-0ce5-4484-a04e-2e487d34f1c8
time=2026-05-04T14:19:33.850+05:30 level=INFO msg=request method=GET path=/api/v1/outlets/112847 status=401 duration_ms=0 request_id=89499953-a0df-4443-809f-a64396cb7a8b
time=2026-05-04T14:19:33.904+05:30 level=INFO msg=request method=POST path=/api/v1/auth/login status=200 duration_ms=49 request_id=3a766783-1eaa-4e4e-bce4-24d2e2ae6d56
time=2026-05-04T14:19:33.909+05:30 level=INFO msg=request method=GET path=/health status=200 duration_ms=0 request_id=2f29e26c-7f60-4926-b810-bfc7c67f2d55
time=2026-05-04T20:53:42.838+05:30 level=INFO msg=request method=OPTIONS path=/api/v1/auth/login status=204 duration_ms=0 request_id=c8015d5b-0e80-4caf-9bfa-d9bb4e3e2ea7
time=2026-05-04T20:53:50.999+05:30 level=INFO msg=request method=OPTIONS path=/api/v1/auth/login status=204 duration_ms=0 request_id=b478d690-d5f5-4f3f-8ebd-c3a1366a4cc2
time=2026-05-04T20:54:19.848+05:30 level=INFO msg=request method=OPTIONS path=/api/v1/auth/login status=204 duration_ms=0 request_id=a1b9d317-fdc9-4aec-9993-5992f1623c07
time=2026-05-04T20:55:56.555+05:30 level=INFO msg="shutting down"
